# phpMyAdmin SQL Dump
# version 4.0.10.12
# http://www.phpmyadmin.net
#
# Host: 127.9.127.2:3306
# Generation Time: Sep 29, 2017 at 11:03 AM
# Server version: 5.5.52
# PHP Version: 5.3.3

SET SQL_MODE = 'NO_AUTO_VALUE_ON_ZERO';
SET time_zone = "+00:00";


/*!40101 SET @OLD_CHARACTER_SET_CLIENT=@@CHARACTER_SET_CLIENT */;
/*!40101 SET @OLD_CHARACTER_SET_RESULTS=@@CHARACTER_SET_RESULTS */;
/*!40101 SET @OLD_COLLATION_CONNECTION=@@COLLATION_CONNECTION */;
/*!40101 SET NAMES utf8 */;

#
# Database: `dietmanager`
#

# ############################

#
# Table structure for table `bmi_percentile_data`
#

DROP TABLE IF EXISTS `bmi_percentile_data`;
CREATE TABLE IF NOT EXISTS `bmi_percentile_data` (
  `id` int(11) NOT NULL AUTO_INCREMENT,
  `created_date_time` timestamp NOT NULL DEFAULT CURRENT_TIMESTAMP,
  `last_modified_date_time` timestamp NOT NULL DEFAULT '0000-00-00 00:00:00',
  `fk_health_reference_data_id` int(11) DEFAULT NULL,
  `month` int(11) DEFAULT NULL,
  `p25` decimal(6,3) DEFAULT NULL,
  `p50` decimal(6,3) DEFAULT NULL,
  `p75` decimal(6,3) DEFAULT NULL,
  PRIMARY KEY (`id`),
  KEY `fk_health_reference_data_id` (`fk_health_reference_data_id`)
) ENGINE=InnoDB  DEFAULT CHARSET=utf8 AUTO_INCREMENT=170 ;

#
# Dumping data for table `bmi_percentile_data`
#

INSERT INTO `bmi_percentile_data` (`id`, `created_date_time`, `last_modified_date_time`, `fk_health_reference_data_id`, `month`, `p25`, `p50`, `p75`) VALUES
(1, '2016-10-28 21:33:25', '2016-10-28 21:33:25', 1, 61, '14.306', '15.244', '16.306'),
(2, '2016-10-28 21:33:25', '2016-10-28 21:33:25', 1, 62, '14.301', '15.243', '16.311'),
(3, '2016-10-28 21:33:25', '2016-10-28 21:33:25', 1, 63, '14.298', '15.243', '16.317'),
(4, '2016-10-28 21:33:25', '2016-10-28 21:33:25', 1, 64, '14.294', '15.244', '16.324'),
(5, '2016-10-28 21:33:25', '2016-10-28 21:33:25', 1, 65, '14.292', '15.245', '16.331'),
(6, '2016-10-28 21:33:25', '2016-10-28 21:33:25', 1, 66, '14.290', '15.246', '16.339'),
(7, '2016-10-28 21:33:25', '2016-10-28 21:33:25', 1, 67, '14.288', '15.249', '16.347'),
(8, '2016-10-28 21:33:25', '2016-10-28 21:33:25', 1, 68, '14.287', '15.252', '16.357'),
(9, '2016-10-28 21:33:25', '2016-10-28 21:33:25', 1, 69, '14.287', '15.255', '16.367'),
(10, '2016-10-28 21:33:25', '2016-10-28 21:33:25', 1, 70, '14.287', '15.259', '16.377'),
(11, '2016-10-28 21:33:25', '2016-10-28 21:33:25', 1, 71, '14.288', '15.264', '16.388'),
(12, '2016-10-28 21:33:25', '2016-10-28 21:33:25', 1, 72, '14.290', '15.270', '16.401'),
(13, '2016-10-28 21:33:25', '2016-10-28 21:33:25', 1, 73, '14.292', '15.276', '16.414'),
(14, '2016-10-28 21:33:25', '2016-10-28 21:33:25', 1, 74, '14.295', '15.283', '16.427'),
(15, '2016-10-28 21:33:25', '2016-10-28 21:33:25', 1, 75, '14.299', '15.291', '16.442'),
(16, '2016-10-28 21:33:25', '2016-10-28 21:33:25', 1, 76, '14.303', '15.300', '16.458'),
(17, '2016-10-28 21:33:25', '2016-10-28 21:33:25', 1, 77, '14.309', '15.310', '16.475'),
(18, '2016-10-28 21:33:25', '2016-10-28 21:33:25', 1, 78, '14.315', '15.320', '16.492'),
(19, '2016-10-28 21:33:25', '2016-10-28 21:33:25', 1, 79, '14.322', '15.331', '16.511'),
(20, '2016-10-28 21:33:25', '2016-10-28 21:33:25', 1, 80, '14.330', '15.344', '16.530'),
(21, '2016-10-28 21:33:25', '2016-10-28 21:33:25', 1, 81, '14.339', '15.357', '16.551'),
(22, '2016-10-28 21:33:25', '2016-10-28 21:33:25', 1, 82, '14.349', '15.372', '16.573'),
(23, '2016-10-28 21:33:25', '2016-10-28 21:33:25', 1, 83, '14.360', '15.387', '16.596'),
(24, '2016-10-28 21:33:25', '2016-10-28 21:33:25', 1, 84, '14.371', '15.404', '16.620'),
(25, '2016-10-28 21:33:25', '2016-10-28 21:33:25', 1, 85, '14.384', '15.421', '16.645'),
(26, '2016-10-28 21:33:25', '2016-10-28 21:33:25', 1, 86, '14.398', '15.440', '16.671'),
(27, '2016-10-28 21:33:25', '2016-10-28 21:33:25', 1, 87, '14.412', '15.459', '16.699'),
(28, '2016-10-28 21:33:25', '2016-10-28 21:33:25', 1, 88, '14.428', '15.480', '16.727'),
(29, '2016-10-28 21:33:25', '2016-10-28 21:33:25', 1, 89, '14.444', '15.501', '16.757'),
(30, '2016-10-28 21:33:25', '2016-10-28 21:33:25', 1, 90, '14.462', '15.524', '16.788'),
(31, '2016-10-28 21:33:25', '2016-10-28 21:33:25', 1, 91, '14.480', '15.548', '16.819'),
(32, '2016-10-28 21:33:25', '2016-10-28 21:33:25', 1, 92, '14.499', '15.572', '16.852'),
(33, '2016-10-28 21:33:25', '2016-10-28 21:33:25', 1, 93, '14.520', '15.598', '16.887'),
(34, '2016-10-28 21:33:25', '2016-10-28 21:33:25', 1, 94, '14.541', '15.625', '16.922'),
(35, '2016-10-28 21:33:25', '2016-10-28 21:33:25', 1, 95, '14.563', '15.652', '16.958'),
(36, '2016-10-28 21:33:25', '2016-10-28 21:33:25', 1, 96, '14.586', '15.681', '16.995'),
(37, '2016-10-28 21:33:25', '2016-10-28 21:33:25', 1, 97, '14.610', '15.711', '17.034'),
(38, '2016-10-28 21:33:25', '2016-10-28 21:33:25', 1, 98, '14.635', '15.742', '17.073'),
(39, '2016-10-28 21:33:25', '2016-10-28 21:33:25', 1, 99, '14.661', '15.773', '17.114'),
(40, '2016-10-28 21:33:25', '2016-10-28 21:33:25', 1, 100, '14.687', '15.806', '17.156'),
(41, '2016-10-28 21:33:25', '2016-10-28 21:33:25', 1, 101, '14.715', '15.839', '17.198'),
(42, '2016-10-28 21:33:25', '2016-10-28 21:33:25', 1, 102, '14.743', '15.874', '17.242'),
(43, '2016-10-28 21:33:25', '2016-10-28 21:33:25', 1, 103, '14.772', '15.909', '17.286'),
(44, '2016-10-28 21:33:25', '2016-10-28 21:33:25', 1, 104, '14.802', '15.945', '17.331'),
(45, '2016-10-28 21:33:25', '2016-10-28 21:33:25', 1, 105, '14.832', '15.982', '17.377'),
(46, '2016-10-28 21:33:25', '2016-10-28 21:33:25', 1, 106, '14.864', '16.019', '17.424'),
(47, '2016-10-28 21:33:25', '2016-10-28 21:33:25', 1, 107, '14.895', '16.058', '17.472'),
(48, '2016-10-28 21:33:25', '2016-10-28 21:33:25', 1, 108, '14.928', '16.096', '17.520'),
(49, '2016-10-28 21:33:25', '2016-10-28 21:33:25', 1, 109, '14.960', '16.136', '17.569'),
(50, '2016-10-28 21:33:25', '2016-10-28 21:33:25', 1, 110, '14.994', '16.176', '17.618'),
(51, '2016-10-28 21:33:25', '2016-10-28 21:33:25', 1, 111, '15.028', '16.217', '17.669'),
(52, '2016-10-28 21:33:25', '2016-10-28 21:33:25', 1, 112, '15.063', '16.258', '17.720'),
(53, '2016-10-28 21:33:25', '2016-10-28 21:33:25', 1, 113, '15.098', '16.300', '17.771'),
(54, '2016-10-28 21:33:25', '2016-10-28 21:33:25', 1, 114, '15.134', '16.343', '17.823'),
(55, '2016-10-28 21:33:25', '2016-10-28 21:33:25', 1, 115, '15.170', '16.386', '17.876'),
(56, '2016-10-28 21:33:25', '2016-10-28 21:33:25', 1, 116, '15.207', '16.430', '17.930'),
(57, '2016-10-28 21:33:25', '2016-10-28 21:33:25', 1, 117, '15.245', '16.475', '17.984'),
(58, '2016-10-28 21:33:25', '2016-10-28 21:33:25', 1, 118, '15.283', '16.520', '18.039'),
(59, '2016-10-28 21:33:25', '2016-10-28 21:33:25', 1, 119, '15.323', '16.566', '18.096'),
(60, '2016-10-28 21:33:25', '2016-10-28 21:33:25', 1, 120, '15.362', '16.613', '18.152'),
(61, '2016-10-28 21:33:25', '2016-10-28 21:33:25', 1, 121, '15.403', '16.661', '18.210'),
(62, '2016-10-28 21:33:25', '2016-10-28 21:33:25', 1, 122, '15.445', '16.710', '18.269'),
(63, '2016-10-28 21:33:25', '2016-10-28 21:33:25', 1, 123, '15.487', '16.760', '18.328'),
(64, '2016-10-28 21:33:25', '2016-10-28 21:33:25', 1, 124, '15.530', '16.810', '18.389'),
(65, '2016-10-28 21:33:25', '2016-10-28 21:33:25', 1, 125, '15.574', '16.861', '18.450'),
(66, '2016-10-28 21:33:25', '2016-10-28 21:33:25', 1, 126, '15.619', '16.914', '18.512'),
(67, '2016-10-28 21:33:25', '2016-10-28 21:33:25', 1, 127, '15.664', '16.967', '18.575'),
(68, '2016-10-28 21:33:25', '2016-10-28 21:33:25', 1, 128, '15.710', '17.021', '18.640'),
(69, '2016-10-28 21:33:25', '2016-10-28 21:33:25', 1, 129, '15.758', '17.076', '18.705'),
(70, '2016-10-28 21:33:25', '2016-10-28 21:33:25', 1, 130, '15.806', '17.132', '18.771'),
(71, '2016-10-28 21:33:25', '2016-10-28 21:33:25', 1, 131, '15.854', '17.188', '18.838'),
(72, '2016-10-28 21:33:25', '2016-10-28 21:33:25', 1, 132, '15.904', '17.246', '18.906'),
(73, '2016-10-28 21:33:25', '2016-10-28 21:33:25', 1, 133, '15.955', '17.304', '18.974'),
(74, '2016-10-28 21:33:25', '2016-10-28 21:33:25', 1, 134, '16.006', '17.364', '19.044'),
(75, '2016-10-28 21:33:25', '2016-10-28 21:33:25', 1, 135, '16.058', '17.424', '19.114'),
(76, '2016-10-28 21:33:25', '2016-10-28 21:33:25', 1, 136, '16.110', '17.485', '19.186'),
(77, '2016-10-28 21:33:25', '2016-10-28 21:33:25', 1, 137, '16.164', '17.546', '19.258'),
(78, '2016-10-28 21:33:25', '2016-10-28 21:33:25', 1, 138, '16.218', '17.609', '19.331'),
(79, '2016-10-28 21:33:25', '2016-10-28 21:33:25', 1, 139, '16.273', '17.672', '19.404'),
(80, '2016-10-28 21:33:25', '2016-10-28 21:33:25', 1, 140, '16.328', '17.736', '19.478'),
(81, '2016-10-28 21:33:25', '2016-10-28 21:33:25', 1, 141, '16.384', '17.800', '19.553'),
(82, '2016-10-28 21:33:25', '2016-10-28 21:33:25', 1, 142, '16.441', '17.865', '19.629'),
(83, '2016-10-28 21:33:25', '2016-10-28 21:33:25', 1, 143, '16.498', '17.931', '19.705'),
(84, '2016-10-28 21:33:25', '2016-10-28 21:33:25', 1, 144, '16.555', '17.997', '19.781'),
(85, '2016-10-28 21:33:25', '2016-10-28 21:33:25', 1, 145, '16.613', '18.063', '19.858'),
(86, '2016-10-28 21:33:25', '2016-10-28 21:33:25', 1, 146, '16.671', '18.130', '19.935'),
(87, '2016-10-28 21:33:25', '2016-10-28 21:33:25', 1, 147, '16.730', '18.197', '20.012'),
(88, '2016-10-28 21:33:25', '2016-10-28 21:33:25', 1, 148, '16.788', '18.264', '20.090'),
(89, '2016-10-28 21:33:25', '2016-10-28 21:33:25', 1, 149, '16.847', '18.331', '20.167'),
(90, '2016-10-28 21:33:25', '2016-10-28 21:33:25', 1, 150, '16.906', '18.399', '20.245'),
(91, '2016-10-28 21:33:25', '2016-10-28 21:33:25', 1, 151, '16.965', '18.466', '20.323'),
(92, '2016-10-28 21:33:25', '2016-10-28 21:33:25', 1, 152, '17.024', '18.533', '20.400'),
(93, '2016-10-28 21:33:25', '2016-10-28 21:33:25', 1, 153, '17.082', '18.601', '20.477'),
(94, '2016-10-28 21:33:25', '2016-10-28 21:33:25', 1, 154, '17.141', '18.668', '20.555'),
(95, '2016-10-28 21:33:25', '2016-10-28 21:33:25', 1, 155, '17.200', '18.735', '20.631'),
(96, '2016-10-28 21:33:25', '2016-10-28 21:33:25', 1, 156, '17.258', '18.801', '20.708'),
(97, '2016-10-28 21:33:25', '2016-10-28 21:33:25', 1, 157, '17.316', '18.868', '20.784'),
(98, '2016-10-28 21:33:25', '2016-10-28 21:33:25', 1, 158, '17.373', '18.934', '20.859'),
(99, '2016-10-28 21:33:25', '2016-10-28 21:33:25', 1, 159, '17.431', '18.999', '20.934'),
(100, '2016-10-28 21:33:25', '2016-10-28 21:33:25', 1, 160, '17.488', '19.064', '21.009'),
(101, '2016-10-28 21:33:25', '2016-10-28 21:33:25', 1, 161, '17.544', '19.129', '21.083'),
(102, '2016-10-28 21:33:25', '2016-10-28 21:33:25', 1, 162, '17.600', '19.193', '21.156'),
(103, '2016-10-28 21:33:25', '2016-10-28 21:33:25', 1, 163, '17.656', '19.257', '21.229'),
(104, '2016-10-28 21:33:25', '2016-10-28 21:33:25', 1, 164, '17.711', '19.320', '21.301'),
(105, '2016-10-28 21:33:25', '2016-10-28 21:33:25', 1, 165, '17.765', '19.382', '21.372'),
(106, '2016-10-28 21:33:25', '2016-10-28 21:33:25', 1, 166, '17.819', '19.444', '21.443'),
(107, '2016-10-28 21:33:25', '2016-10-28 21:33:25', 1, 167, '17.872', '19.504', '21.512'),
(108, '2016-10-28 21:33:25', '2016-10-28 21:33:25', 1, 168, '17.925', '19.565', '21.581'),
(109, '2016-10-28 21:33:25', '2016-10-28 21:33:25', 1, 169, '17.977', '19.624', '21.648'),
(110, '2016-10-28 21:33:25', '2016-10-28 21:33:25', 1, 170, '18.028', '19.682', '21.715'),
(111, '2016-10-28 21:33:25', '2016-10-28 21:33:25', 1, 171, '18.078', '19.740', '21.781'),
(112, '2016-10-28 21:33:25', '2016-10-28 21:33:25', 1, 172, '18.127', '19.797', '21.845'),
(113, '2016-10-28 21:33:25', '2016-10-28 21:33:25', 1, 173, '18.176', '19.852', '21.909'),
(114, '2016-10-28 21:33:25', '2016-10-28 21:33:25', 1, 174, '18.223', '19.907', '21.971'),
(115, '2016-10-28 21:33:25', '2016-10-28 21:33:25', 1, 175, '18.270', '19.961', '22.032'),
(116, '2016-10-28 21:33:25', '2016-10-28 21:33:25', 1, 176, '18.316', '20.013', '22.092'),
(117, '2016-10-28 21:33:25', '2016-10-28 21:33:25', 1, 177, '18.361', '20.065', '22.151'),
(118, '2016-10-28 21:33:25', '2016-10-28 21:33:25', 1, 178, '18.404', '20.115', '22.208'),
(119, '2016-10-28 21:33:25', '2016-10-28 21:33:25', 1, 179, '18.447', '20.164', '22.264'),
(120, '2016-10-28 21:33:25', '2016-10-28 21:33:25', 1, 180, '18.489', '20.212', '22.319'),
(121, '2016-10-28 21:33:25', '2016-10-28 21:33:25', 1, 181, '18.529', '20.260', '22.373'),
(123, '2016-10-28 21:33:25', '2016-10-28 21:33:25', 1, 182, '18.569', '20.305', '22.425'),
(124, '2016-10-28 21:33:25', '2016-10-28 21:33:25', 1, 183, '18.608', '20.350', '22.476'),
(125, '2016-10-28 21:33:25', '2016-10-28 21:33:25', 1, 184, '18.645', '20.393', '22.525'),
(126, '2016-10-28 21:33:25', '2016-10-28 21:33:25', 1, 185, '18.682', '20.436', '22.573'),
(127, '2016-10-28 21:33:25', '2016-10-28 21:33:25', 1, 186, '18.717', '20.477', '22.620'),
(128, '2016-10-28 21:33:25', '2016-10-28 21:33:25', 1, 187, '18.752', '20.517', '22.666'),
(129, '2016-10-28 21:33:25', '2016-10-28 21:33:25', 1, 188, '18.785', '20.556', '22.710'),
(130, '2016-10-28 21:33:25', '2016-10-28 21:33:25', 1, 189, '18.818', '20.594', '22.754'),
(131, '2016-10-28 21:33:25', '2016-10-28 21:33:25', 1, 190, '18.849', '20.631', '22.795'),
(132, '2016-10-28 21:33:25', '2016-10-28 21:33:25', 1, 191, '18.880', '20.666', '22.836'),
(133, '2016-10-28 21:33:25', '2016-10-28 21:33:25', 1, 192, '18.909', '20.701', '22.876'),
(134, '2016-10-28 21:33:25', '2016-10-28 21:33:25', 1, 193, '18.938', '20.734', '22.914'),
(135, '2016-10-28 21:33:25', '2016-10-28 21:33:25', 1, 194, '18.966', '20.767', '22.951'),
(136, '2016-10-28 21:33:25', '2016-10-28 21:33:25', 1, 195, '18.992', '20.798', '22.987'),
(137, '2016-10-28 21:33:25', '2016-10-28 21:33:25', 1, 196, '19.018', '20.829', '23.021'),
(138, '2016-10-28 21:33:25', '2016-10-28 21:33:25', 1, 197, '19.043', '20.858', '23.055'),
(139, '2016-10-28 21:33:25', '2016-10-28 21:33:25', 1, 198, '19.067', '20.886', '23.087'),
(140, '2016-10-28 21:33:25', '2016-10-28 21:33:25', 1, 199, '19.090', '20.914', '23.119'),
(141, '2016-10-28 21:33:25', '2016-10-28 21:33:25', 1, 200, '19.112', '20.940', '23.149'),
(142, '2016-10-28 21:33:25', '2016-10-28 21:33:25', 1, 201, '19.133', '20.966', '23.178'),
(143, '2016-10-28 21:33:25', '2016-10-28 21:33:25', 1, 202, '19.154', '20.990', '23.206'),
(144, '2016-10-28 21:33:25', '2016-10-28 21:33:25', 1, 203, '19.173', '21.014', '23.233'),
(145, '2016-10-28 21:33:25', '2016-10-28 21:33:25', 1, 204, '19.193', '21.037', '23.259'),
(146, '2016-10-28 21:33:25', '2016-10-28 21:33:25', 1, 205, '19.211', '21.059', '23.285'),
(147, '2016-10-28 21:33:25', '2016-10-28 21:33:25', 1, 206, '19.228', '21.080', '23.309'),
(148, '2016-10-28 21:33:25', '2016-10-28 21:33:25', 1, 207, '19.245', '21.101', '23.333'),
(149, '2016-10-28 21:33:25', '2016-10-28 21:33:25', 1, 208, '19.262', '21.121', '23.355'),
(150, '2016-10-28 21:33:25', '2016-10-28 21:33:25', 1, 209, '19.277', '21.140', '23.378'),
(151, '2016-10-28 21:33:25', '2016-10-28 21:33:25', 1, 210, '19.292', '21.159', '23.399'),
(152, '2016-10-28 21:33:25', '2016-10-28 21:33:25', 1, 211, '19.307', '21.177', '23.420'),
(153, '2016-10-28 21:33:25', '2016-10-28 21:33:25', 1, 212, '19.321', '21.194', '23.440'),
(154, '2016-10-28 21:33:25', '2016-10-28 21:33:25', 1, 213, '19.335', '21.212', '23.460'),
(155, '2016-10-28 21:33:25', '2016-10-28 21:33:25', 1, 214, '19.348', '21.228', '23.479'),
(156, '2016-10-28 21:33:25', '2016-10-28 21:33:25', 1, 215, '19.361', '21.244', '23.498'),
(157, '2016-10-28 21:33:25', '2016-10-28 21:33:25', 1, 216, '19.374', '21.260', '23.516'),
(158, '2016-10-28 21:33:25', '2016-10-28 21:33:25', 1, 217, '19.386', '21.276', '23.534'),
(159, '2016-10-28 21:33:25', '2016-10-28 21:33:25', 1, 218, '19.398', '21.291', '23.551'),
(160, '2016-10-28 21:33:25', '2016-10-28 21:33:25', 1, 219, '19.410', '21.306', '23.568'),
(161, '2016-10-28 21:33:25', '2016-10-28 21:33:25', 1, 220, '19.421', '21.320', '23.585'),
(162, '2016-10-28 21:33:25', '2016-10-28 21:33:25', 1, 221, '19.432', '21.334', '23.601'),
(163, '2016-10-28 21:33:25', '2016-10-28 21:33:25', 1, 222, '19.443', '21.348', '23.617'),
(164, '2016-10-28 21:33:25', '2016-10-28 21:33:25', 1, 223, '19.454', '21.362', '23.633'),
(165, '2016-10-28 21:33:25', '2016-10-28 21:33:25', 1, 224, '19.464', '21.375', '23.648'),
(166, '2016-10-28 21:33:25', '2016-10-28 21:33:25', 1, 225, '19.475', '21.388', '23.663'),
(167, '2016-10-28 21:33:25', '2016-10-28 21:33:25', 1, 226, '19.485', '21.401', '23.678'),
(168, '2016-10-28 21:33:25', '2016-10-28 21:33:25', 1, 227, '19.495', '21.414', '23.693'),
(169, '2016-10-28 21:33:25', '2016-10-28 21:33:25', 1, 228, '19.504', '21.427', '23.707');

# ############################

#
# Table structure for table `body_measurements_log`
#
DROP TABLE IF EXISTS `body_measurements_log`; 
CREATE TABLE IF NOT EXISTS `body_measurements_log` (
  `id` int(11) NOT NULL AUTO_INCREMENT,
  `created_date_time` timestamp NOT NULL DEFAULT CURRENT_TIMESTAMP,
  `last_modified_date_time` timestamp NOT NULL DEFAULT '1970-01-01 05:00:00',
  `log_date` timestamp NOT NULL DEFAULT '1970-01-01 05:00:00',
  `fk_user_id` int(11) DEFAULT NULL,
  `weight` decimal(6,2) DEFAULT NULL,
  `height` decimal(6,2) DEFAULT NULL,
  `comment` varchar(200) DEFAULT NULL,
  `weight_metric` varchar(5) DEFAULT NULL,
  `height_metric` varchar(5) DEFAULT NULL,
  PRIMARY KEY (`id`),
  KEY `fk_user_id` (`fk_user_id`)
) ENGINE=InnoDB  DEFAULT CHARSET=utf8 AUTO_INCREMENT=95 ;

#
# Dumping data for table `body_measurements_log`
#

INSERT INTO `body_measurements_log` (`id`, `created_date_time`, `last_modified_date_time`, `log_date`, `fk_user_id`, `weight`, `height`, `comment`, `weight_metric`, `height_metric`) VALUES
(1, '2016-06-21 21:25:40', '2016-06-21 21:25:40', '2016-01-14 05:00:00', 4, '35.00', '158.00', '', 'kg', 'cm'),
(2, '2016-06-21 21:25:40', '2016-06-21 21:25:40', '2016-01-29 05:00:00', 4, '36.80', '158.00', '', 'kg', 'cm'),
(3, '2016-06-21 21:25:40', '2016-06-21 21:25:40', '2016-02-05 05:00:00', 4, '37.20', '158.00', '', 'kg', 'cm'),
(4, '2016-06-21 21:25:40', '2016-06-21 21:25:40', '2016-02-09 05:00:00', 4, '37.40', '158.00', '', 'kg', 'cm'),
(5, '2016-06-21 21:25:40', '2016-06-21 21:25:40', '2016-02-16 05:00:00', 4, '39.30', '158.00', '', 'kg', 'cm'),
(6, '2016-06-21 21:25:40', '2016-06-21 21:25:40', '2016-02-23 05:00:00', 4, '40.10', '158.00', '', 'kg', 'cm'),
(7, '2016-06-21 21:25:40', '2016-06-21 21:25:40', '2016-03-01 05:00:00', 4, '40.70', '158.00', '', 'kg', 'cm'),
(8, '2016-06-21 21:25:40', '2016-06-21 21:25:40', '2016-03-08 05:00:00', 4, '41.10', '158.00', '', 'kg', 'cm'),
(9, '2016-06-21 21:25:40', '2016-06-21 21:25:40', '2016-03-15 04:00:00', 4, '41.50', '158.00', '', 'kg', 'cm'),
(10, '2016-06-21 21:25:40', '2016-06-21 21:25:40', '2016-03-22 04:00:00', 4, '41.20', '158.00', '(påskeferie økt aktivitet)', 'kg', 'cm'),
(11, '2016-06-21 21:25:40', '2016-06-21 21:25:40', '2016-03-29 04:00:00', 4, '41.00', '158.00', '(påske ferie økt aktivitet - økt kostplan)', 'kg', 'cm'),
(12, '2016-06-21 21:25:40', '2016-06-21 21:25:40', '2016-04-05 04:00:00', 4, '42.40', '158.00', '(økt kostplan)', 'kg', 'cm'),
(13, '2016-06-21 21:25:40', '2016-06-21 21:25:40', '2016-04-12 04:00:00', 4, '42.60', '158.00', '', 'kg', 'cm'),
(14, '2016-06-21 21:25:40', '2016-06-21 21:25:40', '2016-04-19 04:00:00', 4, '42.60', '158.00', '', 'kg', 'cm'),
(15, '2016-06-21 21:25:40', '2016-06-21 21:25:40', '2016-04-26 04:00:00', 4, '42.80', '158.00', '', 'kg', 'cm'),
(16, '2016-06-21 21:25:40', '2016-06-21 21:25:40', '2016-05-03 04:00:00', 4, '43.10', '158.00', '', 'kg', 'cm'),
(17, '2016-06-21 21:25:40', '2016-06-21 21:25:40', '2016-05-10 04:00:00', 4, '43.50', '158.00', '(andreas 43,1)', 'kg', 'cm'),
(18, '2016-06-21 21:25:40', '2016-06-21 21:25:40', '2016-05-17 04:00:00', 4, '43.80', '158.00', '(andreas 43.0, veid onsdag 18.5)', 'kg', 'cm'),
(19, '2016-06-21 21:25:40', '2016-06-21 21:25:40', '2016-05-24 04:00:00', 4, '43.30', '158.00', '', 'kg', 'cm'),
(20, '2016-06-21 21:25:40', '2016-06-21 21:25:40', '2016-05-31 04:00:00', 4, '43.60', '158.00', '', 'kg', 'cm'),
(21, '2016-06-21 21:25:40', '2016-06-21 21:25:40', '2016-06-07 04:00:00', 4, '43.50', '158.20', '', 'kg', 'cm'),
(22, '2016-06-21 21:25:40', '2016-06-21 21:25:40', '2016-06-14 04:00:00', 4, '44.00', '158.50', '', 'kg', 'cm'),
(23, '2016-06-21 21:25:40', '2016-06-21 21:25:40', '2016-06-21 04:00:00', 4, '44.60', '158.50', '', 'kg', 'cm'),
(24, '2016-06-28 16:03:47', '2016-06-28 16:03:47', '2016-06-28 04:00:00', 4, '44.60', '159.00', '', 'kg', 'cm'),
(25, '2016-07-04 08:03:38', '2016-07-04 08:03:38', '2016-07-04 04:00:00', 4, '44.80', '159.00', '', 'kg', 'cm'),
(26, '2016-07-09 19:31:56', '2016-07-09 19:31:56', '2016-07-09 04:00:00', 4, '44.10', '159.00', 'Ekstra veiing grunnet reise', 'kg', 'cm'),
(27, '2016-07-12 19:20:14', '2016-07-12 19:20:14', '2016-07-12 04:00:00', 4, '44.60', '159.00', 'Veid rett etter lunsj', 'kg', 'cm'),
(28, '2016-07-19 11:53:37', '2016-07-19 11:53:37', '2016-07-19 04:00:00', 4, '44.60', '159.50', 'Veid rett før lunsj', 'kg', 'cm'),
(29, '2016-07-26 11:54:43', '2016-07-26 11:54:43', '2016-07-26 04:00:00', 4, '44.60', '159.50', 'Veid rett før lunsj', 'kg', 'cm'),
(30, '2016-08-02 07:11:27', '2016-08-02 07:11:27', '2016-08-02 04:00:00', 4, '44.60', '160.00', 'Veid før frokost', 'kg', 'cm'),
(31, '2016-08-04 21:38:51', '2016-08-04 21:38:51', '2016-08-04 04:00:00', 4, '44.70', '159.00', 'Ekstra veiing grunnet norway cup. Målt henne til 159 cm', 'kg', 'cm'),
(32, '2016-08-09 07:42:57', '2016-08-09 07:42:57', '2016-08-09 04:00:00', 4, '44.80', '159.50', '', 'kg', 'cm'),
(33, '2016-08-16 08:01:27', '2016-08-16 08:01:27', '2016-08-16 04:00:00', 4, '45.00', '160.00', 'Andreas veier nå 43,9 kg og er ca 153 cm', 'kg', 'cm'),
(34, '2016-08-23 06:03:42', '2016-08-23 06:03:42', '2016-08-23 04:00:00', 4, '45.10', '160.00', 'Andreas veide 43.5 kg', 'kg', 'cm'),
(35, '2016-08-30 06:12:45', '2016-08-30 06:12:45', '2016-08-30 04:00:00', 4, '45.30', '160.00', '', 'kg', 'cm'),
(36, '2016-09-06 06:29:48', '2016-09-06 06:29:48', '2016-09-06 04:00:00', 4, '45.10', '160.00', '', 'kg', 'cm'),
(37, '2016-09-20 10:36:15', '2016-09-20 10:36:15', '2016-09-20 04:00:00', 4, '45.40', '160.00', 'Andreas veide 43.8', 'kg', 'cm'),
(38, '2016-10-02 08:58:45', '2016-10-02 08:58:45', '2016-10-02 04:00:00', 4, '46.20', '160.40', 'veid nå grunnet 3 dager høstferie med  sbp.', 'kg', 'cm'),
(39, '2016-10-11 06:05:11', '2016-10-11 06:05:11', '2016-10-11 04:00:00', 4, '45.80', '160.40', '', 'kg', 'cm'),
(41, '2016-10-19 05:48:59', '2016-10-19 05:48:59', '2016-10-18 04:00:00', 4, '46.70', '160.40', 'Andreas veier 43.6', 'kg', 'cm'),
(42, '2016-10-24 21:45:43', '2016-10-24 21:45:43', '2015-05-31 04:00:00', 4, '39.00', '158.00', '', 'kg', 'cm'),
(43, '2016-10-24 21:46:39', '2016-10-24 21:46:39', '2014-05-31 04:00:00', 4, '45.00', '155.00', '', 'kg', 'cm'),
(44, '2016-10-25 06:07:34', '2016-10-25 06:07:34', '2016-10-25 04:00:00', 4, '47.00', '160.40', '', 'kg', 'cm'),
(45, '2016-11-08 07:01:48', '2016-11-08 07:01:48', '2016-11-08 05:00:00', 4, '46.80', '160.40', '', 'kg', 'cm'),
(46, '2016-11-15 07:32:31', '2016-11-15 07:32:31', '2016-11-15 05:00:00', 4, '46.90', '160.40', 'Hun har veid seg selv', 'kg', 'cm'),
(47, '2016-11-22 07:15:26', '2016-11-22 07:15:26', '2016-11-22 05:00:00', 4, '46.70', '160.40', '', 'kg', 'cm'),
(48, '2016-11-29 20:12:20', '2016-11-29 20:12:20', '2016-11-29 05:00:00', 4, '46.80', '160.40', '', 'kg', 'cm'),
(49, '2016-12-07 06:56:51', '2016-12-07 06:56:51', '2016-12-07 05:00:00', 4, '46.80', '160.40', 'Må følge opp måltidene bedre. Andreas veier 44.7', 'kg', 'cm'),
(50, '2016-12-13 11:44:48', '2016-12-13 11:44:48', '2016-12-13 05:00:00', 4, '46.80', '160.40', 'Ingen endring, hun liker ikke å veie seg og dette skaper tendenser til konflikt', 'kg', 'cm'),
(51, '2016-12-20 07:19:16', '2016-12-20 07:19:16', '2016-12-20 05:00:00', 4, '47.40', '160.40', '', 'kg', 'cm'),
(53, '2016-12-27 09:21:00', '2016-12-27 09:21:00', '2016-12-27 05:00:00', 4, '46.70', '161.00', 'Har gått ned 700g uten at jeg kan forstår årsaken til det', 'kg', 'cm'),
(54, '2017-01-03 07:41:37', '2017-01-03 07:41:37', '2017-01-03 05:00:00', 4, '47.30', '161.00', '', 'kg', 'cm'),
(55, '2017-01-10 07:00:09', '2017-01-10 07:00:09', '2017-01-10 05:00:00', 4, '47.50', '161.00', '', 'kg', 'cm'),
(56, '2017-01-17 20:33:10', '2017-01-17 20:33:10', '2017-01-17 05:00:00', 4, '47.50', '161.00', '', 'kg', 'cm'),
(57, '2017-01-24 07:05:12', '2017-01-24 07:05:12', '2017-01-24 05:00:00', 4, '44.90', '161.00', 'Stor nedgang, dette grunnen juks ved tidligere målinger. Har da drukket 2l vann i forkant', 'kg', 'cm'),
(58, '2017-02-01 07:41:00', '2017-02-01 07:41:00', '2017-02-01 05:00:00', 4, '45.40', '161.00', '', 'kg', 'cm'),
(59, '2017-02-07 07:44:36', '2017-02-07 07:44:36', '2017-02-07 05:00:00', 4, '46.20', '161.00', 'Bra vektøkning denne uken', 'kg', 'cm'),
(60, '2017-02-14 07:12:01', '2017-02-14 07:12:01', '2017-02-14 05:00:00', 4, '46.70', '161.00', 'Andreas veier 46.0', 'kg', 'cm'),
(61, '2017-02-20 09:02:04', '2017-02-20 09:02:04', '2017-02-20 05:00:00', 5, '46.30', '161.00', 'Andreas veier 47.0', 'kg', 'cm'),
(62, '2017-02-28 07:29:14', '2017-02-28 07:29:14', '2017-02-28 05:00:00', 5, '46.50', '161.00', 'Har hatt vinterferie, mye aktivitet', 'kg', 'cm'),
(63, '2017-02-28 07:50:44', '2017-02-28 07:50:44', '2017-02-24 05:00:00', 5, '45.50', '161.00', 'Emilie veide deg selv. Gått ned grunnet trysiltur, med mye slalom', 'kg', 'cm'),
(64, '2017-03-07 07:06:22', '2017-03-07 07:06:22', '2017-03-07 05:00:00', 5, '46.10', '161.00', 'Gått ned i vekt. Kanskje for mye aktivitet', 'kg', 'cm'),
(65, '2017-03-14 21:53:32', '2017-03-14 21:53:32', '2017-03-14 04:00:00', 5, '46.40', '161.00', '', 'kg', 'cm'),
(66, '2017-03-21 06:32:06', '2017-03-21 06:32:06', '2017-03-21 04:00:00', 5, '46.40', '161.00', '', 'kg', 'cm'),
(67, '2017-03-28 06:06:32', '2017-03-28 06:06:32', '2017-03-28 04:00:00', 5, '46.40', '161.00', '', 'kg', 'cm'),
(68, '2017-04-04 06:13:29', '2017-04-04 06:13:29', '2017-04-04 04:00:00', 5, '46.80', '161.00', '', 'kg', 'cm'),
(69, '2017-04-12 08:23:35', '2017-04-12 08:23:35', '2017-04-12 04:00:00', 5, '46.80', '161.00', '', 'kg', 'cm'),
(70, '2017-04-18 07:47:02', '2017-04-18 07:47:02', '2017-04-18 04:00:00', 5, '46.90', '161.00', '', 'kg', 'cm'),
(71, '2017-04-26 04:09:56', '2017-04-26 04:09:56', '2017-04-25 04:00:00', 5, '46.90', '161.00', '', 'kg', 'cm'),
(72, '2017-05-02 06:21:46', '2017-05-02 06:21:46', '2017-05-02 04:00:00', 5, '46.70', '161.00', '', 'kg', 'cm'),
(74, '2017-05-13 09:53:01', '2017-05-13 09:53:01', '2017-05-09 04:00:00', 5, '47.40', '161.50', '', 'kg', 'cm'),
(75, '2017-05-16 06:28:27', '2017-05-16 06:28:27', '2017-05-16 04:00:00', 5, '47.50', '161.50', '', 'kg', 'cm'),
(76, '2017-05-23 06:29:49', '2017-05-23 06:29:49', '2017-05-23 04:00:00', 5, '47.50', '161.50', '', 'kg', 'cm'),
(77, '2017-05-30 05:33:42', '2017-05-30 05:33:42', '2017-05-30 04:00:00', 5, '47.80', '161.50', '', 'kg', 'cm'),
(78, '2017-06-06 17:02:42', '2017-06-06 17:02:42', '2017-06-06 04:00:00', 5, '48.10', '161.50', '', 'kg', 'cm'),
(79, '2017-06-13 11:19:08', '2017-06-13 11:19:08', '2017-06-13 04:00:00', 5, '47.80', '161.50', 'Denne uken har vi slurvet mye med fresubin og måltidene. Samt at emilie har styrt mye selv.', 'kg', 'cm'),
(80, '2017-06-13 11:36:20', '2017-06-13 11:36:20', '2013-06-29 04:00:00', 5, '40.00', '149.00', 'Høyde hentet fra pass, gjettet vekt. Amdrrss vsr 138 cm', 'kg', 'cm'),
(81, '2017-06-20 06:25:25', '2017-06-20 06:25:25', '2017-06-20 04:00:00', 5, '47.80', '161.50', '', 'kg', 'cm'),
(82, '2017-06-28 06:11:53', '2017-06-28 06:11:53', '2017-06-28 04:00:00', 5, '48.30', '161.50', '', 'kg', 'cm'),
(83, '2017-07-05 09:27:19', '2017-07-05 09:27:19', '2017-07-05 04:00:00', 5, '47.00', '161.50', 'Hatt 7 dager ferie med sbp. Ikke tatt fresubin.', 'kg', 'cm'),
(84, '2017-07-11 07:30:06', '2017-07-11 07:30:06', '2017-07-11 04:00:00', 5, '48.20', '161.50', '', 'kg', 'cm'),
(85, '2017-07-25 22:19:52', '2017-07-25 22:19:52', '2017-07-25 04:00:00', 5, '48.40', '161.50', 'Veide seg selv, kontroll veies derfor i morgen', 'kg', 'cm'),
(86, '2017-07-26 08:54:40', '2017-07-26 08:54:40', '2017-07-26 04:00:00', 5, '48.30', '161.50', 'Kontroll veiing', 'kg', 'cm'),
(88, '2017-08-08 08:30:06', '2017-08-08 08:30:06', '2017-08-08 04:00:00', 5, '48.30', '161.50', 'Vært på rhodos forrige uke', 'kg', 'cm'),
(89, '2017-08-16 08:02:35', '2017-08-16 08:02:35', '2017-08-16 04:00:00', 5, '48.10', '161.50', 'Norefjell, mye aktivitet', 'kg', 'cm'),
(90, '2017-08-30 19:37:27', '2017-08-30 19:37:27', '2017-08-30 04:00:00', 5, '49.20', '161.50', '', 'kg', 'cm'),
(91, '2017-09-05 15:53:58', '2017-09-05 15:53:58', '2017-09-05 04:00:00', 5, '49.60', '161.50', '', 'kg', 'cm'),
(92, '2017-09-12 13:29:01', '2017-09-12 13:29:01', '2017-09-12 04:00:00', 5, '49.80', '161.50', '', 'kg', 'cm'),
(93, '2017-09-19 06:19:05', '2017-09-19 06:19:05', '2017-09-19 04:00:00', 5, '50.40', '161.50', '', 'kg', 'cm'),
(94, '2017-09-26 06:20:49', '2017-09-26 06:20:49', '2017-09-26 04:00:00', 5, '50.20', '161.50', 'Andreas veier 53.0', 'kg', 'cm');

# ############################

#
# Table structure for table `diet_menus`
#
DROP TABLE IF EXISTS `diet_menus`;
CREATE TABLE IF NOT EXISTS `diet_menus` (
  `id` int(11) NOT NULL AUTO_INCREMENT,
  `created_date_time` timestamp NOT NULL DEFAULT CURRENT_TIMESTAMP,
  `last_modified_date_time` timestamp NOT NULL DEFAULT '1970-01-01 05:00:00',
  `menu_name` varchar(100) DEFAULT NULL,
  `menu_description` varchar(500) DEFAULT NULL,
  `menu_active` int(11) DEFAULT NULL,
  PRIMARY KEY (`id`)
) ENGINE=InnoDB  DEFAULT CHARSET=utf8 AUTO_INCREMENT=2 ;

#
# Dumping data for table `diet_menus`
#

INSERT INTO `diet_menus` (`id`, `created_date_time`, `last_modified_date_time`, `menu_name`, `menu_description`, `menu_active`) VALUES
(1, '2016-05-23 08:23:04', '2016-05-23 08:23:04', 'Menu', 'Middags menu', 1);

# ############################

#
# Table structure for table `diet_menu_items`
#
DROP TABLE IF EXISTS `diet_menu_items`;
CREATE TABLE IF NOT EXISTS `diet_menu_items` (
  `id` int(11) NOT NULL AUTO_INCREMENT,
  `created_date_time` timestamp NOT NULL DEFAULT CURRENT_TIMESTAMP,
  `last_modified_date_time` timestamp NOT NULL DEFAULT '1970-01-01 05:00:00',
  `fk_diet_menu_id` int(11) DEFAULT NULL,
  `menu_item_name` varchar(100) DEFAULT NULL,
  `menu_item_category` varchar(25) DEFAULT NULL,
  `menu_item_description` varchar(500) DEFAULT NULL,
  `menu_item_energy_kcal` int(11) DEFAULT NULL,
  `menu_item_img_link` varchar(100) DEFAULT NULL,
  `menu_item_enabled` int(11) DEFAULT '1',
  PRIMARY KEY (`id`),
  KEY `fk_diet_menu_id` (`fk_diet_menu_id`)
) ENGINE=InnoDB  DEFAULT CHARSET=utf8 AUTO_INCREMENT=159 ;

#
# Dumping data for table `diet_menu_items`
#

INSERT INTO `diet_menu_items` (`id`, `created_date_time`, `last_modified_date_time`, `fk_diet_menu_id`, `menu_item_name`, `menu_item_category`, `menu_item_description`, `menu_item_energy_kcal`, `menu_item_img_link`, `menu_item_enabled`) VALUES
(1, '2016-05-26 07:05:09', '2016-10-13 19:35:25', 1, 'Middag', 'fisk', 'Torsk med poteter, brokkoli og smør/smeltet smør med persille/saus', 0, '', 1),
(2, '2016-05-26 07:05:09', '2016-10-13 19:29:00', 1, 'Middag', 'kjøtt', 'Kylling i pitabrød/tortillalefse med salat og rømme dressing', 0, '', 1),
(3, '2016-05-26 07:05:09', '2016-10-13 19:28:15', 1, 'Middag', 'kjøtt', 'Kylling wok med ris og wok grønnsaksblanding', 0, '', 1),
(4, '2016-05-26 07:05:09', '2016-10-13 19:23:21', 1, 'Middag', 'fisk', 'Ørret med agurksalat og poteter og rømme tilbehør', 0, 'http://jbossews-gunnarro.rhcloud.com/image-manager/web/static/gallery/guest/20160524_163713.jpg', 1),
(5, '2016-05-26 07:05:09', '2017-04-30 20:54:32', 1, 'Middag', 'fisk', 'Fiskeboller med poteter og gulrøtter og hvit saus', 0, '', 0),
(6, '2016-05-26 07:05:09', '2016-10-13 19:27:46', 1, 'Middag', 'kjøtt', 'Kjøttkaker med poteter/ris, tyttebær, grønnsaksblanding og brun saus', 0, '', 1),
(7, '2016-05-26 07:05:09', '2016-10-13 19:31:33', 1, 'Middag', 'kjøtt', 'Pasta med kjøttsaus', 0, '', 1),
(8, '2016-05-26 07:05:09', '2016-10-13 19:34:33', 1, 'Middag', 'kjøtt', 'Tikka Masala med ris', 0, '', 1),
(9, '2016-05-26 07:05:09', '2016-10-13 19:32:43', 1, 'Middag', 'kjøtt', 'Risotto', 0, '', 1),
(10, '2016-05-26 07:05:09', '2016-10-13 19:24:09', 1, 'Middag', 'fisk', 'Bacalao, ferdiglaget 450g', 0, '', 1),
(11, '2016-05-26 07:05:09', '2016-10-13 19:25:21', 1, 'Middag', 'kjøtt', 'Chili Con Carne, ferdiglaget 400g', 0, 'http://jbossews-gunnarro.rhcloud.com/image-manager/web/static/gallery/guest/20160428_165753.jpg', 1),
(12, '2016-05-26 07:05:09', '2016-10-13 19:23:43', 1, 'Middag', 'kjøtt', 'Amerikansk blanding med kjøttdeig', 0, '', 1),
(13, '2016-05-26 07:05:09', '2016-10-13 19:30:55', 1, 'Middag', 'kjøtt', 'Meksikansk blanding med kjøttdeig', 0, '', 1),
(14, '2016-05-26 07:05:09', '2016-10-13 19:26:58', 1, 'Middag', 'fisk', 'Fiskesuppe med hvit fisk/ørrett/lask', 0, '', 1),
(15, '2016-05-26 07:05:09', '2016-10-13 19:32:22', 1, 'Middag', 'kjøtt', 'Pølsegryte med røkt kjøttpølse', 0, '', 1),
(16, '2016-05-26 07:05:09', '2016-05-26 07:05:09', 1, 'Middag', NULL, 'Hjemmelagd pizza', NULL, NULL, 1),
(17, '2016-05-26 07:05:09', '2016-10-13 19:34:10', 1, 'Middag', 'kjøtt', 'Svinekotteletter med poteter/ris og mais, pluss saus', 0, '', 1),
(18, '2016-05-26 07:05:09', '2016-10-13 19:24:51', 1, 'Middag', 'kjøtt', 'Biff med poteter/ris/pommes frites og mais, pluss pepper/bernaise saus', 0, '', 1),
(19, '2016-05-26 07:05:09', '2016-05-26 07:05:09', 1, 'Middag Tilbehør', NULL, 'Poteter min. 150g', NULL, NULL, 1),
(20, '2016-05-26 07:05:09', '2016-05-26 07:05:09', 1, 'Middag Tilbehør', NULL, 'Ris min. 100g kokt', NULL, NULL, 1),
(21, '2016-05-26 07:05:09', '2016-05-26 07:05:09', 1, 'Middag Tilbehør', NULL, 'Pasta min 100g, ukokt', NULL, NULL, 1),
(22, '2016-05-26 07:05:09', '2016-05-26 07:05:09', 1, 'Middag Tilbehør', NULL, 'Potetmos min 100g', NULL, NULL, 1),
(23, '2016-05-26 07:05:09', '2016-05-26 07:05:09', 1, 'Middag Tilbehør', NULL, 'Pommes Frites min 100g', NULL, NULL, 1),
(24, '2016-05-26 07:05:09', '2016-05-26 07:05:09', 1, 'Middag Tilbehør', NULL, 'Alle middager skal ha saus. Erstatning til saus kan være rømme eller ketchup', NULL, NULL, 1),
(25, '2016-05-26 07:05:09', '2016-05-26 07:05:09', 1, 'Middag Porsjon', NULL, 'Fisk: Torsk 200g, Sei 200g, fiskeboller 200g, fiskekaker 200g, Ørret 150g, laks 125g', NULL, NULL, 1),
(26, '2016-05-26 07:05:09', '2016-05-26 07:05:09', 1, 'Middag Porsjon', NULL, 'Kjøtt: Biff 150g, Svin 150g, kylling 150g, kjøttdeig 150g', NULL, NULL, 1),
(27, '2016-06-02 07:15:32', '2016-06-02 07:15:32', 1, 'Frokost', NULL, 'Havregrøt', NULL, NULL, 1),
(28, '2016-06-02 07:15:57', '2016-06-02 07:15:57', 1, 'Frokost', NULL, 'Frokostblanding', NULL, NULL, 1),
(29, '2016-06-02 07:18:01', '2016-06-02 07:18:01', 1, 'Lunsj', NULL, '3 brødskiver med margarin og pålegg', NULL, NULL, 1),
(30, '2016-06-02 19:31:45', '2016-06-02 19:31:45', 1, 'Dessert', NULL, 'Muslibar', NULL, NULL, 1),
(31, '2016-06-02 19:33:08', '2016-06-02 19:33:08', 1, 'Middag', NULL, 'Kyllingsalat, 320g kylling, 2 brødskiver og salat', NULL, NULL, 1),
(32, '2016-06-03 09:31:31', '2016-06-09 15:04:41', 1, 'Frokost', NULL, 'Smoothie pluss brødskive med margarin og pålegg', NULL, NULL, 1),
(33, '2016-06-03 15:06:31', '2016-10-13 19:26:36', 1, 'Middag', 'fisk', 'Fiskekaker, ris, brokkoli og ketchup', 0, 'http://jbossews-gunnarro.rhcloud.com/image-manager/web/static/gallery/guest/20160501_173331.jpg', 1),
(34, '2016-06-04 06:46:30', '2016-06-04 06:46:30', 1, 'Dessert', NULL, 'Frukt yoghurt', NULL, NULL, 1),
(35, '2016-06-04 06:49:56', '2017-06-18 19:58:04', 1, 'Kveldsmat', '', '1 brødskive med smør og pålegg, pluss GoMorgen yoghurt', 0, '', 0),
(36, '2016-06-04 18:38:33', '2016-10-13 19:24:31', 1, 'Middag', 'kjøtt', 'Biff burger med dressing og grove brød', 0, '', 1),
(37, '2016-06-04 18:40:09', '2016-06-04 18:40:09', 1, 'Dessert', NULL, 'Saftis', NULL, NULL, 1),
(38, '2016-06-04 18:41:47', '2016-06-04 18:41:47', 1, 'Dessert', NULL, 'Fruktis med vanilje', NULL, NULL, 1),
(39, '2016-06-05 15:40:40', '2016-06-06 15:34:08', 1, 'Dessert', NULL, 'Korni rug kjeks, 3 stykker', NULL, NULL, 1),
(44, '2016-06-06 15:33:26', '2016-06-06 15:33:26', 1, 'Dessert', NULL, 'Friggs Riskjeks, 6 stykker', NULL, NULL, 1),
(45, '2016-06-07 15:06:57', '2016-08-18 23:28:42', 1, 'Middag', NULL, 'Kyllingfilet ovnsbakt med ris og salat, pluss barbecue saus', NULL, 'http://jbossews-gunnarro.rhcloud.com/image-manager/web/static/gallery/guest/20160413_163939.jpg', 1),
(46, '2016-06-08 14:17:48', '2016-10-13 19:31:56', 1, 'Middag', 'kjøtt', 'Pulled Pork 200g med hamburgerbrød og salat', 0, '', 1),
(47, '2016-06-08 14:39:38', '2016-06-08 14:39:38', 1, 'Dessert', NULL, 'Kick lakris stang', NULL, NULL, 1),
(48, '2016-06-09 15:03:24', '2016-10-13 19:34:59', 1, 'Middag', 'fisk', 'Tomatsuppe fra mere suppe, tilsatt 250g torsk, pluss ett flatbrød med smør', 0, 'http://jbossews-gunnarro.rhcloud.com/image-manager/web/static/gallery/guest/20160609_165513.jpg', 1),
(49, '2016-06-12 15:55:09', '2017-06-16 17:20:42', 1, 'Middag', 'fisk', 'Torsk, pasta og brokoli med pesto', 0, 'http://jbossews-gunnarro.rhcloud.com/image-manager/image/view/15', 0),
(50, '2016-06-13 16:47:30', '2016-06-13 16:47:30', 1, 'Dessert', NULL, 'Nøtteblanding 45g', NULL, NULL, 1),
(51, '2016-06-14 20:19:53', '2017-08-08 07:39:33', 1, 'Kveldsmat', '', '2 egg og 2 brødskiver med smør og pålegg', 0, '', 0),
(52, '2016-06-15 20:05:38', '2016-08-19 20:54:55', 1, 'Kveldsmat', NULL, '3 brødskiver med margarin og pålegg', NULL, '', 1),
(53, '2016-06-20 05:28:07', '2017-04-10 16:38:02', 1, 'Middag', 'kjøtt', 'Svinekjøtt, ris/poteter/pasta med grønnsaksblanding', 0, '', 1),
(54, '2016-06-23 04:40:33', '2016-06-23 04:40:33', 1, 'Kveldsmat', NULL, 'Smoothie pluss brødskive med margarin og pålegg', NULL, NULL, 1),
(55, '2016-06-23 04:44:47', '2016-08-14 07:55:25', 1, 'Lunsj', NULL, 'Ett stort rundstykke, grov brixs med maragarin og pålegg på begge halvdeler', NULL, NULL, 1),
(56, '2016-06-24 07:20:38', '2016-06-24 07:20:38', 1, 'Mellom måltid', NULL, '33 ml YT', NULL, NULL, 1),
(57, '2016-06-24 07:20:38', '2016-06-24 07:20:38', 1, 'Mellom måltid', NULL, '6 Riskjeks', NULL, NULL, 1),
(58, '2016-06-24 07:20:38', '2016-06-24 07:20:38', 1, 'Mellom måltid', NULL, '60g NøttiFrutti Nøtteblanding', NULL, NULL, 1),
(59, '2016-06-24 07:20:38', '2016-06-24 07:20:38', 1, 'Mellom måltid', NULL, '2 Bixit', NULL, NULL, 1),
(60, '2016-06-24 07:20:38', '2016-06-24 07:20:38', 1, 'Mellom måltid', NULL, '1 banan', NULL, NULL, 1),
(61, '2016-06-24 19:19:08', '2016-06-24 19:19:08', 1, 'Dessert', NULL, 'Sjokolade', NULL, NULL, 1),
(62, '2016-06-25 13:39:39', '2016-06-25 13:39:39', 1, 'Mellom måltid', NULL, 'Muslibar', NULL, NULL, 1),
(63, '2016-06-25 19:21:17', '2017-09-02 07:16:54', 1, 'Middag', 'fisk', 'Sushi, 12-18 biter med maki', 0, '', 0),
(64, '2016-06-27 12:36:57', '2017-08-08 07:45:17', 1, 'Frokost', '', 'Yoghurtblanding med bær og nøtter og 2 brødskiver med smør og pålegg,', 0, 'http://jbossews-gunnarro.rhcloud.com/image-manager/web/static/gallery/guest/20160711_101015.jpg', 0),
(65, '2016-06-27 12:43:35', '2016-06-27 12:43:35', 1, 'Kveldsmat', NULL, '2 rundstykker med margarin og pålegg på alle halvdelene', NULL, NULL, 1),
(66, '2016-06-29 15:44:25', '2016-06-29 15:44:25', 1, 'Frokost', NULL, '2 rundstykker med margarin og pålegg på alle halvdelene', NULL, NULL, 1),
(67, '2016-07-01 20:29:16', '2016-10-13 19:36:10', 1, 'Middag', 'kjøtt', 'Wraps med biffkjøtt, salat og rømme', 0, '', 1),
(68, '2016-07-02 19:53:35', '2016-07-02 19:53:35', 1, 'Dessert', NULL, 'Kokosboller, 3 små', NULL, NULL, 1),
(69, '2016-07-03 09:24:00', '2016-07-03 09:24:00', 1, 'Frokost', NULL, 'Erstattning 325 ml fresubin', NULL, NULL, 1),
(70, '2016-07-12 11:54:19', '2016-08-18 23:55:34', 1, 'Kveldsmat', NULL, 'Salat med 100g pasta og skinke', NULL, 'http://jbossews-gunnarro.rhcloud.com/image-manager/web/static/gallery/guest/20160711_221809.jpg', 1),
(71, '2016-07-12 19:18:48', '2016-10-13 19:36:31', 1, 'Middag', 'kjøtt', 'Wraps med kylling, salat og rømme', 0, '', 1),
(72, '2016-07-15 00:36:49', '2017-08-08 07:38:40', 1, 'Kveldsmat', '', '3 fiskekaker og 2 brødskiver med smør og pålegg', 0, '', 0),
(73, '2016-07-20 16:16:23', '2016-07-20 16:16:23', 1, 'Dessert', NULL, 'Ekstra middag, 1/3 porsjon', NULL, NULL, 1),
(74, '2016-07-25 09:02:23', '2016-07-25 09:02:23', 1, 'Frokost', NULL, 'Egen frokostblandig, 150g kesam, blåbær, jordbær og nøtter.', NULL, NULL, 1),
(75, '2016-07-28 13:51:50', '2016-08-18 23:45:21', 1, 'Frokost', NULL, '3 brødskiver med margarin og pålegg', NULL, 'http://jbossews-gunnarro.rhcloud.com/image-manager/web/static/gallery/guest/20160709_135040.jpg', 1),
(76, '2016-08-05 16:55:28', '2016-08-05 16:55:28', 1, 'Dessert', NULL, 'Bolle', NULL, NULL, 1),
(77, '2016-08-14 08:38:25', '2016-08-14 08:38:25', 1, 'Frokost', NULL, '1 Briks med smør og pålegg, pluss 3 små pannekaker, se oppskrift ', NULL, NULL, 1),
(78, '2016-08-17 12:04:12', '2016-10-13 19:33:24', 1, 'Middag', 'kjøtt', 'Svinekjøtt med grønnsaker,brød og rømme', 0, '', 1),
(79, '2016-08-25 05:34:43', '2016-08-25 05:34:43', 1, 'Mellom måltid', NULL, 'Knekkebrød/rundstykke/brødskive eller tilsvarende', NULL, '', 1),
(80, '2016-09-04 08:38:41', '2017-06-18 19:55:18', 1, 'Kveldsmat', '', '2 brødskiver med smør og pålegg, pluss egen yoghurt blanding med bær og nøtter', 0, '', 0),
(81, '2016-09-04 08:39:40', '2016-10-13 19:30:06', 1, 'Middag', 'kjøtt', 'Kyllingfilet ovnsbakt med pasta og salat, pluss barbecue saus', 0, '', 1),
(83, '2016-09-16 21:34:32', '2016-09-16 21:34:32', 1, 'Lunsj', NULL, 'Smoothie pluss brødskive med margarin og pålegg', NULL, '', 1),
(84, '2016-09-16 21:38:15', '2016-10-13 19:27:23', 1, 'Middag', 'fisk', 'Grønnsakssuppe fra mere suppe, tilsatt 250g torsk, pluss ett flatbrød med smør', 0, '', 1),
(86, '2016-09-24 11:24:24', '2016-09-24 11:24:24', 1, 'Frokost', NULL, 'Omelett, pluss 1 brødskive med margarin og pålegg', NULL, '', 1),
(87, '2016-09-24 11:26:59', '2017-06-18 19:58:52', 1, 'Kveldsmat', '', '2 Ostesmørbrød med smør,  ost og skinke, pluss en børdskive', 0, '', 0),
(88, '2016-09-25 07:06:40', '2016-09-25 07:06:40', 1, 'Dessert', NULL, 'Kakestykke', NULL, '', 1),
(89, '2016-09-27 17:47:25', '2016-12-03 07:46:57', 1, 'Middag', 'fisk', 'Sei med ris og grønnsaker', 0, '', 1),
(90, '2016-10-13 19:22:41', '2016-10-13 19:22:41', 1, 'Middag', 'fisk', 'Laks med agurksalat og poteter og rømme tilbehør', NULL, '', 1),
(91, '2016-10-25 16:09:11', '2016-10-25 16:09:11', 1, 'Dessert', '', 'Smultring', NULL, '', 1),
(92, '2016-11-05 17:25:20', '2016-11-05 17:25:20', 1, 'Middag', 'kjøtt', 'Kyllingfilet ovnsbakt med poteter, blomkål og brokkoli, pluss rømme', NULL, '', 1),
(93, '2016-11-07 20:58:24', '2016-11-07 20:58:24', 1, 'Middag', 'kjøtt', 'Lammekjøtt med poteter og grønnsaker', NULL, '', 1),
(94, '2016-11-08 20:18:01', '2016-11-08 20:18:01', 1, 'Middag', 'fisk', 'Torsk, ris, blomkål, brokoli og smeltet smør', NULL, '', 1),
(95, '2016-11-13 23:00:53', '2016-11-13 23:00:53', 1, 'Middag', 'fisk', 'Fiskeburger, poteter, brokkoli og rømme', NULL, '', 1),
(97, '2016-12-03 07:44:36', '2016-12-03 07:47:19', 1, 'Middag', 'fisk', 'Sei med pasta og grønnsaker', 0, '', 1),
(98, '2016-12-07 21:47:18', '2017-08-08 07:42:08', 1, 'Kveldsmat', '', '3 små pannekaker(se oppskrift) og 2 brødskiver med smør og pålegg', 0, '', 0),
(99, '2016-12-09 16:05:28', '2016-12-09 16:05:28', 1, 'Mellom måltid', 'kjøtt', 'Kjøttboller i tomstsaus, 5-8 stykker', NULL, '', 1),
(100, '2016-12-16 22:22:27', '2016-12-16 22:22:27', 1, 'Kveldsmat', 'kjøtt', 'Gryte med kjøttdeig og ris, pluss ett  rundstykke med margarin', NULL, '', 1),
(101, '2016-12-24 21:00:43', '2016-12-24 21:00:43', 1, 'Lunsj', '', 'Risengrynsgrøt med kanel og sukker', NULL, '', 1),
(102, '2016-12-24 21:01:37', '2016-12-24 21:03:08', 1, 'Middag', 'kjøtt', 'Pinnekjøtt med poteter og kålrabistappe', 0, '', 1),
(103, '2016-12-27 23:05:02', '2016-12-27 23:05:02', 1, 'Dessert', '', 'Marsipan kuler', NULL, '', 1),
(104, '2017-01-20 16:36:21', '2017-08-18 04:41:04', 1, 'Frokost', '', 'Egen smoothie istedenfor melk og 3 brødskiver med margarin og pålegg', 0, '', 0),
(106, '2017-01-21 14:17:58', '2017-01-21 14:17:58', 1, 'Frokost', '', '1 baguett, grov brixs med maragarin og pålegg på begge halvdeler', NULL, '', 1),
(107, '2017-01-30 17:41:51', '2017-01-30 17:41:51', 1, 'Middag', 'kjøtt', 'Svinekjøtt/strimler med ris/broccoli/paprika', NULL, '', 1),
(108, '2017-02-03 01:33:38', '2017-02-03 01:37:12', 1, 'Dessert', '', '2. Måtid ikke gjennomført ihht. dietplan', 0, '', 1),
(109, '2017-02-03 01:36:39', '2017-02-03 01:36:39', 1, 'Dessert', '', '1. Måtid ikke spist', NULL, '', 1),
(110, '2017-02-03 01:40:13', '2017-02-03 01:40:13', 1, 'Lunsj', '', '2 rundstykker med margarin og pålegg på alle halvdelene', NULL, '', 1),
(111, '2017-02-07 07:35:32', '2017-02-07 07:35:32', 1, 'Dessert', '', 'Lefse', NULL, '', 1),
(112, '2017-02-11 08:05:53', '2017-02-11 08:07:37', 1, 'Middag', 'fisk', 'Sei med poteter og grønnsaker', 0, '', 1),
(113, '2017-02-21 16:36:54', '2017-02-21 16:49:29', 1, 'Middag', '', 'Buffet, hotell', 0, '', 1),
(114, '2017-02-21 16:37:43', '2017-02-21 16:37:43', 1, 'Frokost', '', 'Frokost på hotell', NULL, '', 1),
(116, '2017-02-21 16:44:32', '2017-02-21 16:44:32', 1, 'Lunsj', '', 'Cæsarsalat, kjøpt', NULL, '', 1),
(117, '2017-02-21 16:47:09', '2017-02-21 16:47:09', 1, 'Kveldsmat', '', 'Kun fresubin, 200ml', NULL, '', 1),
(118, '2017-03-01 21:16:37', '2017-03-01 21:16:37', 1, 'Middag', 'fisk', 'Lakseburger med salet og rømmedressing, pluss spagetti', NULL, '', 1),
(119, '2017-03-11 10:49:27', '2017-03-11 10:49:27', 1, 'Middag', 'fisk', 'Skrei med poteter og grønsaker', NULL, '', 1),
(120, '2017-03-12 22:53:41', '2017-03-12 22:53:41', 1, 'Kveldsmat', '', '1. Spist men ikke ihht. kostplan', NULL, '', 1),
(121, '2017-03-18 10:04:08', '2017-03-18 10:04:08', 1, 'Middag', 'fisk', 'Steinbit og koskos, pluss grønnsaker', NULL, '', 1),
(122, '2017-03-30 18:04:44', '2017-03-30 18:04:44', 1, 'Kveldsmat', '', 'Frokostblanding', NULL, '', 1),
(123, '2017-04-03 11:38:03', '2017-04-03 11:38:03', 1, 'Lunsj', 'fisk', 'Wraps med tunfisk og grønnsaker', NULL, '', 1),
(124, '2017-04-06 16:21:17', '2017-04-06 16:21:17', 1, 'Middag', 'kjøtt', 'Storfekjøtt med couscous, pesto og rømme.', NULL, '', 1),
(125, '2017-04-10 16:40:49', '2017-04-10 16:40:49', 1, 'Lunsj', '', 'Baguett med ost og skinke, kjøpt i butikk', NULL, '', 1),
(127, '2017-04-12 08:34:23', '2017-08-08 07:36:02', 1, 'Lunsj', '', '3 fiskekaker og 2 brødskiver med smør og pålegg', 0, '', 0),
(128, '2017-04-12 16:26:27', '2017-04-12 16:26:27', 1, 'Middag', 'fisk', 'Lakseburger i hamburgerbrød m/salat og rømme dressing', NULL, '', 1),
(129, '2017-04-30 20:51:09', '2017-04-30 20:51:09', 1, 'Dessert', '', 'Fresubin, 80 ml', NULL, '', 0),
(130, '2017-05-19 16:25:40', '2017-05-19 16:31:33', 1, 'Middag', 'fisk', 'Hummer med majones, loff, sitron, egg og salat', 0, '', 0),
(131, '2017-05-29 03:48:14', '2017-05-29 03:48:14', 1, 'Dessert', '', 'Lørdags godtepose', NULL, '', 0),
(132, '2017-06-16 17:27:17', '2017-08-08 07:34:51', 1, 'Lunsj', '', '2 egg og 2 brødskiver med smør og pålegg', 0, '', 0),
(133, '2017-06-24 06:42:55', '2017-06-24 06:42:55', 1, 'Middag', 'kjøtt', 'Buritos med kylling, kjøpt', NULL, '', 0),
(134, '2017-06-24 06:44:55', '2017-06-24 06:44:55', 1, 'Middag', 'kjøtt', 'Kjøttboller og pasta med tomatsaus', NULL, '', 0),
(135, '2017-06-25 05:14:23', '2017-06-25 05:14:23', 1, 'Middag', 'kjøtt', 'Kylling grillet og coscos', NULL, '', 0),
(136, '2017-06-28 21:01:40', '2017-06-29 16:17:44', 1, 'Middag', 'fisk', 'Fisk med spinat (hovedrett) og tunfisk (forrett)', 0, '', 0),
(137, '2017-06-30 19:45:18', '2017-06-30 19:45:18', 1, 'Middag', 'kjøtt', 'And med fersken og saus', NULL, '', 0),
(138, '2017-06-30 19:50:08', '2017-06-30 19:50:08', 1, 'Dessert', 'frukt', 'Ulike typer frukt (oppkjært) med saus', NULL, '', 0),
(139, '2017-07-01 13:58:24', '2017-07-01 13:58:24', 1, 'Lunsj', 'fisk', 'Pasta med sjømat.', NULL, '', 0),
(140, '2017-07-01 21:09:50', '2017-07-01 21:09:50', 1, 'Middag', 'fisk', 'Hvit fisk (stekt) med blomkål i kremet saus.', NULL, '', 0),
(141, '2017-07-05 10:57:33', '2017-07-05 10:57:33', 1, 'Middag', 'fisk', 'Muslinger dampet i hvitløk', NULL, '', 0),
(142, '2017-07-07 07:29:17', '2017-07-07 07:29:17', 1, 'Dessert', '', 'Jordbær og melk', NULL, '', 0),
(143, '2017-07-07 21:57:45', '2017-07-07 21:57:45', 1, 'Lunsj', '', 'Kyllingsalat og 2 rundstykker, kjøpt', NULL, '', 0),
(144, '2017-07-18 20:53:50', '2017-07-18 20:53:50', 1, 'Middag', 'fisk', 'Scampi med ris og broccoli', NULL, '', 0),
(145, '2017-07-24 22:19:24', '2017-07-24 22:19:24', 1, 'Middag', 'kjøtt', 'Lapskaus, kjøpt meny', NULL, '', 0),
(146, '2017-07-29 19:44:57', '2017-07-29 19:44:57', 1, 'Middag', '', 'Buffet, rhodos, pliminiri', NULL, '', 0),
(147, '2017-07-29 19:46:12', '2017-07-29 19:46:12', 1, 'Frokost', '', 'Koldtbord, hellas, pliminiri', NULL, '', 0),
(148, '2017-07-29 19:46:58', '2017-07-29 19:46:58', 1, 'Lunsj', '', 'Koldtbord, hellas, pliminiri', NULL, '', 0),
(149, '2017-08-03 04:27:11', '2017-08-03 04:27:11', 1, 'Dessert', '', 'Buffet, plimmiri, blandet frukt', NULL, '', 0),
(150, '2017-08-08 07:37:16', '2017-08-08 07:37:16', 1, 'Middag', 'fisk', 'Torsk, frityrstekt med ris og grønnsaker', NULL, '', 0),
(152, '2017-08-15 20:26:30', '2017-08-15 20:26:30', 1, 'Lunsj', '', 'Polarbrød, grove, med skinke, 5 stykker', NULL, '', 0),
(153, '2017-08-15 20:36:26', '2017-08-15 20:36:26', 1, 'Kveldsmat', '', 'Polarbrød, grove, med skinke, 5 stykker', NULL, '', 0),
(154, '2017-08-18 04:35:04', '2017-08-18 04:35:04', 1, 'Middag', 'fisk', 'Fiskepinner med ris og grønnsaker', NULL, '', 0),
(156, '2017-08-27 16:32:34', '2017-08-27 16:32:34', 1, 'Dessert', 'vegetar', 'Havfrefras med melk og bær', NULL, '', 0),
(157, '2017-09-16 04:47:51', '2017-09-16 04:47:51', 1, 'Lunsj', '', 'Rundstykke/briks/pizzabolle og drikke på kiwii', NULL, '', 0),
(158, '2017-09-28 14:19:44', '2017-09-28 14:19:44', 1, 'Lunsj', 'kjøtt', 'Kjøttboller i tomatsaus og pasta', NULL, '', 0);

# ############################

#
# Table structure for table `diet_plans`
#

DROP TABLE IF EXISTS `diet_plans`;
CREATE TABLE IF NOT EXISTS `diet_plans` (
  `id` int(11) NOT NULL AUTO_INCREMENT,
  `created_date_time` timestamp NOT NULL DEFAULT CURRENT_TIMESTAMP,
  `last_modified_date_time` timestamp NOT NULL DEFAULT '0000-00-00 00:00:00',
  `start_date_time` timestamp NOT NULL DEFAULT '0000-00-00 00:00:00',
  `end_date_time` timestamp NOT NULL DEFAULT '0000-00-00 00:00:00',
  `diet_plan_name` varchar(100) DEFAULT NULL,
  `diet_plan_description` varchar(200) DEFAULT NULL,
  `diet_plan_active` int(11) DEFAULT NULL,
  PRIMARY KEY (`id`)
) ENGINE=InnoDB  DEFAULT CHARSET=utf8 AUTO_INCREMENT=3 ;

#
# Dumping data for table `diet_plans`
#

INSERT INTO `diet_plans` (`id`, `created_date_time`, `last_modified_date_time`, `start_date_time`, `end_date_time`, `diet_plan_name`, `diet_plan_description`, `diet_plan_active`) VALUES
(1, '2017-04-10 08:00:36', '2017-04-10 08:00:36', '2017-04-10 08:00:36', '2017-04-10 08:00:36', 'EP Diet Plan 1', 'Kostplan fra uke 16 i 2016 til uke 4 i 2017', 0),
(2, '2017-04-10 08:00:36', '2017-04-10 08:00:36', '2017-04-10 08:00:36', '2017-04-10 08:00:36', 'EP Diet Plan 2', 'Kostplan fra uke 4 i 2017 til uke x i 2017', 1);

# ############################

#
# Table structure for table `diet_plan_meals`
#

DROP TABLE IF EXISTS `diet_plan_meals`;
CREATE TABLE IF NOT EXISTS `diet_plan_meals` (
  `id` int(11) NOT NULL AUTO_INCREMENT,
  `created_date_time` timestamp NOT NULL DEFAULT CURRENT_TIMESTAMP,
  `last_modified_date_time` timestamp NOT NULL DEFAULT '0000-00-00 00:00:00',
  `start_date_time` timestamp NOT NULL DEFAULT '0000-00-00 00:00:00',
  `end_date_time` timestamp NOT NULL DEFAULT '0000-00-00 00:00:00',
  `meal_name` varchar(100) DEFAULT NULL,
  `meal_period` varchar(200) DEFAULT NULL,
  `meal_description` varchar(200) DEFAULT NULL,
  `meal_default` int(11) DEFAULT '0',
  `meal_order` int(11) DEFAULT '0',
  PRIMARY KEY (`id`)
) ENGINE=InnoDB  DEFAULT CHARSET=utf8 AUTO_INCREMENT=8 ;

#
# Dumping data for table `diet_plan_meals`
#

INSERT INTO `diet_plan_meals` (`id`, `created_date_time`, `last_modified_date_time`, `start_date_time`, `end_date_time`, `meal_name`, `meal_period`, `meal_description`, `meal_default`, `meal_order`) VALUES
(1, '2017-04-10 08:03:31', '2017-04-10 08:03:31', '2017-04-10 08:03:31', '2017-04-10 08:03:31', 'Frokost', '(0700 - 0800, helg 0900 -1030)', NULL, 1, 1),
(2, '2017-04-10 08:03:31', '2017-04-10 08:03:31', '2017-04-10 08:03:31', '2017-04-10 08:03:31', 'Lunsj', '(1130 - 1200, helg 1300 - 1330)', NULL, 1, 2),
(3, '2017-04-10 08:03:31', '2017-04-10 08:03:31', '2017-04-10 08:03:31', '2017-04-10 08:03:31', 'Mellom måltid', '(1500 - 1530 og/eller 1900 - 1930)', NULL, 0, 3),
(4, '2017-04-10 08:03:31', '2017-04-10 08:03:31', '2017-04-10 08:03:31', '2017-04-10 08:03:31', 'Middag', '(1630 - 1700, helg 1700 - 1730)', NULL, 1, 4),
(5, '2017-04-10 08:03:31', '2017-04-10 08:03:31', '2017-04-10 08:03:31', '2017-04-10 08:03:31', 'Kveldsmat', '(2030 - 2100, helg 2100 - 2130)', NULL, 1, 6),
(6, '2017-04-10 08:03:31', '2017-04-10 08:03:31', '2017-04-10 08:03:31', '2017-04-10 08:03:31', 'Dessert', '', NULL, 1, 5),
(7, '2017-04-10 08:03:31', '2017-04-10 08:03:31', '2017-04-10 08:03:31', '2017-04-10 08:03:31', 'Regler', 'Regler og tillegg for alle måltider', NULL, 0, 0);

# ############################

#
# Table structure for table `diet_plan_meal_items`
#

DROP TABLE IF EXISTS `diet_plan_meal_items`;
CREATE TABLE IF NOT EXISTS `diet_plan_meal_items` (
  `id` int(11) NOT NULL AUTO_INCREMENT,
  `created_date_time` timestamp NOT NULL DEFAULT CURRENT_TIMESTAMP,
  `last_modified_date_time` timestamp NOT NULL DEFAULT '0000-00-00 00:00:00',
  `fk_diet_plan_id` int(11) DEFAULT NULL,
  `fk_diet_plan_meal_id` int(11) DEFAULT NULL,
  `meal_item_name` varchar(100) DEFAULT NULL,
  `meal_item_type` varchar(100) DEFAULT NULL,
  `meal_item_description` varchar(500) DEFAULT NULL,
  `meal_item_energy_kcal` int(11) DEFAULT NULL,
  `meal_item_img_link` varchar(100) DEFAULT NULL,
  `meal_item_enabled` int(11) DEFAULT '1',
  PRIMARY KEY (`id`),
  KEY `fk_diet_plan_id` (`fk_diet_plan_id`),
  KEY `fk_diet_plan_meal_id` (`fk_diet_plan_meal_id`)
) ENGINE=InnoDB  DEFAULT CHARSET=utf8 AUTO_INCREMENT=52 ;

#
# Dumping data for table `diet_plan_meal_items`
#

INSERT INTO `diet_plan_meal_items` (`id`, `created_date_time`, `last_modified_date_time`, `fk_diet_plan_id`, `fk_diet_plan_meal_id`, `meal_item_name`, `meal_item_type`, `meal_item_description`, `meal_item_energy_kcal`, `meal_item_img_link`, `meal_item_enabled`) VALUES
(1, '2017-04-10 08:04:50', '2017-04-10 08:04:50', 1, 1, 'Frokost', '', '3 brødskiver med margarin og pålegg / Havregrøt(75g) på lettmelk med 1 ts sukker / Havrefras(70g) 3dl lettmelk pluss ett egg', 0, NULL, 1),
(2, '2017-04-10 08:04:50', '2017-04-10 08:04:50', 1, 1, 'Frokost', '', '1 glass lettmelk (2 dl)', 0, NULL, 1),
(3, '2017-04-10 08:04:50', '2017-04-10 08:04:50', 1, 1, 'Frokost', '', '1 frukt', 0, NULL, 1),
(4, '2017-04-10 08:04:50', '2017-04-10 08:04:50', 1, 1, 'Frokost', '', '125 ml Fresubin Energy', 0, NULL, 1),
(5, '2017-04-10 08:04:50', '2017-04-10 08:04:50', 1, 1, 'Frokost', '', '1 multivitamin', 0, NULL, 1),
(6, '2017-04-10 08:04:50', '2017-04-10 08:04:50', 1, 2, 'Lunsj', '', '3 brødskiver med margarin og pålegg / 2 brødskiver med margarin og 1 egg, pluss 1 yoghurt', 0, NULL, 1),
(7, '2017-04-10 08:04:50', '2017-04-10 08:04:50', 1, 2, 'Lunsj', '', '1 glass lettmelk (2 dl)', 0, NULL, 1),
(8, '2017-04-10 08:04:50', '2017-04-10 08:04:50', 1, 2, 'Lunsj', '', '1 frukt', 0, NULL, 1),
(9, '2017-04-10 08:04:50', '2017-04-10 08:04:50', 1, 2, 'Lunsj', '', '125 ml Fresubin Energy', 0, NULL, 1),
(10, '2017-04-10 08:04:50', '2017-04-10 08:04:50', 1, 3, 'Mellom måltid', '', '2 Bixit, 60g nøtteblanding, 6 riskjeks eller 33 ml YT', 0, NULL, 1),
(11, '2017-04-10 08:04:50', '2017-04-10 08:04:50', 1, 4, 'Middag', '', '1 porsjon middag (varier mellom kjøtt og fisk)', 0, NULL, 1),
(12, '2017-04-10 08:04:50', '2017-04-10 08:04:50', 1, 4, 'Middag', '', '1 dessert eller 1 yoghurt (Kan erstattes med 1/3 ekstra middag)', 0, NULL, 1),
(13, '2017-04-10 08:04:50', '2017-04-10 08:04:50', 1, 4, 'Middag', '', '1 juice (2 dl)', 0, NULL, 1),
(14, '2017-04-10 08:04:50', '2017-04-10 08:04:50', 1, 4, 'Middag', '', '125 ml Fresubin Energy', 0, NULL, 1),
(15, '2017-04-10 08:04:50', '2017-04-10 08:04:50', 1, 5, 'Kveldsmat', '', '1 brødskive med margarin og pålegg', 0, NULL, 1),
(16, '2017-04-10 08:04:50', '2017-04-10 08:04:50', 1, 5, 'Kveldsmat', '', '1 Go-Morgen yoghurt', 0, NULL, 1),
(17, '2017-04-10 08:04:50', '2017-04-10 08:04:50', 1, 5, 'Kveldsmat', '', '1 glass lettmelk (2 dl)', 0, NULL, 1),
(18, '2017-04-10 08:04:50', '2017-04-10 08:04:50', 1, 5, 'Kveldsmat', '', '125 ml Fresubin Energy', 0, NULL, 1),
(19, '2017-04-10 08:04:50', '2017-04-10 08:04:50', 1, 7, 'Regler og tillegg', '', '500 ml vann/saft hver dag', 0, NULL, 1),
(20, '2017-04-10 08:04:50', '2017-04-10 08:04:50', 1, 7, 'Regler og tillegg', '', 'Ikke lett produkter', 0, NULL, 1),
(21, '2017-04-10 08:04:50', '2017-04-10 08:04:50', 1, 7, 'Regler og tillegg', '', 'Spisetid 30 minutter, det som eventuelt blir igjen skal da erstattes med Fresubin', 0, NULL, 1),
(22, '2017-04-10 08:04:50', '2017-04-10 08:04:50', 1, 7, 'Regler og tillegg', '', 'Frokost: 350 ml Fresubin kan erstatte hele måltidet (200 ml innehlder 300 Kcal)', 0, NULL, 1),
(23, '2017-04-10 08:04:50', '2017-04-10 08:04:50', 1, 7, 'Regler og tillegg', '', 'Lunsj: 450 ml Fresubin kan erstatte hele måltidet', 0, NULL, 1),
(24, '2017-04-10 08:04:50', '2017-04-10 08:04:50', 1, 7, 'Regler og tillegg', '', 'Middag: 500 ml Fresubin kan erstatte hele måltidet', 0, NULL, 1),
(25, '2017-04-10 08:04:50', '2017-04-10 08:04:50', 1, 7, 'Regler og tillegg', '', 'Kveldsmat: 350 ml Fresubin kan erstatte hele måltidet', 0, NULL, 1),
(26, '2017-04-10 08:04:50', '2017-04-10 08:04:50', 2, 1, 'Frokost', '', '3 brødskiver med margarin og pålegg / Havregrøt(75g) på lettmelk med 1 ts sukker / Havrefras(70g) og 3dl lettmelk pluss ett egg / Frokostblanding 90g og 3dl lettmelk', 0, NULL, 1),
(27, '2017-04-10 08:04:50', '2017-04-10 08:04:50', 2, 1, 'Frokost', '', '1 glass lettmelk (2 dl)', 0, NULL, 1),
(28, '2017-04-10 08:04:50', '2017-04-10 08:04:50', 2, 1, 'Frokost', '', '1 frukt', 0, NULL, 1),
(29, '2017-04-10 08:04:50', '2017-04-10 08:04:50', 2, 1, 'Frokost', '', '150 ml Fresubin Energy', 0, NULL, 1),
(30, '2017-04-10 08:04:50', '2017-04-10 08:04:50', 2, 1, 'Frokost', '', '1 multivitamin', 0, NULL, 1),
(31, '2017-04-10 08:04:50', '2017-04-10 08:04:50', 2, 2, 'Lunsj', '', '3 brødskiver med margarin og pålegg / 2 brødskiver med margarin og 1 egg, pluss 1 yoghurt', 0, NULL, 1),
(32, '2017-04-10 08:04:50', '2017-04-10 08:04:50', 2, 2, 'Lunsj', '', '1 glass lettmelk (2 dl)', 0, NULL, 1),
(33, '2017-04-10 08:04:50', '2017-04-10 08:04:50', 2, 2, 'Lunsj', '', '1 frukt', 0, NULL, 1),
(34, '2017-04-10 08:04:50', '2017-04-10 08:04:50', 2, 2, 'Lunsj', '', '150 ml Fresubin Energy', 0, NULL, 1),
(35, '2017-04-10 08:04:50', '2017-04-10 08:04:50', 2, 3, 'Mellom måltid', '', '2 Bixit, 60g nøtteblanding, 6 riskjeks eller 33 ml YT', 0, NULL, 1),
(36, '2017-04-10 08:04:50', '2017-04-10 08:04:50', 2, 4, 'Middag', '', '1 porsjon middag (varier mellom kjøtt og fisk)', 0, NULL, 1),
(37, '2017-04-10 08:04:50', '2017-04-10 08:04:50', 2, 4, 'Middag', '', '1 dessert eller 1 yoghurt (Kan erstattes med 1/3 ekstra middag)', 0, NULL, 1),
(38, '2017-04-10 08:04:50', '2017-04-10 08:04:50', 2, 4, 'Middag', '', '1 juice (2 dl)', 0, NULL, 1),
(39, '2017-04-10 08:04:50', '2017-04-10 08:04:50', 2, 4, 'Middag', '', '150 ml Fresubin Energy', 0, NULL, 1),
(40, '2017-04-10 08:04:50', '2017-04-10 08:04:50', 2, 5, 'Kveldsmat', '', '1 brødskive med margarin og pålegg', 0, NULL, 1),
(41, '2017-04-10 08:04:50', '2017-04-10 08:04:50', 2, 5, 'Kveldsmat', '', '1 Go-Morgen yoghurt', 0, NULL, 1),
(42, '2017-04-10 08:04:50', '2017-04-10 08:04:50', 2, 5, 'Kveldsmat', '', '1 glass lettmelk (2 dl)', 0, NULL, 1),
(43, '2017-04-10 08:04:50', '2017-04-10 08:04:50', 2, 5, 'Kveldsmat', '', '150 ml Fresubin Energy', 0, NULL, 1),
(44, '2017-04-10 08:04:50', '2017-04-10 08:04:50', 2, 7, 'Regler og tillegg', '', '500 ml vann/saft hver dag', 0, NULL, 1),
(45, '2017-04-10 08:04:50', '2017-04-10 08:04:50', 2, 7, 'Regler og tillegg', '', 'Ikke lett produkter', 0, NULL, 1),
(46, '2017-04-10 08:04:50', '2017-04-10 08:04:50', 2, 7, 'Regler og tillegg', '', 'Spisetid 30 minutter, det som eventuelt blir igjen skal da erstattes med Fresubin', 0, NULL, 1),
(47, '2017-04-10 08:04:50', '2017-04-10 08:04:50', 2, 7, 'Regler og tillegg', '', 'Frokost: 350 ml Fresubin kan erstatte hele måltidet (200 ml innehlder 300 Kcal)', 0, NULL, 1),
(48, '2017-04-10 08:04:50', '2017-04-10 08:04:50', 2, 7, 'Regler og tillegg', '', 'Lunsj: 450 ml Fresubin kan erstatte hele måltidet', 0, NULL, 1),
(49, '2017-04-10 08:04:50', '2017-04-10 08:04:50', 2, 7, 'Regler og tillegg', '', 'Middag: 500 ml Fresubin kan erstatte hele måltidet', 0, NULL, 1),
(50, '2017-04-10 08:04:50', '2017-04-10 08:04:50', 2, 7, 'Regler og tillegg', '', 'Kveldsmat: 350 ml Fresubin kan erstatte hele måltidet', 0, NULL, 1),
(51, '2017-04-10 08:29:54', '2017-04-10 08:29:54', 2, 7, 'Regler og tillegg', '', 'Alle måltider skal tilberedes av foreldre', 0, NULL, 1);

# ############################

#
# Table structure for table `diet_products`
#
DROP TABLE IF EXISTS `diet_products`;
CREATE TABLE IF NOT EXISTS `diet_products` (
  `id` int(11) NOT NULL AUTO_INCREMENT,
  `created_date_time` timestamp NOT NULL DEFAULT CURRENT_TIMESTAMP,
  `last_modified_date_time` timestamp NOT NULL DEFAULT '1970-01-01 05:00:00',
  `product_name` varchar(100) DEFAULT NULL,
  `product_type` varchar(100) DEFAULT NULL,
  `product_description` varchar(500) DEFAULT NULL,
  PRIMARY KEY (`id`)
) ENGINE=InnoDB  DEFAULT CHARSET=utf8 AUTO_INCREMENT=4 ;

#
# Dumping data for table `diet_products`
#

INSERT INTO `diet_products` (`id`, `created_date_time`, `last_modified_date_time`, `product_name`, `product_type`, `product_description`) VALUES
(1, '2016-05-23 08:22:07', '2016-05-23 08:22:07', 'Yoghurt', 'desert', 'Porsjoner som tilsvarer 1 frukt yoghurt'),
(2, '2016-05-23 08:22:07', '2016-05-23 08:22:07', 'GO-Morgen Yoghurt', 'desert', 'Porsjoner som tilsvarer 1 go-morgen yoghurt'),
(3, '2016-06-04 07:08:43', '2016-06-04 07:08:43', '3 Brødskiver', 'frokost', 'Porsjoner som tilsvarer 3 brødskiver med margarin og pålegg');

# ############################

#
# Table structure for table `diet_product_equivalent_items`
#
DROP TABLE IF EXISTS `diet_product_equivalent_items`;
CREATE TABLE IF NOT EXISTS `diet_product_equivalent_items` (
  `id` int(11) NOT NULL AUTO_INCREMENT,
  `created_date_time` timestamp NOT NULL DEFAULT CURRENT_TIMESTAMP,
  `last_modified_date_time` timestamp NOT NULL DEFAULT '1970-01-01 05:00:00',
  `fk_diet_product_id` int(11) DEFAULT NULL,
  `product_equivalent_name` varchar(100) DEFAULT NULL,
  `product_equivalent_description` varchar(500) DEFAULT NULL,
  PRIMARY KEY (`id`),
  KEY `fk_diet_product_id` (`fk_diet_product_id`)
) ENGINE=InnoDB  DEFAULT CHARSET=utf8 AUTO_INCREMENT=20 ;

#
# Dumping data for table `diet_product_equivalent_items`
#

INSERT INTO `diet_product_equivalent_items` (`id`, `created_date_time`, `last_modified_date_time`, `fk_diet_product_id`, `product_equivalent_name`, `product_equivalent_description`) VALUES
(1, '2016-05-23 08:22:30', '2016-05-23 08:22:30', 1, 'brødskive', '1 brødskive med pålegg'),
(2, '2016-05-23 08:22:30', '2016-05-23 08:22:30', 1, 'knekkebrød', '2 knekkebrød med pålegg'),
(3, '2016-05-23 08:22:30', '2016-05-23 08:22:30', 1, 'sjokolademelk', '2 dl OBoy med lett melk'),
(4, '2016-05-23 08:22:30', '2016-05-23 08:22:30', 1, 'middag', '1/3 middagsprosjon'),
(5, '2016-05-23 08:22:30', '2016-05-23 08:22:30', 1, 'vaffel', '1/2 vaffel med syltetøy'),
(6, '2016-05-23 08:22:30', '2016-05-23 08:22:30', 1, 'is', '1,5 dl fløteis'),
(7, '2016-05-23 08:22:30', '2016-05-23 08:22:30', 1, 'bar', '1 byggrynslunsj'),
(8, '2016-05-23 08:22:30', '2016-05-23 08:22:30', 1, 'bar', '1 rislunsj'),
(9, '2016-05-23 08:22:30', '2016-05-23 08:22:30', 1, 'melk', '3 dl lettmelk'),
(10, '2016-05-23 08:22:30', '2016-05-23 08:22:30', 1, 'milsibar', '1 Wasa muslibar'),
(11, '2016-05-23 08:22:30', '2016-05-23 08:22:30', 2, 'nøttebalnding', '1 pakke småsulten nøtte - og frukt blanding'),
(12, '2016-05-23 08:22:30', '2016-05-23 08:22:30', 2, 'YT', '1 YT bar + 5 dl YT restitusjonsdrikk'),
(13, '2016-05-23 08:22:30', '2016-05-23 08:22:30', 2, 'iskaffe', '1 iskaffe Energi (Tine)'),
(14, '2016-05-23 08:22:30', '2016-05-23 08:22:30', 2, 'brødskive', '2 brødskiver med margarin og pålegg'),
(15, '2016-05-23 08:22:30', '2016-05-23 08:22:30', 2, 'rundstykke', '1 rundstykke med margarin og pålegg'),
(16, '2016-05-23 08:22:30', '2016-05-23 08:22:30', 2, 'baguett', '1 medium baguett med margaring og pålegg på begge halvdelene'),
(17, '2016-05-23 08:22:30', '2016-05-23 08:22:30', 2, 'sjokolademelk', '5 dl sjokolademelk (ikke lett varianten)'),
(18, '2016-06-04 07:09:30', '2016-06-04 07:09:30', 3, '3 brødskiver', '1 Smoothie, pluss 1/2 rundstykke med margarin og pålegg'),
(19, '2016-06-04 07:09:30', '2016-06-04 07:09:30', 3, '3 brødskiver', 'Omelett, pluss 1/2 rundstykke med margarin og pålegg');

# ############################

#
# Table structure for table `diet_rules`
#
DROP TABLE IF EXISTS `diet_rules`;
CREATE TABLE IF NOT EXISTS `diet_rules` (
  `id` int(11) NOT NULL AUTO_INCREMENT,
  `created_date_time` timestamp NOT NULL DEFAULT CURRENT_TIMESTAMP,
  `last_modified_date_time` timestamp NOT NULL DEFAULT '0000-00-00 00:00:00',
  `fk_diet_plan_id` int(11) DEFAULT NULL,
  `rule_name` varchar(100) DEFAULT NULL,
  `rule_description` varchar(200) DEFAULT NULL,
  `rule_active` int(11) DEFAULT NULL,
  PRIMARY KEY (`id`),
  KEY `fk_diet_plan_id` (`fk_diet_plan_id`)
) ENGINE=InnoDB  DEFAULT CHARSET=utf8 AUTO_INCREMENT=3 ;

#
# Dumping data for table `diet_rules`
#

INSERT INTO `diet_rules` (`id`, `created_date_time`, `last_modified_date_time`, `fk_diet_plan_id`, `rule_name`, `rule_description`, `rule_active`) VALUES
(1, '2017-04-10 08:01:40', '2017-04-10 08:01:40', 1, 'lett produkter', 'Ikke lett produkter', 1),
(2, '2017-04-10 08:01:40', '2017-04-10 08:01:40', 1, 'spisetid', 'Spisetid 30 minutter', 1);

# ############################

#
# Table structure for table `event_log`
#
DROP TABLE IF EXISTS `event_log`;
CREATE TABLE IF NOT EXISTS `event_log` (
  `id` int(11) NOT NULL AUTO_INCREMENT,
  `created_date_time` timestamp NOT NULL DEFAULT CURRENT_TIMESTAMP,
  `last_modified_date_time` timestamp NOT NULL DEFAULT '1970-01-01 05:00:00',
  `fk_user_id` int(11) DEFAULT NULL,
  `level` varchar(25) DEFAULT NULL,
  `title` varchar(50) DEFAULT NULL,
  `content` varchar(4096) DEFAULT NULL,
  PRIMARY KEY (`id`),
  KEY `fk_user_id` (`fk_user_id`)
) ENGINE=InnoDB  DEFAULT CHARSET=utf8 AUTO_INCREMENT=388 ;

#
# Dumping data for table `event_log`
#

INSERT INTO `event_log` (`id`, `created_date_time`, `last_modified_date_time`, `fk_user_id`, `level`, `title`, `content`) VALUES
(1, '2016-06-21 21:29:56', '2016-06-21 21:29:56', 5, 'INFO', 'Generelt', 'Emilie har styrt både lunsj og kveldsmaten selv i dag. Det har gått bra. Hun driver fortsatt å gjemmer unna mat til tider. Men det skaper ingen konflikter. Stort sett går det bra og hun er blid og fornøyd'),
(2, '2016-06-22 06:29:26', '2016-06-22 06:29:26', 5, 'CONFLICT', 'Lunsj på skolen', 'Emilie ble krakilsk da hun ikke fikk spise lunsj på skolen. Hylte, skrek og stanget hode i veggen. Kalte meg slem og løp ut døren. Hun syklet opp til skolen.\r\n\r\nAndreas slo seg også vrang i dag tidlig når han oppdaget at emilie hadde lånt hettegenseren hans. Jeg ble sur fordi han reagerte slik, noe som førte til at han bannet og slang mange stygge ord til meg.\r\nBa meg hoppe ut av vinduet, gå å henge meg, viste meg fingeren. Dette vil få konsekvenser, må tenke litt på hvilke.\r\nHan for ikke spille på pc eller mobil i en uke,  tenker jeg. Samt gi meg en unskylding. '),
(3, '2016-06-22 07:29:06', '2016-06-22 07:29:06', 5, 'INFO', 'Frokost', 'Emilie har puttet mye av forkostblandingen i jakkelommen. Gir henne ekstra fresubin til lunsj'),
(4, '2016-06-23 04:54:05', '2016-06-23 04:54:05', 5, 'INFO', 'Frokost konflikt', 'Gårsdagens konflikt løst seg etterhvert og øvige måltider gikk knirkefritt. Generelt skal det lite til for at en konflikt trigges. Men den er relativt lett å løse ved å inngå kompromier eller ved å la henne få viljen sin. Hun takler ikke brå endringer eller hvis ting ikke blir akkurat slik som hun har tenkt det. Uansett, det viktigste er å få henne til å spise nok mat. Og noen ganger må man da la henne få viljen sin for å unngå konflikter.\r\n'),
(5, '2016-06-25 06:32:07', '2016-06-25 06:32:07', 5, 'INFO', 'God progresjon', 'Emilie veide inn på 44,4 på ullevål i går.\r\nHun har også vokst 1 cm og er nå 159cm høy.\r\nGenerelt sett går det nå bra og hun visere tydelige tegn til at sulten begynner å styre mat mengen. Særlig til kveldsmaten. Da spiser hun ofte ett par ekstra brødskiver og ett ekstra glass melk.\r\nHumøret hennes er stort sett bra og hun er ikke lenger så nærtagen. Videre er hun heller ikke innesluttet så lenge av gangen.'),
(6, '2016-06-25 20:10:41', '2016-06-25 20:10:41', 5, 'INFO', 'Måltider', 'Emilie har styrt mange av måltidene i dag.\r\nHun sier at alt går bra og at hun spiser det hun skal. Men det er grunn til å tro at hun lager måltidene etter sitt ønske og følger ikke alle reglene vi har. Som for eksempel smør på brødskivene. Hun har heller ikke sluttet med å lure unna mat. Konklusjonen er at alle måltidene må fortsatt følges opp og kontrolleres nøye.'),
(7, '2016-06-25 20:57:24', '2016-06-25 20:57:24', 5, 'CONFLICT', 'Kveldsmat', 'Hun nekter å spise brødskivene fordi det er smør på dem. Sier også at hun ikke vil mer opp i vekt. Dette fordi hun nå har begynt å vokse igjen og skjønner da ikke hvorfor hun må ytterlig opp i vekt. Hun skirker og smeller med dørene, tramper i trappa.\r\nJeg sliter også med å beholde roen, sinnet tar overhånd og jeg kastet brødskivene i fanget hennes. Hun sier at hun ikke vil leve mer. Ting roet seg ganske rask og så gikk hun å la seg. Kveldsmaten var ikke ihht. diet planen.'),
(8, '2016-06-26 08:04:07', '2016-06-26 08:04:07', 5, 'INFO', 'Frokost konflikt', 'Hun har store problemer med å spise frokostblandingen. Klager på at det er alt for mye. Men mengden har ikke blitt endret.\r\nEr veldig frustrert og gråter og snakker høyt at hun ikke klarer å spise så mye. Roer seg litt ned etter vel 10 min og setter seg ned for å spise. Plukker ut litt frokostblanding ut av skålen og legger det på bordet. \r\nJeg lar henne bare holde på. Tenker at det er bedre at hun spiser litt enn ingenting. Jeg har ingen virkemiddel når hun blir slik. Må bare å få henne til å spise og håpe på at hun roer seg. Hun er veldig urolig, mye opp og ned mens hun spiser. Klarer ikke å sitte i ro. '),
(9, '2016-06-26 08:04:49', '2016-06-26 08:04:49', 5, 'INFO', 'Generelt', 'Emilie har styrt både lunsj og kveldsmaten selv i dag. Det har gått bra. Hun driver fortsatt å gjemmer unna mat til tider. Men det skaper ingen konflikter. Stort sett går det bra og hun er blid og fornøyd'),
(11, '2016-06-28 16:13:04', '2016-06-28 16:13:04', 5, 'INFO', 'Emilie', 'Hun er blitt mye flinkere til å ta kontakt med vennene sine og de lager avtale om å finne på noe sammen.\r\nDenne uken har hun vært mye ute å lekt med vennene sine. Hun har da også fått lov til å kjøpe seg lunsj på egenhånd.\r\nNoe hun setter vedlig stor pris på. jeg lar henne gjøre det fordi jeg ser at det er som balsam for psyken og humøret hennes.\r\nHun føler seg da ikke annerledes en de andre. '),
(13, '2016-06-29 15:49:20', '2016-07-03 09:00:13', 5, 'CONFLICT', 'Konflikt Middag', 'Her ble det problemer rundt valg av middag.  Emilie ringt og sa hun ønsket fiskesuppe til middag. Når hun kommer hjem viser det seg at jeg har lagd feil fiskesuppe. Jeg sier at hun kan spise denne og her starter konflikten. Det blir mye frem og tilbake. Hun vil ut å kjøpe noe annet, noe jeg ikke godtar. Ber henne om å smake på fiskesuppen først. Noe hun ikke vil. Hun prøver gjentatte ganger å gå ut, så jeg låser døren og tar nøklene. Hun er ganskw så fortivelt og snakker/skriker til meg. Jeg klarer å holde en rolig tone. Hun begynner å bli hysterisk og sparker og prøver å velte kjøleskapet. Jeg tar da grep og legger henne på gulver pg holder henne fast. Hun hyler, sparker og prøver å bite neg. Jeg sier ingenting men holder henne bare stabilt og prøver mitt beste for at det ikke skal være vondt. Etter vel 3 minutter dør anfallet ut og hun slapper av. Jeg slipper taket og bare sitter og styker henne på ryggen. Vil ligger slik i mange minutter. Ting løser seg så, jeg går ut å kjøper den fiskesuppen hun liker. Spør meg selv i ettertid hvorfor jeg ikke gjorde det med en gang. Men det handler om å ha kontrollen og hun skal ikke styre måltidene.'),
(14, '2016-06-30 16:15:02', '2016-06-30 19:22:01', 5, 'INFO', 'Middag', 'Gjemte unna pasta under middagen. Legger pasta''en faktisk under puten på stolen, som ikke er vedlig vanskelig for meg å oppdage. Hun bryr seg ikke så mye om jeg oppdager det eller ei.\r\nDette fordi hun trodde jeg hadde hatt oliven olje i vannet under koking av pasta''en. Noe jeg faktisk hadde glemt denne gangen. Ellers spiste hun opp alt. Dette utløste ingen konflikt.'),
(15, '2016-07-02 16:22:09', '2016-07-02 16:22:09', 5, 'CONFLICT', 'Konflikt i forbindelse med Frokost', 'Det ble problemer når jeg sa at hun måtte ha sukker på havregrøten. Noe som har gått greit tidligere, men som i det siste viser seg å være problematisk for henne. Hun truer med å slå seg vrang. Løste det ved å la henne bestemme mengde sukker. Men slik skal det ikke være. Hun utnytter nå det st jeg ønsker å unngå konflikt og prøver å finne løsninger. Vi mister da de faste rammene rundt måltidene. Og hun prøver hele tiden å ta kontroll over måltidene. Hun foreslår hele tiden nye varianter og det er krevende å påse at kalori inntaket da blir ihht. diet planen.'),
(16, '2016-07-03 08:49:14', '2016-07-03 09:15:28', 5, 'INFO', 'Frokost', 'I dag sov hun til kl. 1000. Hun er ikke sulten, men ønsket å lage seg wraps med laks til. Noe jeg godtar. Jeg spør hvor mye laks hun har hatt i wrapsen. Hun sier 3 skiver, men når jeg sjekker viser det seg at hun har brukt skinke og ikke laks. Hun luver bevist. Og det er nytt. Vi er nå inne i en litt vanskelig periode hva måltider angår. Humøret hennes svinger. Venter litt an og ser om hun vil ha frokost litt senere. Hun pleier å bli sulten og be om mat. Hun er nå frustrert men vil har ingen konflikt akkurat nå. Det løste seg ved st jeg fikk henne til å drikke 325 ml fresubin. Ting har hele tiden gått rolig for seg.'),
(17, '2016-07-03 09:09:00', '2016-07-03 09:22:20', 5, 'INFO', 'Ferie', 'Det er vanskelig å bestemme seg for ferie grunnet emilie. Måltidene er blitt mer utfordrende fordi hun hele tiden prøver å ta styringen, samt hun kommer med nye forslag til mat hele tiden. Når vi er uenige i hva måltidet skal bestå av, nekter hun å spise og prøver å gå ut. Her må det mye overtale til for å gå henne til å ta til seg noe næring.  For ting skal løse seg er det helt essensielt at jeg beholder roen og gir henne litt tid. Det å vise masse omsørg og kjærlighet for henne er også meget viktig når hun har sine tunge øyeblikk. Hun sier at de oppstår uten forvarsel og at hun er vet heller ikke hvorfor eller hva som er grunnen til sine tunge perioder. Hin sier at det er generelt litt vanskelig hele tiden. '),
(18, '2016-07-04 17:03:48', '2016-07-04 20:30:51', 5, 'CONFLICT', 'Problemer', 'Dette har så langt vært en meget tung dag. Det startet etter frokost da jeg kjeftet på emilie fordi hun gjorde knebøy på rommet sitt. Noe hun benekter selv om jeg så henne. Hun blir sur på meg fordi jeg kjefter på henne. Frem til lunsj er vi ikke sammen. Hun ordner og spiser lunsj selv. Det går bra. Middagen lager jeg og det starter bra. Men så slår hun seg vrang å begynner å grise med maten ved å mose den mellom fingerene sine. Det har hun aldri gjort før. Hun er sont på meg og snakker høyt. Sier hun vil bort fra familien og aldri se meg igjen. Sier også at mamma ikke bryr seg en dritt om henne. Hun er forsåvidt rolig nå, men snufser og gråter. Jeg skal prøve å snakke med henne nå. Problemene dabbet sake og sikkert ut mens vi snakket sammen. Blant annen kom det fram at hun synrs jeg aldri sier takk når hun hjelper meg. Hun blir veldog oppskakket og frustrert når jeg kjefter eller blir sint på henne. Her ligger også mye av grunnen til at hun blir lei seg. Når er alt tilbake til det normale igjen.'),
(19, '2016-07-04 20:33:10', '2016-07-04 20:33:10', 5, 'INFO', 'E og A', 'Det siste gangene vi alle har spilt fotball har ikke e og a kranglet. De fungere mye bedre sammwn nå. Slik som de alltid har gjort og det er sabla godt å se. Humøret er tilbake hos dem begge og de fjoller og ler mer nå.'),
(20, '2016-07-04 20:35:13', '2016-07-04 20:35:13', 5, 'CONFLICT', 'Konflikt i forbindelse med Middag', 'Ble litt trøbbel, men det løste seg. Se notat tidligere i dag.'),
(21, '2016-07-05 20:51:49', '2016-07-05 20:51:49', 5, 'INFO', 'Ferie', 'Dro til gjendesheim i dag. Andreas jar sprudlet og fjollet i hele dag. E og A har nå en veldig fin tone og leker fint sammen. Det er flott å se. '),
(22, '2016-07-08 19:47:25', '2016-07-08 20:18:50', 5, 'INFO', 'Ferie oppsummering', 'Selv om vi er på ferie ligger e sin diet som en klam hånd over oss. Det er ikke lett å få en pause fra sykdommen. Måltidene blir mye vanskliger å følge opp når man er på ferie. E prøver hele tiden å rive seg løs fra de faste rammene og vil helst styre alt rundt måltidene selv. Hun lesere også hva alle produktene inneholder av næringsstoffer. Hun nekter å spise hvis hun ikke får det akkurat slik hun ønsker.\r\nSelv om vi har forholdsvis mye aktivitet så roer hun seg ikke ned. Hun står fortsatt mye og setter seg sjeldent ned. Ei har hun spist mer på trass av økt aktivitet. \r\n I morgen når vi kommer hjem skal jeg sjekke vekten. Vil tro den har gått ned.\r\nEllers har disse fire dagene stort sett gått greit. E og A har lekt fint sammen.\r\n'),
(23, '2016-07-09 15:12:03', '2016-07-09 15:16:35', 5, 'CONFLICT', 'Spiste ikke Frokost', 'På fredag 8.7 spiste ikke e frokost. Ville ha knekkebrød men det godtok ikke jeg. Hun drakk 125 ml fresubin. I ettertid er e enig i at det var riktig å nekte henne knekkebrød og si at hun da må bare drikke fresubin. Hun sier sykdommen styrer henne slik st hun da ikke klarer å ta noe annet. Det spesielle denne gangen var at hun ikke spiste noen ting, men jeg må sette grenser, ellers vil alt skli ut. E er enig i at hun ikke må få lov til å hele tiden velge nye ting som ikke står på diet planen. \r\nAlt foregikk rolig.'),
(24, '2016-07-10 08:24:59', '2016-07-10 08:24:59', 5, 'INFO', 'Vekt tap', 'E har gått med 700 g i løpet av de 4 dagene vi var på ferie og veier nå 44.1 kg. Det var ikke helt uventet. Vi er blitt enige om å øke med 25 ml fresibin inntil vi har tatt inn vekttapet. Hun virker motivert for det.\r\nMen slikt svinger hele tiden. Dette viser bare at det er utrolig viktig å ha faste forhold rundt måltidene. Noe vi ikke klarte under ferien. Hun spiste heller ikke mellom måltid de dagene. Samt at fredag 8.7 var det problemer rundt alle måltidene. \r\nVi reiste mye rundt og det er selvfølgelig heller ikke optimalt. Det å være på en fast plass under ferien er nok mye bedre.'),
(25, '2016-07-10 22:05:00', '2016-07-10 22:05:00', 5, 'INFO', 'Måltidene', 'E er nå tilbake til de faste rammene rundt måltidene og hun spiser nå som normalt igjen. Matlysten er tilbake og jeg håper hun henter inn vekttapet raskt. Hun drikker mer melk enn det som er satt opp på diet planen, særlig til kveldsmaten. Ofte spiser hun også litt ekstra. Hun synes også det er lettere å holde seg til planen når hun er hjemme. Hun må hente inn vekttapet før vi eventuelt reiser bort igjen. Og hvis så skjer skal vi da være på samme stedet hele tiden.\r\n'),
(26, '2016-07-11 16:03:49', '2016-07-11 16:03:49', 5, 'INFO', 'Kastet brødskiver', 'Emilie gjemte unna 2 brødskiver under frokosten i dag. Vi ble enige om at neste gang den lysten meldte seg skal hun prøve å si ifra til meg på forhånd.  '),
(27, '2016-07-11 16:14:23', '2016-07-11 16:14:23', 5, 'INFO', 'Oppsummering ferie', 'Det er ikke slik at man legger sykdommen igjen hjemme når man drar på ferie. Den følger henne 24 timer i døgnet enn hvor hun er hen. Hun trenger fortsatt faste rammer å forholde seg til ellers prøver hun titt og ofte å snike seg unna både dessert, frukt og mellom måltider. Selv om jeg aktiviserer henne mer enn normalt blir hun ikke roligere. Hun setter seg ikke automatisk ned av den grunn. Hun blir neste bare mer rastløs. Sliten blir hun aldri. Mye aktivitet gjør at hun spiser mer til kveldsmat.\r\nUtfordringen er å holde faste rammer rundt måltidene, hvis ikke vil sykdommen lettere kunne ta over. Generelt vise emilie progresjon på de fleste områder, men jeg ser også at gamle ljente ting dukker opp igjen. Slik som at hun synrs nå det er problemer å ha sukker i grøten, samt å veie seg. \r\nVi har fortsatt en lang vei å gå.'),
(28, '2016-07-12 11:58:03', '2016-07-12 11:58:03', 5, 'INFO', 'Generelt', 'Hun er blitt litt mer viren hva dessert og mellom måltid angår. Må mase og følge henne nøye opp på dette. Ei liker hun å veie seg på tirsdager her hos neg. Hun er redd for å finne på noe tull hvis hun ser at vekten har gått opp. Her er det viktig å holde fast ved rutinene.'),
(29, '2016-07-12 12:05:24', '2016-07-12 12:05:24', 5, 'INFO', 'Lunsj', 'Man må følge nøye med under måltidene. Hun har fått en lei tendens til å lure unna mat. Til lunsj i dag skrapte hun bort smøret på brødskivene. Jeg bare smørte på nytt,  noe hun godtok.'),
(30, '2016-07-14 06:10:54', '2016-07-14 06:10:54', 5, 'INFO', 'Kontroll', 'Jeg lar nå emolie få lov til å velge og ta på pålegge på brødskivene selv. Dette da hun ikke lenger er opptatt av hvor mye pålegge det er på en brødskive. Hun tar på mye pålegg og gjene salat, paprika og agurk hvor det passer. Hun spiser nå også, leverpostei, hvitost, røklaks, peanuttsmør.\r\nJeg skjærer opp og tar på smør fortsatt.'),
(31, '2016-07-15 13:00:45', '2016-07-15 13:00:45', 5, 'CONFLICT', 'bytte undertøy', 'I dag tidlige ble det bråk fordi jeg ba henne om å bytte undertøy. Hun har nå gått i det samme undetøyet siden søndag. Jeg har mang en gang oppfordret henne til å skifte.\r\nHun rev ned tøykruven på rommet sitt, men etter litt hyl og skrik, byttet hun og så gikk hun ut for å treffe en veninne.'),
(32, '2016-07-15 13:04:36', '2016-07-15 14:35:46', 5, 'CONFLICT', 'bup møte', 'Hun kom hjem kl. 1400 og begynte på spise lunsj. Jeg oppdager at hun har skarpet bort smøret på rundstykket og så starter problemene.\r\nFørst vil hun bare ha fresubin, så vil hun ikke ha noe som helst. Møte på BUP vil hun heller ikke gå  i. Jeg  prøver å ro det hele ned og jobber fortsatt  med saken. Hun er meget opprørt men forholdsvis rolig. Hun er er lite responsiv på mine forslag og står apatisk og ser ut av vinduet. Jeg prøver derfor en ny vir og sier at hun kan prøve å løse opp i dette på egnehånd, det vil si spise opp lunsjen. Fortelelr henen at jeg går ut for å kjøpe fresubin og at hun bare kan ringe meg hvis det er noe. Hun er fortsatt like taus. Jeg drar og når jeg kommer tilbake etter vel 45 minutter står hun utenfor og leker litt med en fotball. Hun har da spist opp lunsjen på egenhånd og er tilbake i normal gange. Hun avtalt med mamme om å gå å spille minigolf. Så da løste floken seg releativt smertefritt for oss begge.'),
(34, '2016-07-15 21:24:11', '2016-07-15 21:24:11', 5, 'CONFLICT', 'Konflikt i forbindelse med Lunsj', 'Problemer med lunsj. Hun spiste opp alt til slutt.'),
(35, '2016-07-15 21:26:31', '2016-07-15 21:26:31', 5, 'INFO', 'Måltider', 'Hun ønsker at jeg skal passe bedre på under måltidene slik at hun ikke blir fristet til å gjemme unna mat. Det vil si at jeg må sitte sammen med henne under hele måltidet. Noe jeg ikke alltid gjør.'),
(36, '2016-07-16 06:57:10', '2016-07-16 06:57:10', 5, 'INFO', 'Lese bok', 'E har nå begynt å lese igjen og vise nå små tegn på at hun ønsker og vill slappe av mer.\r\nI går satt hun i sofaen og leste i vel 30 minutter.'),
(37, '2016-07-16 20:01:26', '2016-07-16 20:01:26', 5, 'INFO', 'Fresubin', 'I dag har det ikke blitt fresibin til lunsj og middag. Dette er ett bevist valg. Hun har spist bra.'),
(38, '2016-07-17 21:18:51', '2016-07-17 21:18:51', 5, 'INFO', 'Kveldsmat', 'Emilie spiste bra, og hadde pitabrød med biff og salat, samt melk og fresubin.\r\n'),
(39, '2016-07-18 12:46:58', '2016-07-18 12:46:58', 5, 'INFO', 'Frokost', 'Til frokost spiste Emilie pannekaker med bringebær,  som hun hadde laget selv av melk, mel og havregryn, dvs.ikke egg.  Hun drakk Fresubin, men ikke melk, da det var melk i pannekakene. Emilie forklarte at dette var ok, siden man også droppet melkeglass når hun spiste frokostblanding? Etter frokost gikk vi en liten tur...'),
(40, '2016-07-19 08:08:53', '2016-07-19 08:10:50', 5, 'INFO', 'Overnattet', 'E overnattet hos m fra søndag til mandag. Alt gikk greit. E benyttet forøvrig anledningen til å velg mat som ikke var på menyen til både kvelds og frokost. Dette er meget uheldig, men ikke uventet. Hun prøver hele tiden og ta kontrollen og styre måltidene slik hun selv ønsker det. Vi skal ikke tillate at så skjer. Vi skal hele tiden ha full kontroll.'),
(41, '2016-07-19 08:48:47', '2016-07-19 08:48:47', 5, 'CONFLICT', 'Konflikt i forbindelse med Frokost', 'Her ble det konflikt grunnet veiing. Hun liker når svært dårlig å veies og slår seg vrang. \r\nSer også at mange gamle tanker som jeg trodde hun var ferdig med dukker opp igjen. Som for eksempel tidspunket for måltidet.\r\nMen alt blir vanskelig når først ett problem har oppstått. Da bare baller det på seg og hun sier at alt er bare dritt. Men hun hyler og skriker mindre en tidligere og det er litt lettere å komme ut av konflikten. Jeg ser hele tiden etter løsninger, uten å måtte gi tapt for det viktigste, som er å få henne til å spise.'),
(42, '2016-07-21 07:47:46', '2016-07-25 08:54:50', 5, 'INFO', 'Treningsøkt', 'I dag tok jeg med Emilie på en løpetur fra maridalen skole og opp til Fagervann. Som er en ganske har løype på vel 3 km en vei.\r\nHun er i veldig bra form og henger lett med meg opp dit. Hun er nå flinkerer til å ta til seg næring etter en treningstur. Hun blir også meget sulten etter en slik hard økt.\r\nJeg tar henne med på slike økter for å vise henne at hun er mye sterkere nå en da hun var på sitt tynneste. Dette slik at hun skal bli mer fortrolig med å gå opp i vekt.\r\n '),
(43, '2016-07-29 08:32:00', '2016-07-29 08:38:29', 5, 'CONFLICT', 'Frokost', 'I dag fikk jeg en liten påminnelse om at Emilie fortsatt sliter med sykdommen hele tiden. Det har nå gått veldig bra over en lang periode og jeg har gradvis gitt henne mer og mer tilit hva måltider angår. Og må være meget påpasselig på at jeg ikke går fort fort frem. For hun sliter voldsomt, selv om hun ikke alltid gir utrykk for det.\r\nI dag ble det meget problematisk å spise frokost, hun oppfører seg ganske rolig så lang. Hun vil ikke snakke med meg og er bare på rommet sitt.\r\nJeg velger å se det hele an og håper på at hun roer seg ned.'),
(44, '2016-08-04 08:29:00', '2016-08-04 08:37:16', 5, 'INFO', 'Norway Cup', 'mandag, tirsdag og onsdag har Emilie spilt 4 kamper for Sagene under Norway Cup. Hvor hver kamp var 2x25 minutter.\r\nDet har gått greit selv om hun på onsdag ble vedlig skuffet over at de ikke gikk videre til 1/16 finalen. Hun har også vært flink til å ta til seg drikke. men her må jeg følge nøye opp, det går ikke helt av seg selv. Hun har også tatt en ekstra  flaske fresubin hver dag. Grunnet dette hadde vi en ekstra veiing i dag, for å sjekke vekten. Hun veide 44.7 kg, så vi har da klart å kompansere for den økte aktiviteten. Økt aktivitet ser også ut til å øke matlysten hennes, hun blir fort sulten og spiser bra om mer en hva som er satt opp på diet planen. Men forbrenningen henens er fortsatt utrolig høy og vi greier ikke å få til vektøkning. Hun har nå ligger på ca 44.6 kg i en månde.'),
(45, '2016-08-09 09:40:00', '2016-08-09 16:18:20', 5, 'INFO', 'Veiing', 'Emilie slo seg litt vrang da tidspunktet for kontroll på Ullevål sykehus ble flyttet fra 1030 til 1300 i dag. Dette grunnet at nytt tidspunkt kræsjer med lunsj,\r\nSå hun er sliter fortsatt litt med å være fleksibel. Hun dro ut for å leke med Sunniva, men kom tilbake kl. 1245 så vi rakk akkurat å stille til kontroll.\r\nDette var siste kontroll på Ullevål sykehus. Fra nå av skal vi kun forholde oss til BUP.'),
(46, '2016-06-17 16:54:00', '2016-08-09 16:56:20', 5, 'INFO', 'pepilie', 'Emilie kjøpt godtepose og spiste litt av den. Sier at hun fortsatt tenker mye på å ikke sitte. Sliter med å kunne slappe av. Vil ikke overnatte hos mamma fordi hun er redd for at det blir for mange fristelser under kveldsmaten og frokosten.'),
(47, '2016-06-08 16:56:00', '2016-08-09 16:57:24', 5, 'INFO', 'pepilie', 'Emilie forteller at hun har veldig lyst til å få ett naturlig forhold til trening, samt å kunne legge seg ned å slappe av.'),
(48, '2016-06-07 16:57:00', '2016-08-09 16:58:38', 5, 'INFO', 'pepilie', ' Hun liker ikke å veie seg og prøver med å putte ting under genseren.\r\nHun prøver å øke vekten inn mot veiing ved å spise ekstra mye dagen før. Vekten har nå stagnert og det er meget vanskelig å få til en økning. Har bedt bup om å sende søknad til capio.\r\n'),
(49, '2016-06-04 16:58:00', '2016-08-09 17:00:50', 5, 'INFO', 'pepilie', 'Hun nektet å spise havregrøten fordi jeg hadde hatt sukker i. Hun tok da heller 350 ml fresubin. Hun har styrt lunsjen selv i dag. Emilie har vært sammen med Sunna i hele dag. Droppet fresubin til lunsj og middag. Spiste 2 ekstra brødskiver til lunsj. Har også spist litt smågodt. Ser ut som om sulten begynner å ta styringen i ny og ne.\r\n'),
(50, '2016-06-03 17:01:00', '2016-08-09 17:02:57', 5, 'CONFLICT', 'pepilie', 'Jeg ber Emilie om å veie seg. Noe hun nekter å gjøre. Går med på det etter hvert, men prrøver da å putte ting under genseren før hun veier seg.\r\nJeg ser selvfølgelig det og da stikker hun bare av. Hun sykler til skolen på trass av at jeg sier hun ikke får lov til det. Har ringt BUP for å søke råd. Jeg har ikke noe virkemiddel mot henne. Ser også at hun gjemmer unna mat, da særlig nøttenblandingen, som er ett mellommåltid. Hun går også veldig ofte på do etter å ha spist, mye hyppigere enn tidligere. Jeg ønsker nå at det søkes om plass på RASP. Hun nekter å følge mine regler og blir hysterisk.\r\n'),
(51, '2016-06-02 17:03:00', '2016-08-09 17:04:17', 5, 'CONFLICT', 'pepilie', 'kl. 2100 startet en konflikt fordi jeg sier hun må spise go morgen youghert til kveldsmat. Hun skriker, tramper i gulvet og smeller med dørene. Hun er hysterisk og gråter. Jeg sier at jeg ringer bvt hvis hun ikke roer seg. Hun roet seg ned etter vel 30 min. Tok 200 ml fresubin og en brødskive.\r\n'),
(52, '2016-05-11 17:04:00', '2016-08-09 17:05:32', 5, 'INFO', 'pepilie', 'Hun fortsetter med å gjemme unna mat, finner stadig på nye metoder. Men er lett å oppdage, samt å få henne til å spise det eller øke fresubin for å kompansere.\r\n'),
(53, '2016-05-04 17:05:00', '2016-08-09 17:06:30', 5, 'INFO', 'pepilie', 'Emilie har de siste 2 ukene begynt å gjemme unna mat. Hun prøver ikke å skjule det og ting løsere seg bra som regel etter at jeg snakker med henne. Forholdet til mat og der å gå ytterlig opp i vekt er fortsatt problematisk for henne. Men hun er nå mer bevist og kjemper bra i mot sin indre demoner. Lar henne få trene og sykkle til skolen mot at hun tar ekstre fresubin eller tilsvarende. Dette har meget god effekt på humøret hennes. Har også innført ett mellommåltid (nøtter eller energibar),  kl. 1500, som hun ofte styrer selv. Og det går nå nesten knirkefritt. Må bare minne henne på det. Hun kan nå også ta initativ til å spise mer til enkelte måltidere. Særlig hvis hun har hatt en aktiv dag. Hun kjenner ofte sulten melde seg, men er forsatt veldig opptatt av mengede og antall kalorier. Liker he&#314;ler ikke å veie seg lenger. Hun øker vel ca 200 g i uken og kanskje dette er en passe økning slik at hun rekker i venne seg til kroppen endringer og akseptere dem.\r\nJeg snakker masse med henne om alt rundt sykdommen og påpeker viktigheten av ett naturlig forhold til mat og egen kropp.\r\nHun har uttykt missnøye med kroppen sin.\r\nAlt i alt, så svinger det frem og tilbake, men stort sett går det greit og vi er på rett vei med fin progresjon.'),
(54, '2016-03-23 17:07:00', '2016-08-09 17:08:30', 5, 'INFO', 'pepilie', 'Emilie forteller meg at påsken 2015 fortalte Siri Birgitte at hun hadde problemer med å velge og spise mat.\r\nSiri Birgitte hadde da beroliget henne og sagt at det går over. Emilie sier at hun var veldig frustrert over dette og i ett svakt øyeblikk åpnet seg opp for Siri Birgitte.\r\nSiden har hun aldri nevnt dette til noen før hun nå sier dette til meg. Må rådeføre meg og revurdre Siri Birgitte sitt samvær med barna.\r\n'),
(55, '2016-01-09 18:09:00', '2016-08-09 17:11:26', 5, 'INFO', 'pepilie', 'Emilie akkutt innlagt på Ullevål Sykehus hvor det konstanteres at hun har anoreksia. Hun har lav puls, 40 pr. min, samt store mangler på vitaminer og mineraler. Antall hvite blodlegemer er også farlig lavt. Hun har også helvetesild. Hun er 158 cm og veier 35 kg. Situasjonen er kritisk og legen sier at det er fare for liv og helse. De kan heller ikke si om hun vil få varig meen.\r\n'),
(56, '2016-01-01 18:11:00', '2017-04-25 03:28:31', 5, 'INFO', 'pepilie', 'Emilie har gradvis over en lang periode redusert sin kropsvekt fra 45 til 39 kg.\r\nHun er en meget aktiv jente som har holdt på med fotball, dans, riding og bandy.\r\nSamt løping sammen med meg.\r\nPå ett tidspunkt begynte hun å bli opptatt av hva hun spiste. Og slik jeg husker det, startet det med å droppe smør på brødskivene. Og slik har det jevnt og trutt utviklet seg til ett unormalt forhold til hva som er sunn og usunn mat. Humøret hennes endret seg også gradvis til å bli veldig nærtagen og følsom for bemerkninger vedrørende hennes kosthold.\r\nHun ble fort sint og begynner lett å gråte.\r\nPå trass av hennes fokus på sunn mat og livsstil klarte jeg ikke se at hun hadde redusert matinntaket. Hun spiste fire måltider om dagen, pluss mellom måltider.\r\nHun tilberedte all mat selv og var svært nøye og brukte lang tid på både tilberedingen og spisingen. Hun spiste derimot mye. Ei har jeg noen gang registrert at hun kaster opp eller kvitter seg med maten på annen måte.\r\nEttersom tiden går blir hun veldig restiktiv hva gpdteri angår og spiste det kun på lørdager. Jeg registrerte også at hun nesten bare drikk vann.\r\nMedio juni 2016 oppsøkte vi fastlegen for kontroll. Dette fordi hun hadde gått ned ca. 6 kg og veide nå 39 kg og var 158 cm høy. Fastlegen tok blodprøver og viste ellers ingen tegn til bekymring hva vekt angår. Jeg ba om en henvisning til BUP.\r\nBlodprøven viste at alt var normalt med Emilie hva neringsinnholdet i blodprøven angår. Det bemerkes at hun har ett snev av allergi  mot kannin.\r\nJeg slår meg til ro med dette resultatet og tenker ikke så mye mer på dette. Høsten 2016 flytter Emilie og Andreas til sin mamma for å bo der en liten periode mens jeg pusser opp i Stavangergata. Ved Jule tider 2016 er jeg fredig og Emilie og Andreas kommer tilbake til meg. Emilie har da blitt vesentlig tynnere og jeg begynner å bli veldig bekymret.\r\n9. januar 2016 oppsøker jeg fastlegen igjen og hun blir veldig stresset grunnet Emilie sitt lave blodtrykk. Hun ber oss oppsøke Ullevål Sykehus umiddelbart. Noe vi selvfølgelig også gjorde. '),
(57, '2016-08-14 07:25:00', '2016-08-14 08:09:35', 5, 'INFO', 'Generelt', 'Generelt sett har Emilie blitt litt bedre på alle områder. Det være seg blant annet, valg av mat, takle uforutsette endringer, sitte/ligge å lese i bok, sitte å se på TV/Film sammen med med. Hun har nå mye lettere for å kunne slappe av og hun er stort sett alltid i godt humør. Hun er i ferd med å vende tilbake til sitt normale jeg.\r\nHun er også flin til å oppsøke og leke med venner. I sommer har hun lekt mye med både Åste og Sunniva, som er nye bekjentskaper fra klassen på Nordberg. \r\n\r\nJeg har også gradvis latt henne få lov til å styre måltidene selv. Noe som går ganske så bra. Men jeg må hele tiden sjekke hva hun spiser.\r\nGenerelt sett spiser hun store prosjoner og mye mat. men utfordingen er at hun stort sett velger mager mat og viker unna de produktene som inneholder mye fett.\r\nHun er flink til å spise og det er nå sulten som styrer tidspunkt for måltider og mengde. Hvis hun har mye aktivitet en dag så spiser hun også mer til måltidene.\r\nHun spiser nå nesten aldri mer youhurt til kveldsmat eller frokost. Hun er også begrenset når det kommer til desert. Hun velger da ofte å heller spiser mer middag.\r\nNoe som også gjennspelier seg når hun kontroll veies, dette da fettprosenten hennes holder seg stabilt lav. Hun øker fortsatt mer i muskelmasse  enn fett.\r\nDette har nok sammenhenge med henes valg av mat, samt tildels høy aktivitet. Forbrenningen hennes er uforandret, dvs. fortsatt meget høy. Så vi må følge med på at hun tar til seg nok næring.'),
(58, '2016-08-14 07:39:00', '2016-08-14 07:45:28', 5, 'INFO', 'Capio', 'Slik som situasjonen er nå, er det ikke behov for med bistand fra Capio.\r\njeg øsnker at hun skal start opp ppå skolen som normalt den 23.08.2016. En innleggelse på Capio vil også skape forstyrrelser rundt skolen.\r\nNår så er sagt, er helsen til Emilie mye viktigere en skolen oppstarten. \r\nJeg ønsker kun å dra på møte for å finne ut hva de tilbyr av hjelp og opplegget rundt dette.\r\nDette i tilfelle behovet dukker opp senere. Emilie er fortsatt syk og trenger masse oppfølging, tilbakeslag vil nok også komme.\r\nDerfor er det greit å få bedre innsikt i hva salgs hjelp man kan forvente å motta.'),
(59, '2016-08-14 07:45:00', '2016-08-14 08:10:15', 5, 'INFO', 'Skolestart', 'Når skolen  nå starer opp igjen 23.08.2016 skal Emilie få lov til å styre lunsj selv. \r\nJeg begynner å jobbe 100% igjen fra og med 23.08.2016. Så for vi se hvordan dette går.\r\nJeg vil fortsette med å veie henne her hjemme hver tirsdag morgen.'),
(60, '2016-08-14 07:48:00', '2016-08-14 07:54:42', 5, 'INFO', 'Fotball', 'Emilie skal få lov til å starte opp med fotball igjen. Vi tar  en uke av gangen og ser hvordan dette virker inn på vekten.\r\nVekten er fortsatt det jeg vil styre aktiviteten etter. Med andre ord, hun skal opp i vekt.'),
(61, '2016-08-14 08:10:00', '2016-08-14 08:16:52', 5, 'INFO', 'Samvær', 'Emilie må fortsatt være mest hos meg. Men hun kan nå får lov til å overnatte hos mamma etter eget ønske i ny og ne.\r\nHun kan nå også få lov til å spise alle måltidene hos mamma.\r\nEmilie har nå såpass god kontroll selv at jeg tror det er fint for henne å kunne være litt mer hos sin mamma.\r\nMen dog ikke mer en en dag av gangen. Dette inntil videre.\r\nMamma må fortsatt jobbe med å kunne styre og følge opp måltidene. Hun har en lei tendens til å høre på og følge alt Emilie sier og foreslår av mat valg.\r\nDette på trass av at menyen ligger her, samt mine oppfordringer til å ikke gjøre så.'),
(62, '2016-08-15 08:44:00', '2016-08-15 08:49:06', 5, 'INFO', 'ROS kurs', 'Jeg har nå besluttet å droppe Capio i denne omgang. \r\nØnsker å se det hele an frem til JUlen 2016, Hvis vi fortsatt sliter med vektøkning kan vi da heller søke om plass på RASP, som ligger i Oslo.\r\nHar derfor kansellert møte på Capio i morgen.\r\n\r\nHar meldt Emilie og meg på følgende kurs http://www.nettros.no/aktiviteter/veien-videre/ som jeg tror kan være nyttig for Emilie.\r\nHar også meldt Emilie og meg inn i ROS.'),
(63, '2016-08-16 08:33:00', '2016-08-16 08:47:13', 5, 'INFO', 'Veien videre', 'Opplegget for Emilie blir som følgende:\r\n<ul>\r\n<li>Vi følger fortsatt gjeldende diet plan</li>\r\n<li>Hun veies kun hjemme, en gang i uken, hver tirsdag morgen.</li> \r\n<li>Hun skal spise lunsj på skolen.</li>\r\n<li>Hun skal få sykle til skolen gitt at hun drikker en YT eller Fresubin når hun kommer frem (dette gjelder fra stvgt.)</li> \r\n<li>Skal begynne med individuell terapi på BUP</li>\r\n<li>KOS kurs veien vidrere 14 og 15 september 2016</li>\r\n<li>Hun skal få være med på fotballkamper og en trening i uken for Sagene. Hun må selvfølgelig kompansere for dette ved å ta til seg ekstra næring.</li>\r\n</ul>\r\nProgresjonen vil evalueres fortløpende av meg og BUP. Vektøkning er fortsatt den viktigste parametern vi styrer etter. Samt at hun fortsetter å vokse.\r\nAlle måltider må fortsatt følges nøye opp og påse at hun spiser ihht. gjeldende diet plan.\r\nVed nyttår vil det så gjøres en ny vurdering om det er behov for utvidet hjelp, i form av RASP, CAPIO, eller tilsvarende.\r\nJeg har forøvrig stor tro på at Emilie vil klare dette selv. Hun er på god vei. '),
(64, '2016-08-16 14:52:00', '2016-08-16 14:57:38', 5, 'CONFLICT', 'Sykkeltur', 'Vi har vært på en ganske lang sykkeltur i dag og badet på Frysja 33 etterpå. Emilie ville ikke ta til seg ekstra næring og nektet å dirkke en YT etterpå.\r\nEi har hun drukket Fresubin eller melk til lunsj, eller spist frukt. Noe som gjør meg ganske så forbannet, fant det derfor best at hun nå er hos Siri Birgitte fra nå av og frem til i morgen. Dette slik at jeg skal få en liten pause og unngå å kjefte for mye på henne. Vi må bare fortsette som vanlig igjen i morgen.'),
(65, '2016-08-16 15:22:00', '2016-08-16 15:23:55', 4, 'INFO', 'Sms til pappa', 'At det går ann og bli så sint for en så liten filleting som at jeg ikke drakk hele den Sjokkomelken!  Du skjønner, det er ikke alltid like lett for meg og det har ingenting å si om jeg har løpt en mil eller sittet på rævva hele dagen for plutselig så blir det vanskelig. Og du kan bare slutte og kalle meg sånne stygge ting for det har du ikke grunn til i det hele tatt! Bare fordi jeg glemte fresubinen så trenger du ikke og kalle meg dust! Selvom du kanskje ikke tenker over det så sårer det! Jeg skjønner at du er møkka lei, og du synes kanskje du har det så fælt fordi du ikke får jobbe og har ikke energi og at du kan bli gæren du og! Du har rett, og jeg hadde gjort hva som helst for og la deg og alle dere slippe og oppleve dette, du trenger ikke og snakke så mye om hvor lei du er, for jeg tenker på det hele tiden og det gjør meg vondt langt inn i hjerterota!  Ikke tro jeg ikke tenker på dere og hvor fælt dere og har hatt det! Men uansett hva du tror, så er det jeg som har det værst.. Selvom jeg ikke snakker om det like mye som deg!\r\n\r\nOg du må tenke før du åpner munnen for det er ikke alt det er like gøy og høre! Jeg gikk ikke fordi jeg hadde så lyst til og dra til mamma! Men jeg føler at du ikke vil ha meg hos deg, noe som tydeligvis stemte..'),
(66, '2016-08-16 21:41:00', '2016-08-16 21:51:13', 5, 'INFO', 'Gjemmer mat', 'Emilie holder fortsatt på med å gjemme unna mat i komoden sin. Fant nå ca 3-4 halve rundstykker som har blitt gjemt unna over en liten periode.\r\nHun gjøre nok dette for å prøve å holde vekten sin i sjakk. Hun har hatt marginal økining i sommer. Hun kontrollerer vekten sin ved valg av mager mat samt aktivitet.\r\nMye tyder på at jeg har gitt henne litt for mye ansvar og anledning til å styre måltidene selv. Samtidig er jeg ikke like streng lengre. Må nok gå ett skritt tilbake og ta tilbake kontrollen. Noe som nok vil skape flere konflikter. For hun har store problemer med å gi slipp på kontrollen over måltidene. det er eldig vanskelig å få henne til å spise noe som hun selv ikke har valgt. Hun skal hele tiden ha særbehandling og vil tilrede måltidene selv. jeg må også stramme inn på desert og frukt til. her har vi slurvet i det siste. Selv om fysikken hennes nå bare bilr bedre og bedre må vi  ikke glemme at hun fortsatt er syk og må ikke få for stor ansvar. da vil hun kjøre seg selv i senk igjen.'),
(67, '2016-08-16 08:10:00', '2016-08-17 08:13:35', 6, 'INFO', 'Kveldsmat', 'Emilie spiste 1 rundstykke, fiskeburger (stor) , 2 små yougerter og melk og fresubin , '),
(68, '2016-08-17 10:16:00', '2016-08-17 10:18:00', 5, 'INFO', 'Sms til emilie', 'Hei Emilie,\r\nVil bare fortelle deg at jeg har funnet all maten du har gjemt i komoden din.\r\nVi må også jobbe mye mer med ditt forhold å ta til seg riktig næring. Særlig etter en aktivitet. \r\nDu kan ikke gå rundt å tro at du gjør alt riktig nå, for det er ikke tilfelle. Du må slutte å telle kalorier og få ett bedre forhold til fet mat. Du går svært lite opp i vekt på trass av at du vokser. Og din fettprosent at fortsatt alt for lav. Så tro ikke at du nå er i mål. Jeg har gitt deg en sjanse til å unngå capio. Bruk den fornuftig. Jeg gidder ikke holde på slik. Ja, jeg blir sint når du holder på\r\n slik. Enten du liker det eller ei. Vær ærlig og snakk, slutt å lure unna, da blir jeg heller ikke sint.\r\nVil også du skal skrive ned dine tanker i nye og ne. Særlig etter at du har hatt det tungt. Gjerne skrive dagbok. \r\nVi må videre i prosessen. Tenk på det.\r\nDu må bare legge det bak deg å gå videre. Det er viktig. Vi kan ikke henge oss opp i probelmene. Men finne måter å løse dem på. Tenk positivt. Vi er på rett vei og mye har blitt bedre. Nedturene skal ikke få dominere. De rister vi av oss og bare fortsetter videre.\r\nSykdommen skal ikke få styre oss, vi skal styre den og bli kvitt den.'),
(69, '2016-08-18 08:17:00', '2016-08-18 23:20:54', 5, 'INFO', 'Dagbok', 'Har blitt enig med Emilie om at hun skal begynne å skrive dagbok. Ikke nødvendigvis hver dag, Men spesielt når hun har tunge dager. Jeg tror det er en fin ting for å bevistgjøre, samt få henne til å reflektere over utfordringene sine.'),
(70, '2016-08-18 23:21:00', '2016-08-18 23:24:46', 5, 'INFO', 'Aktivitet', 'Er som regel titt og ofte ute og spiller litt fotball mot Emilie. Det som nå er nytt er at hun ikke løper så mye rundt lenger. Hun viser tegn på å være litt slapp og giddalaus.\r\nVidere kan hun nå legge seg i senga og surfe på nettet. Hun er blitt mye flinkere til å slappe av og lytte til kroppens signaler. Og det er supert.  '),
(71, '2016-08-23 04:00:00', '2016-08-23 19:02:37', 5, 'CONFLICT', 'Vil ikke spise Middag', 'Emilie gjemmer unna deler av middag og deserten. Hun drikker verken juicen eller fresubinen. Hun blir litt frustrert når jeg påpeker dette. Hun gjemmer unna selv når jeg sitter ved siden av henne. Alt går stille og rolig for seg pg hun er nå på rommet sitt. Jeg lar henne bare være der og ser bare hvordan det utvikler seg. \r\nHun skulle spilt kamp i dag, men det har meldt avbud, siden hun ikke spiser.\r\nHun ønsker ikke å snakke og vil bare være litt alene på rommet sitt og det er greit.\r\nEtterhvert gikk hun ut en times tid og drakk fresibin og juice når hun kom tilbake.\r\nSkal be henne skive i dagboken sin. Alt har foregått i ro og mak. '),
(72, '2016-08-25 05:22:00', '2016-08-25 05:32:40', 5, 'INFO', 'Trening', 'Emilie sliter med å gå opp i vekt og har forsatt ett anstrengt forhold til det. Hun liker seg der hun er nå. Det å starte opp med organisert trening nå synes jeg ikke er noen god ide. Selv om hun har veldig lyst til å begynne på løpetrening. Som forøverig er en utsatt idrett hva spiseforstyrrelse angår.\r\nHun har fotballen og der kan hun få være med på både treninger og kamper, gitt at hun viser god progresjon hva vekten angår.\r\nSamt at hun er da villig til å ta til seg ekstra næring etter en treningsøkt eller kamp.\r\nJeg gjør hele tiden fortløpende evalueringer og betraktninger av reglene og justere de ihht. hennes progresjon.'),
(73, '2016-08-31 03:54:00', '2016-08-31 04:02:07', 5, 'INFO', 'Fotball', 'Det forunder meg litt at Emilie vise liten interesse for å være med på fotball treningen og kamper igjen. Dette på trass av at jeg har sagt at hun kan få lov til å starte opp med det igjen.  Jeg har derfor bestemt meg for å  vente til hun tar initiativ selv, fremfor å hele tiden minne henne på om treninger og kamper. Dette gjelder all aktivitet, vi skal ikke stresse dette, men avvente til hun selv spør og tar initativ til begynne igjen.'),
(74, '2016-08-31 04:55:00', '2016-08-31 04:58:13', 5, 'INFO', 'gymtime', 'Har tilbudt Emilie å være med i gymtimene mot at hun da ikke sykler til skolen de dagene.\r\nHun vil tenke på det, virker som om hun da heller vil sykle.'),
(75, '2016-09-08 05:50:00', '2016-09-08 05:59:26', 5, 'INFO', 'Vektreduksjon', 'Ved siste måling har emilie gått litt ned i vekt. Etter skolestart har det blitt mer ansvar på henne hva måltider angår. Jeg har også begynt å jobbe noe som gjør oppfølgingen mer utfordrende. Vi bare fortsetter som før og ser hvordan vekten.\r\nutvikler seg ved neste måling. \r\nHun er flink til å spise og er mer og ner styrt av sulten. Humøret svinger dog litt mer men  \r\nhåper det er grunnet pubertiteten. Hun er også flinkere til å slappe av og sier nå faktisk titt og ofte at hun ikke gidder å gå ut å spille fotball eller gå tur. Hun har også begynt å lese mer i bøker. Ting ser bra ut men vi må forsatt følge nøye opp og ikke tro at kampen er over. Det er fortsatt mye som plager henne psykisk.'),
(76, '2016-09-10 20:59:00', '2016-09-10 21:00:30', 5, 'INFO', 'Trening', 'Tok med Emilie på en liten treningstur rundt voldsløkka i dag. Vi løp intervall, 3 ganger rundt øvre del. Og hun løper nå like fort som meg.'),
(77, '2016-09-12 20:53:00', '2016-09-12 20:59:22', 5, 'CONFLICT', 'Middag', 'Emilie kom hjem til middag etter å ha vært på tur med mamma hele dagen. Hvor det også hadde vært uoverstemmelser underveis. Hun slo seg vrang under middagen og ville ikke spise. Hun raste litt rundt omkring i vel 30 minutter. Skrek, ropte, gråt, slo i veggen og trapet i gulvet.\r\nJeg forholdt meg rolig hele tiden. Andreas satt opp på rommet sitt. Hun roer seg til slutt og spiste middag. Hun vil ikke snakke om det og heg har bedt henne om å skrive det ned i dagboken sin. Dette viser bsre at vi fortsatt har en lang vei å gå. Det er utrolig viktig å holde fast på de reglene og rammen vi har rundt måltidene.'),
(78, '2016-09-18 15:24:00', '2016-09-18 15:28:51', 5, 'INFO', 'Gjemmer mat', 'Emilie holder fortsatt på å gjemme unna mat, I dag fant jeg to brødskiver i kjøkkenskuffen, som nok var fra kveldsmaten i går.\r\nDette viser bare at jeg må følge mye bedre med og ikke stole for mye på det hun sier å ha gjort. Mat er fortsatt i høyeste grad problematisk for henne.\r\nJeg må skjerpe meg å følge henne bedre opp. Nå har jeg gitt henne litt for mye ansvar.'),
(79, '2016-09-20 21:01:00', '2016-09-20 21:05:25', 5, 'INFO', 'Drikke juice', 'Helt ut av ingenting fikk emilie problemer med å drikke juicen til middag. Alt gikk rolig for seg og jeg presset bitt kitt på for at hun skulle drikke opp. Noe hun også til slutt gjorde. Dette viser bare at sykdommen henger fortsatt godt i henne. Men hun overvinner den nå mye oftere. Men hun kjemper hardt og det er vondt å se på.'),
(80, '2016-09-25 06:50:00', '2016-09-25 06:54:00', 5, 'INFO', 'Eplekake', 'I går bakte emilie eplekake og hun spiste ett lire stykke av den selv. Hun fant en oppskrift på nett og gjorde alt selv. \r\nEplene hadde hun høstet inn fra bergslia. Hun er så flink og selvstendig. Kaka ble super god.'),
(81, '2016-09-25 06:54:00', '2016-09-25 07:01:25', 5, 'INFO', 'Vanskelig', 'Hun synes det er vanskelig å snakke om problemene sine vedrørende mat. Derfor ber jeg henne skrive litt om det når de oppstår. Noe hun også gjør. Dette er viktig, hun må bli bedre på å snakke og fortelle oss når hun sliter. De vil hjelpe både henne og oss massa. Hun blir litt bedre på alt hele tiden. Men ser også at gamle problemer dukker opp igjen med en litt ny vri. \r\nDet er nok også veldig tungt for henne å ikke ha noen beste venninne. Men hun er veldig flink til å ta kontakt med de andre jentene i klassen. Og hun leker og pmgås jevnlig med flere av dem. Så jeg tror dette vil ordne seg på sikt. Hun spiser bra og er mer og mer styrt av sulten. '),
(82, '2016-09-26 16:58:00', '2016-09-27 20:07:44', 5, 'INFO', 'Gjemt unna mat', 'Fant to brødskiver i kjøkkenskuffen, hun gjemte nok de unna i går. Hun har gitt meg en skriftelig forklaring på hvorfor så skjedde. Hun liker ikke å snakke om slikt, derfor ber jeg henne om å skrive det ned. Jeg er nødt til å få innskit i hvordan hun tenker og årsaken til hennes handlinger for å kunne hjelpe henne.'),
(83, '2016-09-27 20:07:00', '2016-09-27 20:16:38', 5, 'INFO', 'Veiing', 'Avtale er at hun skal veie seg hver tirsdag morgen. Hun synes det er problematisk å veie seg og er bekymret for hva hun kan finne på hvis vektøkningen er stor. For å stresse henne ned litt har jeg da bare veie henne hver 14 dag de siste gangene. Dette da jeg er trygg på at hun får i seg nok mat og viser litt progresjon hele tiden. Uansett, vet jeg nå ikke hvilke tilltak som må gjøres hvis hun går ned i vekt en uke. Må da kanskje følge hvert enkelt måltid bedre opp.\r\nHun har ikke høy aktivitet og er blitt flinkere til å slappe av.  Dette mye grunnet at hun sykler til skolen hber dag. Det er liksom hennes treningsøkt hver dag. Hun har fortsatt problemer med valg av mat og holder kontroll på kalori inntaket. Psykisk er det fortsatt en lang vei å gå. Tror heller ikke at hun har kommet i puberteten. '),
(84, '2016-10-01 18:29:00', '2016-10-01 18:31:39', 5, 'INFO', 'SMS fra emilie', 'Det er greit hvis jeg ikke får være med til Norefjell fordi jeg dro til mamma for å spise middag nå, for jeg har problemer med at du skal veie meg før og etter turen. Jeg takler det ikke, at jeg skal veie meg to ganger på en uke synes jeg ikke en tur på 3 dager er verdt. Da vil jeg heller droppe den turen enn og veie meg etter turen i tillegg. Jeg synes det er vanskelig\r\n\r\nDet eneste jeg har lyst til er å bli frisk så jeg kan leve et normalt liv, for enn hva jeg gjør, så er denne greia med meg og setter regler som gjør at ingenting blir gøy for meg. For meg er det like umulig å skjønne hvordan en person kan spise hamburgere og kebab som det er for den personen og skjønne seg på min sykdom.'),
(85, '2016-10-09 07:31:00', '2016-10-09 07:34:23', 5, 'INFO', 'Høstferie', 'Emilie og Andreas var med mamma til norefjell i høstferien, de var der fra 2.10 -5.10.2016. Emilie sier at alt har gått greit hva måltider angår.'),
(86, '2016-10-09 07:37:00', '2016-10-09 08:27:27', 5, 'INFO', 'Løpetur', 'Tok med emilie på en løpetur fra sognsvann og opp til voksenkollen og ned igjen, som er vel ca 6-7 km.\r\nHun spiste lunsj etterpå, men jeg må fortsatt mase og følge nøye med på henne slikt at hun tar til seg ekstra næring etter en treningstur. \r\nJeg tar med Emilie på slike løpeturer for å vise henne at hun nå er mye sterker og løper fortere enn da hun var tynnere. Og nå løper hun faktisk fra meg også.\r\nSå jeg håper dette har en viss terapautisk effekt på henen hva inntak av næring og sitt forhold til kropp angår.'),
(87, '2016-10-09 08:27:00', '2016-10-09 08:33:28', 5, 'INFO', 'Maten', 'Emilie styrer mer måltidene selv, som er en bervist handling fra min side. Hun er flink til å spise og sulten styrer stor sett det meste. Utfordringen er nok de valg av mat hun gjør, samt at hun fortsatt holder god kontroll på inntak av kalorier. Mengen hun spiser er det ingenting å si på, men hun velger stort sett mager mat og har fortsatt problemer med å innta fettholdig mat. Hun har begynt å droppe frukt til frokost og lunsj, så her må vi følge opp hvert måltid. Dessert må vi også passe på at hun tar.  '),
(88, '2016-10-09 08:33:00', '2016-10-09 08:37:06', 5, 'INFO', 'Vekst', 'Normalvekt og høyde for jenter 14 år er 52 kg og 163 cm og jeg tenker at dette er ett naturlig mål for Emilie.\r\nDet viktigste å formiddle til henne er at hun fortsatt skal opp i vekt og at kroppen hennes vil utvikle og forandre seg masse. Dette er noe hun må forstå og akseptere og her har vi en jobb å  gjøre.');
INSERT INTO `event_log` (`id`, `created_date_time`, `last_modified_date_time`, `fk_user_id`, `level`, `title`, `content`) VALUES
(89, '2016-10-09 09:24:00', '2016-10-09 20:37:14', 5, 'INFO', 'Terapi', 'Tenker at vi må øke litt på intensiviteten hva terapi angår. de siste gangen har Emilie gått alene til BUP. Dette etter mitt ønske. For jeg synes hun snakker og sier alt for lite i de timene. Det er stort sett BUP og jeg som står for snakkingen. BUP ønsker at vi skal starte med familie terapi. Noe jeg ikke er helt klar for. Dette med tanke på å involvere Andreas, samt at ejg ikke ønsker å gå i terapi sammen med mamma, grunnet vår dårlige kommunikasjon og totalt forskjellig syn på hva som er veien videre.\r\nJeg sliter med å se en helhetlig plan i den behandlingen BUP utfører og ønsker derfor å prøve en privat behandler. Har meldt oss inn i <a href="http://www.nettros.no/senter/oslo/">ROS</a> og ser at de også tilbyr terapi.'),
(90, '2016-10-21 20:28:00', '2016-10-21 20:37:29', 5, 'INFO', 'Fotball', 'Det er ikke lett å bli klok på emilie hva fotball angår. Dette da hun liker veldig godt å spille men viser null i nterresse for å spille eller trene med sagene. Hun er også meget innesluttet hva dette tema angår og vil ikke fortelle meg noe som helst om årsaken til hvorfor hun ikke vil være med. Sagene laget er blitt slått sammen med Korsvoll og alle har meldt overgang til korsvoll. Emilie ønsket ikke være med på dette heller.\r\nJeg har derfor meddelt at hun har sluttet.\r\nUansett, hvis lysten skulle melde seg ikan hun bare starte opp igjen. Jeg ønsker ikke å mase på henne. Hun er nok mye styrt av sykdommen fortsatt, men det sier meg at hun da ikke er klart til å gjennoppta fotball treningen eller annen form for regelmessig trening igjen. Hun blir bare sur når jeg prøver å snakke med henne om dette temaet. Lar defor dette bare bero inntill hun selv tar initiativ til å start opp igjen.'),
(91, '2016-10-21 20:43:00', '2016-10-22 16:58:18', 5, 'INFO', 'Progresjon', 'Fysisk sett går det i riktig retning, men psykisk synes jeg det har stagnert. Hun sliter mer enn vanlig på den fronten. Hun har fortsatt mange av de samme tvangstankene og sliter openlyst med mange valg. Hun har nå også fått tilbake eksem på hendene. Dette er nok grunnet været. Vi er nå inne i en tyngre periode.\r\nHun leker nå sjeldent med noen, det blir mest mamma og meg. Det er heller ikke helt bra.'),
(92, '2016-10-22 16:58:00', '2016-10-22 17:04:32', 5, 'INFO', 'løpetur', 'Emilie spurte om jeg ville være med på en løpetur i dag. Noe jeg syntes var greit siden hun ikke ble med på Haslum fotball cup. Vi løp 2 runder rundt sognsvann, hvor en var rolig og en var full fart. Emilie løp rundt på 13:40 og jeg på 14:08. Hun har formelig sprudlet etterpå og synes nok det var godt å knuse meg. Jeg tror også dette er veldig bra for psyken hennes at hun ser at kroppen svarer i form av stryke når hun går opp i vekt.'),
(93, '2016-10-27 20:03:00', '2016-10-27 20:07:09', 5, 'INFO', 'Fotball', 'Tror nok mye av grunnen til at emilie ikke er så lysten på bli med over til korsvoll er at elin har også gått over fra lyn til korsvoll.\r\nHar nevnt lyn for henne, men hun vil helst spille sammen med sagene jentene. \r\nAlt er nå opp til henne å ta initiativ. Vi skal ikke spørre eller mase på henne om dette.\r\nJeg har sagt at hun nå kan få trene en gang i uken.'),
(94, '2016-10-27 20:07:00', '2016-10-27 20:09:37', 5, 'INFO', 'Samvær', 'Emilie kan nå få være hos mamma en dag i uken. Har bedt henne om å bestemme seg for en dag.'),
(95, '2016-10-31 21:40:00', '2016-10-31 21:43:06', 5, 'INFO', 'Eksem', 'Emilie har nå fått veldog tørr hud og eksem på hendene sine. Tror det er på grunn av at det er blitt kaldere. Hun må smøre hendene\r\nhver morgen og kveld, samt bruke votter/eller hansker. Det er slitsomt å minne henne på dette hele tiden.'),
(96, '2016-11-01 21:41:00', '2016-11-01 21:42:30', 5, 'INFO', 'Veiing', 'Emilie slo seg vrang og ville ikke veie seg i dag tidlig. Jeg lot henne bare få viljen sin.'),
(97, '2016-11-03 21:49:00', '2016-11-03 21:53:11', 5, 'INFO', 'Lett produkter', 'Emilie handler mye på egenhånd og vi må følge nøye med så hun ikke velger lett produkter. Ser nå at hun har en lei tendens til det.\r\nHun velger fortsatt mat med lavt fett og kaloriinnhold. Og det er nettopp her vi må følge nye med. Hun blir fort sint og innesluttet hver gang jeg tar dette opp med henne. Hun har fortsatt en lang vei å gå hva det psykiske angår.\r\nLett produkter er ikke tillatt. Kun lett melk og brelett.'),
(98, '2016-11-11 23:00:00', '2016-11-13 22:55:23', 5, 'ACTIVITY', 'Trening', 'Vi splite litt fotball og så løp Emilie løp en runde rundt Voldsløkka.'),
(99, '2016-11-12 23:10:00', '2016-11-12 23:11:18', 5, 'ACTIVITY', 'Fotball', 'Vi spilte fotball på voldsløkka. Hadde også litt sprinttrening'),
(100, '2016-11-13 22:53:00', '2016-11-13 22:54:35', 5, 'ACTIVITY', 'Fotball', 'Vi spilte litt fotball på Voldsløkka'),
(101, '2016-11-13 22:55:00', '2016-11-15 22:22:31', 5, 'CONFLICT', 'Konfirmasjonsmøte', 'Emilie skulle på konfirmasjonsmøte i dag kl. 1100 og mamma skulle komme å hente henne kl. 1030.\r\nAlt starte vel og bra, hun stod opp 0930, dusjet og så begynte hun å lage seg en smoothie til frokost. Problemet begynte da hun ikke var fornøyd med smaken og måtte lage en ny. Dette førte til at hun ikke ville rekke å spise frokost før hun dro på møte. \r\nHun ville derfor spise mens hun gikk bort. Noe jeg ikke godtok og sa hun måtte sette seg ned å spise frokost før hun gikk.  Dette førte til at hun gradvis ble hysterisk og mistet helt kontrollen over seg selv. Hun ble veldig utagerende, raste rundt, smalt med dører, kastet ting, og sa hun ville slå meg og masse annet. Jeg måtte gå fysisk til verks for å stoppe henne, dvs. legge henne på gulvet og holde henne i ro. Men hun hylte og skrek så fælt at jeg slapp henne. Jeg prøvde også å holde henne fast uten hell. La henne atter en gang på gluvet i kanskje 30 sekunder. Men hun roet seg ikke da heller. Mens det hele pågikk stod mor utenfor og ringte på. Noe jeg valgte å ignorere. Emilie ville ikke høre på verken meg eller henne. Hun var som i en transe, helt umulig å trenge inn til henne. Hun bare gikk frem og tilbakw og stresset seg sevl opp, gråt og var veldig frustrert. Jeg ble kontaktet av barnevernsvakten fordi mor hadde ringt dem. Etterhvert roet hun seg ned og var veldig opptatt av å få spist. \r\nFra da og utover fikk jeg kontroll over henne igjen og kunne begynne så smått a ha en dialog ned henne. Hele opptrinnet varte kanskje 30 minutter. Hun kom relatvit raskt til seg selv igjen og vi fikk tilbake den gode tonen oss imellom igjen. Jeg ble litt overrasket over at hun fortsatt kan få slike kraftige utbrudd basert på bagateller. Dette viser bare at vi jar en lang vei å gå og må vurdere ytterlige tiltak i from av behandling.\r\nDet gjør uttolig vondt i hjertet å måtte ty til fysiisk makt mot henne, men jeg vet ikke hva jeg ellers kan gjøre der og da. Jeg klarer ikke å stå å se på at hun raser rundt slik. Og har ikke noe annet virkemiddel. Det er også til ettertanke at andreas overværete hendelsen. Har snakket med han om dette, men det plager meg at han opplever slike hendelser. '),
(102, '2016-11-18 20:57:00', '2016-11-18 20:58:31', 5, 'ACTIVITY', 'Fotball', 'Vi spilte fotball på Voldsløkka'),
(103, '2016-11-18 21:00:00', '2016-11-18 22:33:09', 5, 'INFO', 'Skole', 'Emilie sykler ikke til skolen mer grunnet glatte veier. Hun går nå til tåsen og tar trikken opp til kringsjå. Hun sluttet å sykle 14.11.2016. Hun har derfor sluttet med den ekstra flaken med fresubin hun drakk hver gang hun syklet.'),
(104, '2016-11-19 17:16:00', '2016-11-19 17:24:43', 5, 'ACTIVITY', 'Løpe trening', 'Vi har hatt ca 45 minuttet løpetrenning.\r\nHun drakk en YT etterpå.\r\nSelv etter en slik økt er hun ikke helt fornøyd og vil bare holde på mer. Ei tar hun eller spør om drikke etterpå. Jeg må påse at hun drikker. Hun har nå ingen faste aktiviteter og sykler i&#311;ke til skolen mer, derfor trene jeg nå litt sammen med henne.\r\nMen må helt klart være påpasselig hva nengde angår, for hun har ingen grenser selv. Det er vanskelig å vite hva som er rett eller galt i denne sammenhengen. Videre er det utfordrende å vite om det er emilie eller sykdommen som har kontrollen under en treningsøkt. Det er fortsatt en lang vei å gå psykisk før hun er frisk. Hun er veldig nærtagen og vli sjeldent snakke om verken mat eller trening. Noe som er ett dårlig tegn.'),
(105, '2016-11-20 22:30:00', '2016-11-20 22:31:25', 5, 'ACTIVITY', 'Fotball', 'Vi spilte litt fotball på voldsløkka'),
(106, '2016-11-22 07:24:00', '2016-11-22 07:32:56', 5, 'CONFLICT', 'Veiing', 'Hun har hatt en liten vektreduksjon denne uken, noe som skapte dårlig stevning. Spesielt hos meg. Hun spiser bra hele tiden og har sluttet å sykle til skolen, så jeg vet ikke hvorfor hun nå synes å ha stablisert seg rundt 46.7 kg. Hun tar også ekstra næring etter en aktivitet. Jeg tror nok hun spiser for mager mat og har selv god kontroll på inntak og aktivitet, og klarer derfor å juster mengen selv. Det er min hypotese, akkurat nå. Ønsker ikke å endre på dietplanen. Jeg må heller bli flinkere til å passe på og følge opp. Hun har nå kanskje blitt gitt for mye kontroll. Hun lager mye av maten selv og her må jeg nok i større grad ta over. Noe som da vil være en kilde til flere konflikter, vil jeg tro.\r\nVi venter og ser an utviklingen til neste uke og tar eventuelle grep  da hvis vekten ikke øker igjen.'),
(107, '2016-11-24 07:01:00', '2016-11-24 07:06:39', 5, 'INFO', 'Dessert', 'På forespørsel svarer emilie at hun spiste smultring til dessert i går. Hun bekrefter det  atter en gang når jeg spør igjen. Hun hadde ikke spist smultring til dessert da jeg ser at det ikke er tatt noen fra posen. Så i dette tilfellet lyver hun bevist. Med andre ord vi kan ikke stole på henne hva matinntak angår. Hun svare etter eget forgodtbefinnende. Vi må skjerpe oppfølgingen rundt alle måltidene. Slik det er nå styrer hun for mye selv. Så her må vi gå ett skritt tilbake. '),
(108, '2016-11-26 17:04:00', '2016-11-26 17:07:35', 5, 'INFO', 'Kontroll av måltider', 'Fant nettopp en liter med skummet melk som emilie hadde gjemt i kjøleskapet. Noe som bare bekrefter at måltidene må kontrolleres mye bedre. Hun prøver nå å lurer seg unne på mange nye måter. Noe som også reflekteres i at vekten går noe nedover. Regler og kontroll må skjerpes.'),
(109, '2016-11-26 22:40:00', '2016-11-26 23:00:40', 5, 'REPORT', 'Oppsummering uke 47', '- Emilie bruker alt for lang tid på noen måltider. Innfører derfor 30 min reglen igjen.\r\n- Hun lager nå maten selv for ofte, særlig middag\r\n- Jeg må bli bedre på å følge opp måltidene\r\n- Jeg skal lage middag.\r\n- Hun skal ikke gå så ofte i butikken å kjøpe mat\r\n- Hun har snik drukket skummet melk\r\n- Hun sier at fett i maten er veldig vanskelig\r\n- Det er vanskelig å få henne til å overnatte hos mamma\r\n- Vektstabilliseringen skyldes nok at hun har sabotert diet planen. \r\n- Vi skal ikke øke dieten. Bedre oppfølging vil føre henne på rett kurs ogjen\r\n- Hun har hatt ett normalt aktivitetsnivå\r\n- Hun er stort sett blid og fornøyd og spiser bra.\r\n- Har hatt norsk og engelsk tentamen denne uken'),
(110, '2016-11-26 22:50:00', '2016-11-26 22:51:24', 5, 'ACTIVITY', 'Fotball', 'Vi spilte en vanlig runde fotball på voldsløkka i dag'),
(111, '2016-11-27 17:02:00', '2016-11-27 17:03:15', 5, 'ACTIVITY', 'Skøyter', 'Vi har gått på skøyter på bergbanen i dag'),
(112, '2016-11-27 17:03:00', '2016-11-27 21:47:11', 5, 'CONFLICT', 'Middag', 'I dag ble det konflikt ved valg av middag. Hun ville ha fiskeboller, men på sin måte. Noe jeg ikke godtok. Det skal vøre med hvit saus og poteter.Og det er sausen som skapte problemer for henne. Hun nekter å spiser, raste rundt og smalt med døren til rommet sitt. Jeg tok hardt i henne og da roet hun seg litt. Men skrek mange ting til meg. Ba henne om å gå ut litt for å roe seg ned men det vil hun ikke. Dette viser bare hvor syk hun fortsatt er og hvor viktig det er at jeg igjen tar mer kontroll over måltidene.\r\nUtbruddet var ikke så kraftig og hun roet seg etter ca 30 minutter. Da satt hun seg uoppfordret ned og spiset opp fiskebollene og sausen. Litt tidligere hadde hun most maten som lå på tallerkenen med hendene.\r\n\r\nHun blir veldig lei seg etterpå og jeg snakker mye med genne etter slike episoder. Dette for å forsikre henne om at vi er like glad i henne og at jeg vet at det et sykdommen som gjør at hun mister kontrollen. Det som vsr nytt denne ganger var at hun var så lei og sa at hun ikke orket mer og ønsket ikke å leve. Noe hun aldri har sagt før. Det som er positivt er at hun er veldog lett å få på rett vei igjen bare ved å snakke med henne. Hun kommer da fort til hektene og den glade og gode jenta  vender da tilbake. Men dette må tas seriøst, hun har det fryktelig vanskelig og vondt inn i seg. Og det spesielt i slike sitasjoner.'),
(113, '2016-12-01 22:53:00', '2016-12-03 23:06:39', 5, 'INFO', 'Andreas', 'I dag fikk andreas ett kraftig raserianfall fordi nett forbindelsen ble brutt. Han beskyldte meg for å ha gjort det. Noe som var helt feil og gjorde meg også forbannet.\r\nHan bannet, hylte og skrek, samt sparket til ting på rommet sitt. Det var helt umulig å roe han ned. Så jeg gikk ned i stuen og lot han holde på. Etter vel 15 minutter roet han seg. Jeg fortalte at slok oppførsel er helt uakseptabel og var gansk så sint på han. Derfor ba jeg han om å umiddelbart det til sbp. Dette slik at jeg ikke skal kjefte han huden full. Han har null respekt og viser ongen tegn til anger, smarere tvert imot, han forsvarer det nesten. Konsekvensen er at jeg har tatt fra han pc og gitt han forbud mot dataspill. Så for tiden vise om han har lært noe. Jeg er i tvil, fordi han viser ingen tegn til å be om unnskyldnig eller ønske om å forklare seg om hvorfor han ble så sint for ingenting. Det er heller ikke første gangen han er utagerende og svært provoserende mot meg. Jeg må søk etter hode tiltak for å få han til å forstå at slik kan han ikke holde på. Jeg blir voldsomt skuffet av han og trenger mange dager for klare å legge slike hendelser bak meg.'),
(114, '2016-12-03 20:47:00', '2016-12-05 20:48:57', 5, 'ACTIVITY', 'Fotball', 'Emilie, Andreas og jeg spilte fotball på voldsløkka'),
(115, '2016-12-05 21:41:00', '2016-12-05 21:45:11', 5, 'INFO', 'Veiing', 'Emilie har skrevet ett brev til meg hvor hun spør om å få utsette veiingen i morgen. Dette fordi hun plages fælt etterpå. Helt uavhengig av om hun har gått opp eller ned.\r\nHun har nynorsk fagdag i morgen, så vi har utsatt veiing til onsdag morgen.  '),
(116, '2016-12-06 20:30:00', '2016-12-06 20:31:59', 5, 'INFO', 'Måltider', 'Emilie kjøper fortsatt lett produkter og snik spiser dette når jeg ikke følger med. Fant nå lett ost og ekstra lett melk i kjøleskapet.'),
(117, '2016-12-06 20:33:00', '2016-12-06 21:36:56', 5, 'REPORT', 'Oppsummering uke 48', '- Dette har vært en roligere uke hva konflikter angår. Hun er stort sett i godt humør\r\n- Hun snikspiser lett produkter, lett ost og ekstra lett melk\r\n- Lite aktivitet\r\n- Liker ikke å veie seg, sliter med å sove natten før veiing\r\n- Tvangstanker, trenger hjelp til å håndtere disse, når noen forsvinner dukker nye opp.\r\n- Oppsøker og leker med venner\r\n-Jeg må skjerpe meg hva oppfølging av måltider angår\r\n- Nynorsk og tysk tentamen'),
(118, '2016-12-07 21:50:00', '2016-12-07 22:01:43', 5, 'INFO', 'Vektøkning', 'På de siste 6 ukene har andreas gått opp 1.1 kg i vekt, mens emilie har kun gått opp 100 g. Vi kan selvfølgelig ikke sidestille dem, men det gir oss en liten pekepinn på hva som er normalt.\r\n\r\nHvis man ser på fra jeg startet å veie andreas har han gått opp 1.6 kg og i samme periode har emilie gått opp 3.3 kg.\r\nNoe som jo er interesant, fordi det viser at emilie faktisk har en god progresjon over tid. Men det går for sakte fremover og det kan hemme hennes utvikling. '),
(120, '2016-12-09 09:44:00', '2016-12-11 09:45:16', 5, 'ACTIVITY', 'Fotball', 'Emilie og jeg spilte fotball på voldsløkka'),
(121, '2016-12-11 05:23:00', '2016-12-13 05:24:28', 5, 'ACTIVITY', 'Fotball', 'Andreas, Emilie og jeg spilte fotball på voldsløkka'),
(122, '2016-12-13 14:53:00', '2016-12-13 14:57:57', 5, 'INFO', 'Vektøkning', 'Emilie går ikke opp i vekt og jeg må vurdere å søke om plass på rasp. Det er blitt vanskligere å stole på henne hva mat angår. Hun finner stadig på nye ting og sniker seg unna reglene titt og ofte. Jeg sliter med å følge henne opp skikkelig. Hun har liten aktivitet og vil gå opp i vekt hvis kostplanen følges. Det er jeg ganske sikker på. Så kontrollen må skjerpes og det er netopp det jeg sliter med.'),
(123, '2016-12-14 23:08:00', '2016-12-13 23:09:56', 5, 'INFO', 'Blodprøve', 'Har tatt blodprøve på ullevål sykehus i dag,\r\ndette etter ønske fra legen på bup.\r\n'),
(124, '2016-12-13 23:18:00', '2016-12-13 23:24:08', 5, 'REPORT', 'Oppsummering uke 49', '- Ingen vektøkning\r\n- Lite aktivitet\r\n- Ingen konflikter\r\n- Spiser mye, men mager kost og hun holder regnskap på kalori inntaket\r\n- Har ikke klart å følge opp måltidene bedre. Må bli flinkere til det for at hun skal få vektøkning.\r\n- Ingen endring i hva hennes tanker og forhold til mat angår. Her har ting stått stille kenge.'),
(125, '2016-12-17 10:23:00', '2016-12-17 10:27:59', 5, 'INFO', 'Matlaging', 'Emilie lager mye av maten sin selv. Hun har begynt å varmebehandle mye av det hun spiser. Mat stekes og kokes veldig lenge. Slik at det er helt på grensen til å bli brent. \r\nJeg har misstanke om at hun gjør dette for å fordrive fett og andre uønskede næringsstoffer. Hun blir sur når jeg konfronterer henne med dette. Hun bør nok ikke lage maten selv. Vi må skjærpe kontrollen. '),
(126, '2016-12-18 07:13:00', '2016-12-19 07:14:16', 5, 'ACTIVITY', 'Skøyter', 'E, A og jeg gikk på skøyter på bergbanen'),
(127, '2016-12-17 07:14:00', '2016-12-19 07:15:54', 5, 'ACTIVITY', 'Fotball', 'E og jeg spilte fotball på voldsløkka'),
(128, '2016-12-20 07:20:00', '2016-12-20 07:25:28', 5, 'INFO', 'Vektøkning', 'Endelig en bra vektøkning. Vi har ikke gjort noe annerledes denne uken.  Jeg har bare fulgt litt bedre med under måltidene. Men hun spiser bra og mye hele tiden. Så det er ikke lett å forstå hvorfor hun ikke har en jevn økning hver uke, fremfor å hoppe litt opp og ned i vekt. Etter en litt stor vektoppgang pleier hun å gå litt ned igjen og stabilisere seg en periode, før hun så går litt opp igjen. Tror vi bare må ha tålmodighet og følge henne opp hele tiden.'),
(129, '2016-12-20 14:20:00', '2016-12-20 14:23:30', 5, 'INFO', 'Lett produkter', 'Fant skummet melk og ekstra lett ost i kjøleskapet som hun da tar av når jeg ikke følger med eller når hun er alene. Vi må følge nøye med. Dette er ikke bra og viser bare at hun har mye psykisk å jobbe med.'),
(130, '2016-12-21 06:54:00', '2016-12-21 07:00:28', 5, 'REPORT', 'Oppsummering uke 50', '- Vektøkning på 0.6 kg\r\n- Jeg følger bedre med under måltidene\r\n- Snikspiser fortsatt lett produkter\r\n- Ingen konflikter\r\n- Normal aktivitet\r\n- Stort sett blid og fornøyd\r\n- Oppsøker venner'),
(131, '2016-12-21 23:33:00', '2016-12-31 10:17:16', 5, 'INFO', 'Treningsprogram', 'Emilie har gitt meg det treningsopplegget hun fulgte før hun ble innlagt. Dette er ett programm hun har laget helt selv og holdt hemmelig for meg. Må finne ut hvor ofte hun kjørte dette programmet.\r\n<p>\r\nDette programmet kjørte hun ca 1-2 dager i uken, ca 2 timer pr  gang.\r\n<h4>45 reps</h4>\r\n<li>Pushups med motsatt ben\r\n<li>Dips\r\n<li>Superman /planke og løfte armene\r\n<li>Sykle\r\n<li>Benhev\r\n<li>Planke og motsatt ben\r\n<li>Armene fra side til side \r\n<li>Pushe bakover\r\n<li>Spensthopp\r\n<li>Squats\r\n<li>Hip thrust\r\n<li>Catslide \r\n<li>90*\r\n<li>Step up på stol \r\n<li>Utfall fremover\r\n<li>pBulgarsk utfall til siden\r\n<lip>Jumping jacks (200)\r\n</p>\r\n<p>\r\n<h4>1 min</h4>\r\n<li>V-form\r\n<li>Overkroppen oppe\r\n<li>Bena oppe\r\n<li>Planke\r\n\r\n<h4>HELKROPPSPROGRAM</h4>\r\n<li>45 grader\r\n<li>pushups :-(\r\n<li>Dips\r\n<li>Superman\r\n<li>V-UPS :-(\r\n<li>Sykle\r\n<li>Crunch\r\n<li>Planke og motsatt ben\r\n<li>løfte motsatt arm og ben på mage\r\n<li>Armene fra side til side x2\r\n<li>Pushe bakover\r\n<li>Stjerne og løfte ben\r\n<li>Spensthopp :-(\r\n<li>Catslide :-(\r\n<li>Moutain climbers\r\n<li>Bulgarsk utfall til siden\r\n<li>Bulgarsk utfall fremover fra seng \r\n<li>Squats\r\n<lu>Hip trust\r\n<li>90 grader\r\n<lu>Jumping jacks \r\n\r\n<p>\r\n<h4>1 min</h4>\r\n<li>V-form\r\n<li>Bena oppe\r\n<li>Overkroppen oppe\r\n<li>Planke\r\n<li>Sideplanke\r\n<li>Wall sit'),
(132, '2016-12-23 23:05:00', '2016-12-23 23:06:25', 5, 'ACTIVITY', 'Skøyter', 'E og jeg gikk på skøyter på bergbanen i dag'),
(133, '2016-12-24 21:07:00', '2016-12-24 21:07:44', 5, 'ACTIVITY', 'Fotball', 'A, E og jeg spilte fotball på voldsløkka'),
(134, '2016-12-24 21:08:00', '2016-12-24 21:12:19', 5, 'INFO', 'Matlaging', 'Hun velger ofte tunfisk på boks til måltidene. Hun steker den lenge. Tunfisk er veldig magert og kan derfor ikke telle som en del av måltidet. Hun holder på med mate nesten hele tiden når hun er inne. Så her må jeg stramme inn, noe som nok vil skape flere konflikter.'),
(135, '2016-12-25 20:17:00', '2016-12-25 20:18:03', 5, 'ACTIVITY', 'Skøyter', 'E og jeg gikk på skøyter på bergbanen'),
(136, '2016-12-26 08:41:00', '2016-12-27 08:43:00', 5, 'ACTIVITY', 'Fotball', 'E og jeg spilte fotball på voldsløkka i går.'),
(137, '2016-12-27 08:43:00', '2016-12-27 08:51:15', 5, 'INFO', 'Terapi', 'Vi skal begynne å gå i familieterapi. Det er ok at kun en av oss er med. Og andreas trenger heller ikke bli med.\r\n\r\nMadly går av med pensjon sommeren 2017 så vi må ha ett møte med henne om veien videre. Jeg tenker at da er nok det beste å finne en ny så snart som mulig..\r\n\r\nForøvrig er jeg undrende om den terapi som nå gis har noen effekt. På meg har den negativ påvirkning, derfor har jeg trukket neg litt tilbake.'),
(138, '2016-12-27 09:27:00', '2016-12-27 09:33:03', 5, 'INFO', 'Vektnedgang', 'Vi tror vektnedgangen skyldes juleaften samt at hun også har droppet desert noen dager. Vi har også gått på skøyter.\r\nKonklusjon jeg må følge opp bedre.'),
(139, '2016-12-27 23:05:00', '2016-12-27 23:10:05', 5, 'REPORT', 'Oppsummering uke 51', '- gått 700g gram ned i vekt\r\n- slurvet med dessert\r\n- for dårlig oppfølging av måltidere\r\n- ikke flink nok til å ta til seg ekstra næring etter en aktivitet\r\n- liker fortsatt ikke å veie seg\r\n- ingen konflikter\r\n- stort sett blid og fornøyd'),
(140, '2016-12-27 23:10:00', '2016-12-27 23:14:11', 5, 'INFO', 'Emilie', 'Hun forteller at hun ikke kan huske å ha vært opptatt av fettinholdet i mat før hun ble innlagt på ullevål. Videre sier hun at pleide i spise lørdagsgotteri, samt at hun ikke tenkte på det å sitte. Hun sier at dette har endret seg etter sykhusoppholdet. Nå tenker hun på det. '),
(141, '2016-12-27 23:14:00', '2016-12-27 23:20:47', 5, 'INFO', 'Juleferie', 'Hun sier det er vanskelig å reise bort, fordi hun da er redd for å gå ned i vekt på blir veldig stresset av det. Det er vanskelig å resie bort fra de faste rutinene. Hun har lyst, men vet ikke om det er vedt det. Hun får skyldsfølelse fordi hun ikke vil ødelegge ferien for oss andre. Sykdommen følger oss enn hvor vi er og gir oss ikke fred uansett. Snarere tvert i mot, det blir værre når vi reiser bort. '),
(142, '2016-12-28 23:11:00', '2016-12-28 23:13:44', 5, 'ACTIVITY', 'Skøyter', 'A, E og jeg gikk på skøyter på bergbanen i dag. E hadde på seg pulsklokke og fant ut at hun hadde gått ca 1 mil og brukt ca 300 kcal. '),
(143, '2016-12-30 22:39:00', '2016-12-31 10:13:09', 5, 'INFO', 'Måltider', 'Emilie bør ikke lage maten selv, det må vi gjøre. Jeg tar henne titt og ofte i å snikinnføre mager mat. Hun lyver også til meg om hva hun spiser og har spist. \r\nHun bør heller ikke få gå å kjøpe mat i butikken alene. Hun må følges mye bedre opp av oss hvis hun skal klare å ta ett steg videre. Jeg har gitt henne for mye ansvar og tillit. Jeg skal nå følge opp dette bedre.'),
(144, '2016-12-30 23:04:00', '2016-12-30 23:07:26', 5, 'INFO', 'Neglsopp', 'Emilie blir ikke kvitt neglsoppen på pekefingeren. Nå har jeg kjøp en kur som vi begynner med i kveld og som må følges i 3 månder. Den smøres på 1 gang om dagen før hun legger seg.'),
(145, '2016-12-31 10:10:00', '2016-12-31 10:11:53', 5, 'INFO', 'Eksem', 'Hun må smøre hendene sin hver kveld før hun legger seg. Til tider har hun store spår/skorper på hendene. Hun må bruke votter når det er undet 0 grader ute.'),
(146, '2016-12-31 10:36:00', '2016-12-31 10:40:46', 5, 'INFO', 'ROS medlemsblad', 'Vi mottar ROS medlemsbladet en gang i månden. E leser i bladet og vi snakker rundt dette når jeg ser aktuelle temaer.\r\nHun er fortsatt meget opptatt av kosthold og hvordan kroppen fungerer. Men hun tolker mye av dette feil. Så her tenker jeg at det kan være lurt å øke kunnskapen hennes.'),
(147, '2016-12-31 19:19:00', '2016-12-31 19:23:18', 5, 'ACTIVITY', 'Sognsvann rundt', 'Emilie fikk lov til å løpe rundt sognsvann alene. Hun løp 2 runder. En rolig og en rask ybor hun løp på 12:50. Hun var veldig fornøyd og jeg håper med dette at hun skjønner at det å gå opp i vekt bare gjør henne sterkere. Hun har aldri løpt så fort før.'),
(148, '2016-12-31 21:52:00', '2016-12-31 22:39:21', 5, 'CONFLICT', 'Kveldsmat', 'E slår seg vrang under kveldsmaten fordi jeg følger nøye med når hun lager seg ostesmørebrød. Hun begynner plutselig å gråte og sier at hun vil til mamma. Jeg sier at det er greit men at hun da må spise først.\r\nHin små gråter hele tiden og er veldig fortvilet. Jeg tror at sydommen nå herjer med henne og årsaken er nok at jeg følger nøye med på måltidet. Ting går forsåvidt rolig for seg og jeg klare å roe henne ned ved å snakke til henne. Hun sier hun er sulten og sliten og er bare lei av alt. Særlig sykdommen. Hun vil gå til mamma og spise, hvor jeg da sier at hun da kan bli værende hos mamma. Og jeg vil da be bup om å søke plass på rasp. Dette fordi hun vil til mamma for å kunne styre måltidet selv. \r\nHun tok til fornuft og spiste kveldsmaten til slutt. Jeg sa hele tiden at hun kunne få være hos mamma til i morgen såfremt hun spiste kveldsmaten først. Men det var nettopp det hun ikke ville. Alt hat gått rolig for seg hele tiden, men det er utrolig tungt og krevende å få henne på rett vei i slike situasjoner. Nå har hun spist bra og humører hennes ble mye bedre med en gang. Og på forespørsel vil hun nå ikke gå til mamma alikevel. Hun sier forøvirg at hun kan dra til mamma hvis jeg ønsker en hvilepause. Hun har det vondt inne i seg.'),
(149, '2017-01-01 10:43:00', '2017-01-01 10:48:20', 5, 'INFO', 'Ansvar', 'E har fått alt for mye ansvar hva måltider angår. Noe jeg ser i ettertid. Det blir nå uenigheter ved hvert måltid som jeg nå tar kontroll over. Men den kampen må dessverre tas. Hun har ikkw fulgt oppskriftene når hun lager nat selv og lyver når jeg spør, samt at hun bruker lett produkter hvis anledningen byr seg. '),
(150, '2017-01-01 10:57:00', '2017-01-01 11:03:35', 5, 'INFO', 'Smoothie', 'E sier at hun aldri har fulgt oppskriften for smoothie. Og den har hun jo drukket mange av. Så her ligger nok også noe av svaret på hvorfor vekten økningen har uteblitt.\r\nPå forespørsel benekter hun å ha jukset med andre måltider. Men jeg er usikker på om vi kan stole på det. Tenker spesielt på lunsjen som hun spiser på skole. \r\nHvis ikke vi ser en snarlig vektøkning må vi igjen vurdere rasp. Jeg sliter med å følge henne opp og vi kan ikke fortsette slik.\r\n\r\nJeg sier til henne at hun må si ifra når hun kjenner problemene dukke opp under måltidene. Slik at jeg kan da hjelpe henne der og da.'),
(151, '2017-01-01 11:19:00', '2017-01-01 21:25:37', 5, 'REPORT', 'Sammendrag uke 52', '- Hun skal nå overnatte en dag i uken hos sbp.\r\n- Skaper mye støy når jeg tar mer kontroll over måltidene\r\n- Hun vedgår at hun jukser når hun lager smoothie selv\r\n- Har tatt løpetur rundt Sognsvann alene\r\n- Det har vært en tung og slitsom uke\r\n- Litt mer aktivitet grunnet ferie\r\n- Er litt redd hun har begynt å overspise, særlig til kveldsmaten\r\n- Det er blitt vanskeligere å stole på henne, hun er veldig kreativ og finner stadig nye gjemmesteder for mat. Hun må overvåkes hele tiden.Snur jeg ryggen til kan hun finne på noe\r\n- Hun bruker lang tid på å spise\r\n- Hun trenger bedre oppfølging og jeg sliter med dette. \r\n- Viser hun ikke progresjon nå, må vi søke om hjelp.'),
(152, '2017-01-01 11:23:00', '2017-01-01 11:33:38', 5, 'INFO', 'Overspising', 'Jeg er litt bekymret for kveldsmaten. Hun spiser ofte mye og lenge. Tror hun da prøver a kompansere for dagens inntakk og forbruk av kalorier. Noen ganger sier hun at hun blir veldig mett. Jeg prøver da å begrense mengen. Men dette er vanskelig terreng å navigere i, da jeg ikke vet om det er naturlig sult eller om det er sykdommen som styrer henne. Hun blir også forvirret over at hun verken for lov til å spise for mye eller for lite. Her kjører jeg litt slalom med reglene, uten å ha full kontroll. Men så lenge vektøkningen uteblir må jeg gjøre små justeringer. Noen fasit finnes ikke.'),
(153, '2017-01-01 19:24:00', '2017-01-01 19:32:03', 6, 'INFO', 'Kommunikasjon med Gunnar', 'Jeg har sendt Gunnar noen e-poster og sms''er til Gunnar Vedr. Emilie, som han aldri svarer på, og Gunnar vil heller ikke bli kontaktet PR.telefon, noe som fører til at jeg kun kan følge med via loggen i Pepilie, uten å gi tilbakemeldinger eller kunne ha direkte kommunikasjon med Emilie og Gunnar når det er vanskelige perioder. Gunnar er veldig sta og tror han kan ordne alt alene, og må gå til drastiske skritt når han skjønner at han ikke har full kontroll på situasjonen hjemme! Jeg syntes det er trist at Gunnar ikke vil samarbeide,  noe som sannsynligvis går utover alle, både Emilie , Andreas og resten av familien, og jeg syntes han bør endte sin holdning til dette! '),
(154, '2017-01-01 19:52:00', '2017-01-01 19:56:16', 5, 'INFO', 'Gjemmer mat', 'E blir bare mer og mer kreativ hva mat angår. Hun gjemmer unna, bruker lett produkter, blir sint når jeg spør, og vil lage maten selv. Det er mye vanskelig å ta tilbake kontrollen nå. Hun blir bare sur og går. Vi må vurdere rasp hvis hun ikke viser vektøkning snarlig. Jeg klare ikke å kombinere jobb og 100% oppfølging av henne'),
(155, '2017-01-01 21:21:00', '2017-01-01 21:24:01', 5, 'INFO', 'Emilie bursdag', 'Emilie sliter med å bestemme seg om hun vil feire bursdagen sin eller ei. Jeg har bedt henne om å finne ut av dette raskt, hvis ikke blir det ikke noe av.'),
(156, '2017-01-02 18:46:00', '2017-01-02 18:52:57', 6, 'INFO', 'Emilie spiser bra med mat!', 'I dag har Emilie vært hos Madli, og det gikk fint, jeg var med i deler av samtalen! Jeg syntes Emilie er flink , som møter opp og faktisk prøver å gjøre noe med situasjonen, som tydelig sliter hardt på henne. Emilie gjør faktisk, så godt hun kan og vi må bli flinkere til å rose henne! Hun trenger mer selvtillit og vi må hjelpe henne med å bygge opp denne, da nytter det ikke med sutring og klaging over at alt er sltsomt og vanskelig!'),
(157, '2017-01-08 17:53:00', '2017-01-08 17:54:41', 5, 'ACTIVITY', 'Fotball', 'E, A og jeg spilte fotball på voldsløkka i dag'),
(158, '2017-01-08 17:54:00', '2017-01-08 17:59:23', 5, 'INFO', 'Matlaging', 'Emilie lagde lunsj selv i dag og da tok hun sojakjøttboller, bønner og tomatsaus. \r\nMen sa til meg at hun spiset rundstykke.\r\nKan derfor fortsatt ikke stole på henne hva mat angår.\r\n'),
(159, '2017-01-08 18:06:00', '2017-01-08 18:08:18', 5, 'INFO', 'Måltider', 'Hun kan ikke velge måltider som ikke er på menyen. Uansett hva hun måtte selv si og mene.'),
(160, '2017-01-08 21:42:00', '2017-01-08 21:46:00', 5, 'INFO', 'Desert', 'Hun skal alltid spise desert når hun er hos deg også, sbp. Hvis ikkw vil jeg ha beskjed. Hun har en drøss med små sjokolader her som hun sier hun har fått av deg. Jeg mistenker det for å være desert som hun ikke har spist når hun har spist middag hos deg.'),
(161, '2017-01-08 21:47:00', '2017-01-08 21:48:13', 5, 'INFO', 'Siri brigitte', 'Du kan også legge inn kommentarer her. Særlig hvis det er ting rundt måltidene.'),
(162, '2017-01-08 22:16:00', '2017-01-08 22:19:49', 6, 'INFO', 'Måltider', 'Jeg har allerede lagt inn flere kommentarer her GR, og Emilie spiste også dessert i kveld, fikk ikke lagt den inn pga innloggingsproblemer . Emilie spiser veldig fort og er alltid bråsulten når hun spiser hos meg, '),
(163, '2017-01-09 21:19:00', '2017-01-09 21:20:44', 5, 'INFO', 'Måltid', 'Hvor langt tid bruker hun på middagen da?'),
(164, '2017-01-10 16:25:00', '2017-01-10 16:26:58', 5, 'INFO', 'Konfirmasjonsmøte', 'Emilie orket ikke å gå på konfirmasjonsmøte i dag. Hun var sent hjemme grunnet mye trafikk. Og ville ikke stresse bort rett etter middag. Noe som er helt greit.'),
(165, '2017-01-04 06:54:00', '2017-01-12 06:55:57', 5, 'INFO', 'Overnatting', 'E overnattet hos mamma fra onsdag til torsdag'),
(166, '2017-01-12 06:56:00', '2017-01-12 06:56:51', 5, 'INFO', 'Overnatting', 'E skal overnatte hos mamma fra torsdag til fredag'),
(167, '2017-01-12 07:06:00', '2017-01-12 07:11:16', 5, 'INFO', 'Kveldsmat', 'E lagde kveldsmat selv i går da jeg var på bandykamp. Hun tar da ansvar og lager mat til andreas også. På forespørsel sier hun at hun tar på mer smør og pålegg på brødskivene til andreas enn det hun tar på til seg selv. Så hun er veldig bevist og reflektert over sin egen situasjon. Det er ett godt tegn.'),
(168, '2017-01-15 08:13:00', '2017-01-15 08:15:58', 5, 'ACTIVITY', 'Løpetrening', 'Vi hadda 45 minutter intens løpetrening på voldsløkka. Hun drakk 1 flaske fresubin etterpå. \r\nHun spiser også mer etter en slik økt.\r\nMen dog ikke mer av fett eller kaloririk mat'),
(169, '2017-01-15 08:16:00', '2017-01-15 08:18:18', 5, 'INFO', 'Emilies tanker', 'Hun sier at hun ikke tenkte på sitte/stå/ligge fordelingen før dette ble tatt opp på sykehuset. Og de tankene har hun ikke klart å bli kvitt nå i ettertid. Noe til ettertanke.'),
(170, '2017-01-15 21:31:00', '2017-01-17 21:32:58', 5, 'ACTIVITY', 'Slalom', 'Emilie og jeg sto på slalom i wyllerløypa. Det var lite snø og isete. Men supert vær og ellers bra forhold.'),
(171, '2017-01-21 15:37:00', '2017-01-22 15:38:42', 5, 'ACTIVITY', 'Fotball', 'Emilie og jeg spilte fotball på voldsløkka.'),
(172, '2017-01-22 15:39:00', '2017-01-22 15:40:21', 5, 'ACTIVITY', 'Fotball', 'E, A og pappa spilte fotball ved movann i dag.'),
(173, '2017-01-22 23:38:00', '2017-01-22 23:40:11', 5, 'INFO', 'Emilie 15 år', 'E, A, mamma og pappa var ute og spiste middag  på resturant, Etter E sitt ønske. '),
(174, '2017-01-23 22:13:00', '2017-01-23 22:14:04', 5, 'ACTIVITY', 'Fotball', 'E og jeg spilte fotball på voldsløkka i dag.'),
(175, '2017-01-23 22:14:00', '2017-01-23 22:16:25', 5, 'INFO', 'Familiegruppe', 'Vi var på info møte på rasp vedrørende familiegruppe terapi. Jeg tror emilie kan ha godt av det, men hun har ikke veldig lyst.\r\nJeg skal få overtalt henne til å bli med.\r\nDet starter opp mandag 30.1.2017.'),
(176, '2017-01-23 22:16:00', '2017-01-23 22:26:48', 5, 'INFO', 'Hemligheter', 'Emilie har i lang tid båret på hemmeligheter for meg. Men i kveld ble det for mye for henne og hun måtte fortelle meg om det. Men var redd for at jeg skulle bli sint. Saken er st før veiing har hun i lang tid stått opp tidlig og drukket 2 liter vann. Det har tatt ca 45 minutter. Jeg fortalte henne hvor farlig slikt var og at hun kunne bli vannforgiftet. \r\nHun var fryktelig lei seg og savner en bestevenn veldig mye. Vidrer fortalte hun om annen små juksing med mat. Som jeg mer eller mindre var klar over. \r\nHun er nå motivert for å bli frisk og gå opp i vekt. Vi skal starte liit på nytt i morgen. \r\nAlt i alt, så dreier det seg om bedre oppfølging fra min side. Og nå må jeg skjerpe meg. Vi må også gå i familiegruppene. '),
(177, '2017-01-24 07:06:00', '2017-01-24 07:09:54', 5, 'INFO', 'Diet', 'Hun har gått kraftig ned i vekt. Dette grunnet juks ved tidligere målinger ved å drikke 2 l vann i forkant. \r\nDerfor øker vi nå fresubin mengden fra 125ml til 150 ml for alle måltider.\r\nHun sier at hun er motivert og klart for å kjempe seg ut av sykdommen. Grep må tas hvis det ikke er økning ved neste måling.\r\nBør da være ca 500g økning.\r\n'),
(178, '2017-01-24 12:17:00', '2017-01-24 12:33:02', 5, 'REPORT', 'Oppsummering uke 3', '- E fortalte at hun i lang tid har jukset ved veiing. Hun har drukket 2l vann i forkant. \r\n- Opplyst henne om faren ved vannforgiftning ved å drikke så mye vann og jeg er bekymret for hva hun ellers kan finne på.\r\n- Må skjerpe oppfølgingen, hun har atter en gang fått for mye ansvar. Jeg klarer ikke å fange opp alle triksene hennes. Det kan være farlig for henne hva sykdommen kan få henne til å gjøre.\r\n- Vi har økt fresubin fra 125 til 150 ml for hvert måltid\r\n- Vi skal bli med i familiegruppe på RASP\r\n- Hun er vedlig lei av sykdommen og virker nå mer motivert enn noen gang til å bli kvitt den\r\n- Hun er stort sett blid og fornøyd, men savner en bestevenn.\r\n- Er blitt mer avslappet til hva hun spiser, det går sakte men sikkert i riktig retning.'),
(179, '2017-01-28 05:51:00', '2017-01-28 05:52:55', 5, 'INFO', 'Sykdom', 'Andreas er syk og det går litt utover min oppfølging av emilie i from av at hun da lager flere måltider selv.\r\n'),
(180, '2017-01-30 19:18:00', '2017-01-30 19:19:14', 5, 'INFO', 'sykdom', 'Emilie følte seg kvalm på dagen og har tatt det rolig hele søndag. Hun orket ikke å spise kveldsmat og middagen var redusert.'),
(181, '2017-01-28 23:03:00', '2017-01-30 23:05:40', 5, 'ACTIVITY', 'Løpetur', 'Emilie løp en rolig tur rundt sognsvann sammen med åste. Hun spurt ikke meg, men foryslte om det etterpå. Uoppfordret\r\n'),
(182, '2017-01-31 06:26:00', '2017-01-31 06:39:55', 5, 'INFO', 'Familiegruppe, rasp', 'Uke 5 stsrtet familiegruppe på RASP. Emilie har fra første stund yttret ønske om å ikke være med. Jeg ønsker at vil skal forsøke og se om det er noe for oss. Andreas skal få slipp, da han ikke har lyst, samt at må ha fri fra skolen for å være med. Emilie viser ingen tegn til psykisk bedring og vekten har stått stolle i lang tid. Hun lyver mer bevist og holder fortsatt på i snikspise lett produkter, som hun kjøper og gjemmer i kjøleskapet. Jeg finner de alltid , etter noen dager. Emilie må følges opp mye bedre en jeg har evnet og klary så langt. Dette er en utrolig lang reise og jeg merker st kreftene begynner å ta slutt. Det er vanskelig å stole på henne også. Noe som skape konflikter.\r\nDet mor har en annen oppfatning enn meg om hva som er bra for emilie er også svært tungt. Jeg følger de fagligecrådene, men mor har ofte egen løsninger, som etter min mening taler sykdommens sak. Mor prøver til dtadighet å vri på teglene fordi hun tror emilie trenger pause eller har godt av det. Noe som er helt feil, iflg fsglige råd og min mening.Når der er slik blir det faktisk mer belastning enn til hjelp når emilie er jos henne.'),
(183, '2017-01-30 06:40:00', '2017-01-31 06:42:56', 5, 'CONFLICT', 'Familiegruppe', 'Emilie ville ikke være med på første dag.\r\nJeg ble rasende og hun gikk opp til mamma. Etter mitt ønske ble hun der til tirsdag.'),
(184, '2017-02-01 22:22:00', '2017-02-01 22:23:07', 5, 'INFO', 'Lett produkter', 'Emilie kjøper fortsatt lett produkter og gjemmer de i kjøleskapet.'),
(185, '2017-02-04 20:18:00', '2017-02-04 20:20:16', 5, 'INFO', 'Trening', 'I dag drev emilie med egentrening hjemme.\r\n20 spensthopp, 20 pushups og 2 min planken. Hun rakk kun en rude før jeg kom hjem. Hun sier at hun er sulteforet på trening'),
(186, '2017-02-04 20:20:00', '2017-02-04 20:21:04', 5, 'ACTIVITY', 'Fotball', 'E og jeg spilte fotball på voldsløkka.'),
(187, '2017-02-12 17:00:00', '2017-02-12 17:01:35', 5, 'ACTIVITY', 'Skitur', 'E og mamma gikk til ullevålseter på ski.'),
(188, '2017-02-11 17:01:00', '2017-02-12 17:03:17', 5, 'ACTIVITY', 'Trening', 'E var ute og trente på voldsløkka på egenhånd. Hun fulgt ett program som jeg har gitt henne. Varighet ca 50 min.'),
(189, '2017-02-10 17:03:00', '2017-02-12 17:04:53', 5, 'ACTIVITY', 'Slalom', 'E og jeg hadde en 2 timers kveldstur på slalom i tryvannskleiva. Bra forhold.'),
(190, '2017-02-14 20:13:00', '2017-02-14 20:16:48', 5, 'INFO', 'Lyver', 'E sinkkjøper og spiser fortsatt lett produkter. Og når jeg avslører henne lyver hun til meg og blir stadig mer utspekulert i sine forklaringer. Hun trenger mye bedre oppfølging. Det er ikke mulig å kombinere 100% arbeide med tett oppfølging.'),
(191, '2017-02-18 05:29:00', '2017-02-18 05:33:46', 5, 'REPORT', 'Oppsummering uke 8', '- Bra vektøkning\r\n- ingen konflikter\r\n- Godt humør\r\n- Lekt lite med venner\r\n- Snikspiser fortsatt lett produkter\r\n- Har ikke overnattet hos mamma\r\n'),
(193, '2017-02-19 07:32:00', '2017-02-20 07:32:59', 5, 'ACTIVITY', 'Skitur', 'Skitur med mamma'),
(194, '2017-02-18 07:33:00', '2017-02-20 07:34:04', 5, 'ACTIVITY', 'Fotball', 'E, A og jeg spilte fotball på voldsløkka'),
(195, '2017-02-20 07:37:00', '2017-02-20 07:43:36', 5, 'INFO', 'Spising', 'I det soste har det blitt slurv hva både inntak av fresubin og dessert angår.\r\nHvis jeg ikke passer på, så glemmer hun det. Og jeg må be henne mange ganger.\r\nRutinene rundt måltidene har også sklidd litt ut. Det som er bra er at hun generelt spiser bra og vekten øker på trass av dette.\r\nHun er mye i kontakt med mat og det må også begrenses. Hun spiser mye frukt utenom måltidene. Hun er ikke opptatt av når hun spiser og spiser når hun er sulten.\r\nHun pleier også å spise mer etter en aktivitet. Men hun må følges opp nøye, ellers går det ikke veien.'),
(196, '2017-02-21 16:29:00', '2017-02-25 12:09:38', 5, 'INFO', 'Vinterferie, trysil', 'Denne uken er vi i trysil på vinterferie fra mandag til torsdag. Emilie skal følge måltidene som normalt, men vi har økt fresubin fra 150 til 200ml for hvert måltid.\r\nDette for å kompansere for økt aktivitet i form av slalom. Til middag på mandag spise emilie dessert som bare det, is, kake og frukt. Hun storkoste seg og forsynte seg med dessert hele 3 ganger. Akkurat slik som hun ville ha gjort før sykdommen. Det var godt å se. I dag, tirsdag har vi stått på slalom fra 1030 til 1615.\r\n\r\nBaksiden er at jeg er veldig usikker på utbyttet av en slik aktiv ferie, hun blir vedlig fokusert på aktivitet og ser ut til å bruke alt hun har av krefter.\r\nDet positive er at hun da blir veldig sulten og spiser bra i  etterkant.\r\nMen jeg må passe godt på, for hun prøver å lure seg unna selv når vi har hatt masse aktivitet. Andreas sier at hun jukset ved drikking av fresubin. Hvor hun tok opp en tom fresubin flaske fra søppla og kastet den fulle flasken. Slikt at jeg trodde at hun hadde drukket opp. Igjen, hun krever 100% oppfølging under måltidene. Og hun finner stadig ny måter å snike unna mat på.'),
(197, '2017-02-21 16:50:00', '2017-02-21 16:51:42', 5, 'ACTIVITY', 'Slalom', 'Trysil, slalom fra 1030 - 1615'),
(198, '2017-02-23 01:47:00', '2017-02-23 01:48:43', 5, 'ACTIVITY', 'Slalom', 'Trysil, slalom fra 1030 - 1630'),
(199, '2017-02-24 19:27:00', '2017-02-24 19:32:00', 5, 'INFO', 'Lurer unna mat', 'Hun driver forsatt å lurer inna mat, heller ut litt av fresubinen, kaster brødskiver, spiser ikke dessert. Hun finner på stadig nye metoder for å lure unna mat og hun benekter for å ha gjort det når jeg spør. Det blir bare vanskeligere å stole på hun. Hun må følges opp bedre. Har påpekt det mang en gang, men jeg sliter med dette. Jeg ænsker at hun legges onn på rasp.'),
(201, '2017-03-02 22:22:00', '2017-04-10 16:10:07', 5, 'INFO', 'Samvær', 'Overnattet hos mamma fra tors til fredag'),
(202, '2017-03-04 22:25:00', '2017-03-04 22:27:03', 5, 'ACTIVITY', 'Løping', 'Vi løpe på mølle. Først 3 km rolig og så 3 km full fart. Hun løp da på 11.03. Og det er veldig bra. Hun drakk yt rett etterpå. Og til kvelds har hun spist veldig bra.'),
(203, '2017-03-05 21:54:00', '2017-03-05 21:54:58', 5, 'ACTIVITY', 'Skitur', 'Skitur med mamma til ullevålseter'),
(204, '2017-03-01 21:55:00', '2017-03-05 21:56:25', 5, 'INFO', 'Familiterapi, RASP', '0930 - 1600, mamma og emilie var på rasp'),
(205, '2017-03-02 21:56:00', '2017-03-05 21:57:17', 5, 'INFO', 'Familiterapi, RASP', '0930 - 1600 mamma og emilie var på rasp'),
(207, '2017-03-02 21:58:00', '2017-03-05 21:59:13', 5, 'INFO', 'Blodprøve', 'E tok blodprøve på ullevål, anvisning fra bup'),
(208, '2017-03-06 21:51:00', '2017-03-06 21:54:18', 5, 'INFO', 'Tvangstanker', 'Det virker som om tvangstankene har sluppet litt taket. Hun dtover ikke lenger mrd å rydde sko og line opp skolissene i gangen. Ei ser jeg st nye rutiner har dukket opp. Ei er hun så nøye på når og hva hun spiser. Tar nå også en youghurt i ny og ne.\r\nHun er stort sett blid og fornøyed. '),
(209, '2017-03-08 19:43:00', '2017-03-08 19:54:40', 5, 'INFO', 'Venner', 'Emilie var veldig lei seg i dag og da kom det frem at hun savnet venner, særlig en bestevenn. Hun føler at alle overser henne.\r\nHun savner noen å snakke med, som kan lytte og forstå henne. Noe verken pappa eller mamma er flinke til. Hun dynes heller ikke maly på bup er flink på det. Hun vil gå i terapi, men da alene. \r\n\r\nHun utrykker også misnøye over kroppen sin og sier hun vil være som før, da hun var syltynn.\r\nVi snakket litt sammen og så kom det gode humøret hennes raskt tilbake.'),
(210, '2017-03-08 19:49:00', '2017-03-08 19:51:55', 5, 'INFO', 'Vektøkning', 'Vi er inne i en tung periode hvor hun går ned i vekt. I løpet av siste 6 mnd har hun gått opp 1 kg. Vi kommer ikke videre og jeg vil atter en gang be bup om å søke plass på rasp. Mat og oppfølging er det eneste som hjelper. Jeg kan ikke se noen form for effekt av terapien'),
(213, '2016-10-17 17:07:00', '2017-03-11 18:23:41', 5, 'INFO', 'Emilie brev', 'Jeg hadde de lett-produktene fordi jeg synes hvitost og leverpostei er littgrann vanskelig å spise av og til, og da har jeg de der i tilfelle.\r\njeg har nesten ikke brukt de, men de få gangene jeg har brukt de er når jeg har spist mat som er i tillegg til kostplanen.\r\nHvis jeg for eksempel har spist en brødskive ekstra så har jeg brukt lett-produkter noen få gangerfordi da får jeg minsst mulig ekstra, hvis du skjønner.\r\nMen hvis jeg skal ha en brødskive me leverpostei, og den børdskiva er en del av kostplanen, så er det egentlig ikke noe problem for da er det en del av kostplanen.\r\nOg så har jeg en sånn tanke inni hodet mitt som er sånn:\r\nHvis jeg ikke smaker forskjell på lett hvitost og vanlig hvitost, da kan jeg like godt spise lett hvitost, så sparer jeg meg for de ekstra kaloriene.\r\nMen som sagt, så er det kun når jeg spist brødskiver som er i tillegg til  kostplanen at jeg har brukt lett-påleggene.\r\n\r\nOg det er ikke hver gang jeg har spist brødskiver som har kommet i tillegg til kostplanen med lett-pålegg. Jeg har også spist vanlig leverpostei mange ganger. Flest ganger.\r\nDet har bare vært 1-2 ganger hvor jeg har brukt de lett-produktene. Men de lett-produktene hadde jeg liksom en utvei hvis det ble vanskelig å spise en ekstra brødskive med vanlig hvitost, og jeg tenkte at det er bedre å spise mager leverpostei da, enn skinke, som jeg da ville endt opp med, som er enda magrere.\r\nAt litt var bedre enn ingenting. For jeg seirer over meg selv da og, bare ikke i like stor grad. Jeg har bare prøvd å gjøre sånn at jeg ikke skal spise skinke hele tiden, for det er jo det jeg spiser mest av.\r\n\r\nEn annen ting, vi skal ha musikk prøve i morgen, kan jeg få karakter på den? Jeg føler at jeg ligger godt ann og har øvd mye.');
INSERT INTO `event_log` (`id`, `created_date_time`, `last_modified_date_time`, `fk_user_id`, `level`, `title`, `content`) VALUES
(214, '2016-11-07 18:27:00', '2017-03-11 18:49:34', 5, 'INFO', 'Emilie brev', 'jeg skjønner hvis du kanskje er lei av å drive å måle op fresubin og musli og sånt til meg, men jeg synes ikek du skal slutte med det enda.\r\nJeg kjenner at det er for tidlig. jeg blir usikker på om det er nok eller for mye, og gjøre mine egene vurderinger.\r\nJeg liker å ha det på det trygge enda. Det begynte å bobble litt inni meg når jeg fikk havregrøten som ikke var målt opp i dag morres.\r\nNår jeg målt opp vet jeg at det er det jag skal ha og det er trygt og jeg er vant til det.\r\nHvis jeg får fresubin og den ikke er målt opp får jeg en sånn uro inni meg, og det kan hende jeg heller ut litt.\r\nDet er større sannsynlighet for at jeg finner på noe/tar vekk noe hvis jeg får det og det ikke er målt opp.\r\nDet er det samme som at du ikke ville løpe med meg på lørdag, fordi jeg ikek hadde veid meg.\r\nDu blir da urolig og stressa inni deg for du ikek vet hva jeg veier, og vil ikke ta noen sjanse.\r\nSamme er det med meg. jeg blir urolig og stressa og oppgitt når jeg vet at det ikke er målt opp og \r\njeg ikke vet i det hele tatt om det er for lite eller for mye.\r\nSå da kan jeg fjerne litt av maten, bare for å være på den sikre siden. \r\nFor det er bitte litt bedre å få i seg litt for lite enn litt for mye.\r\nSånn tenker jeg. Jeg vet at det ikke stemmer, men sånn tenker sykdommen min.\r\nOg vi har faktisk kommet oss videre, for før veide du poteter/ris/pasta, du veide fisken og sånn. \r\nMen det har vi slutta med og det takler jeg fint.\r\nMen jeg er ikke helt der enda at jeg takler at du ikke måler fresubin/musli/grøt, og det du veier nå enda.\r\nI tillegg kan det også letter oppstå problemer når du skal veie meg fordi jeg vet ikke om jeg spiste nok.\r\n'),
(215, '2016-12-05 18:49:00', '2017-03-11 18:50:15', 5, 'INFO', 'Emilie brev', 'Kan jeg være så snill og få slippe å veie meg i morgen tidlig? Vi skal ha nynorsktentamen, og jeg er litt redd for at veiinga skal gå utover den. Hvis du vil veie med i morgen så kan jeg gjøre det senere dagen. Jeg har nesten ikke noe aktivitet lenger, og det eneste jeg hadda av aktivitet forrige uke var den forballen vi spilte på søndag. Det er så deilig de ukene jeg slipper å veie meg. Og det hadde vært veldig fint å slippe det denne uka. Jeg har så mye annet å tenke på (tysktentamen,juleavsluttning,band-prosjekt og nynorsken). det stresser med ikke, men jeg hadde blitt veldig takknemlig om jeg fikk slippe å veie meg eller i hvert fall ta den sener på dagen i morgen så jeg slipper og gå og ha den vekta i tankene på nynorsken. Jeg blir så deprimert av og veie meg, fordi eg vet at jeg kommer til å få en negativ følelse inni meg uansett hva pila står på. Jeg trenger også frihet fra meg selv noen ganger, og den beste måten jeg får det på er å slippe veiing. Hvor ofte ber jeg liksom om det? Jeg har veid meg hver uke i ett år nå snart.'),
(216, '2016-08-16 17:50:00', '2017-03-11 18:52:15', 5, 'INFO', 'Emilie brev', 'Det er ikke bare å stille meg ett spørsmål og så får du ett konkret svar på det. Selvom det er jeg som vet best har jeg ikke svar på alt jeg heller. Noen ting bare gjør jeg, det er som når noen spør om noe og så kan du svaret selvom du egentlig ikke viste at du kunne det og at du hadde lært det. Sånn er det litt med meg og, jeg bare gjør det, kanskje det var fordi jeg syntes det var for mye peanøttsmør på på elelr at brødskive var for tykk. Men hvis jeg gjemmer noe på grunn av det en gang, er det ikke dermed sagt at jeg gjør det en annen gang og. Og hvis jeg synes brødskiva var for tykk og gjemmer den, så dropper jeg ikke å spise den for da tar jeg kanskje mer fresubin eller en ny brødskive eller nøtter, i stedenfor. Men det betyr heller ikke at hvis jeg spiser mye en da så er det fordi jeg har gjemt noe. Det er flere ganger hvor jeg faktisk bare spiser all den maten, enn de gangene jeg har gjport noe lureri. Og grunnen til at jeg bare ikke sier at jeg er mett i stendefor å gjemme unna vet jeg egentlig ikke, men hvis det var en situasjon hvor det var sånn at jeg ikek ville ha en brødskive fordi jeg hadd tatt på for mye peanøttsmør så føles det feil og si at jeg ikke orket den. Så da lurer jeg den unna. men jeg har greid å si noen ganger, at jeg er mett, eller sagt at jeg ikke orket mer. Men en annen grunn jeg tror kan være en årsak til at jeg ikke sier at jeg er mett i stendefor og gjemme er fordi hvis jeg bruker den unnskyldningen for mye gidder du ikek å høre på meg til slutt. For da tror du kanskje bare at det er for å komme unna noe på en enkel måte, og at jeg kanskje egentlig ikke er mett, men bruker det som en unnskyldning.'),
(217, '2016-09-19 19:41:00', '2017-03-11 20:45:47', 5, 'INFO', 'Emilie brev', 'Det var til lunsjen jeg syens det ble for mye smør på brødskivene så jeg la de der og tok to nye.\r\nJeg kjente inni meg at det begynte å bobble litt, og siden jeg hadde spist brødskiver til frokost med smør og peanøttsmør da og.\r\nJeg bare gjorde det uten å tenke.\r\nJeg vil egentlig ikke snakke om det, jeg syens det er flaut, og jeg blir ukomfortabel.'),
(218, '2016-08-19 19:46:00', '2017-03-11 20:56:01', 5, 'INFO', 'Emilie brev', 'Det var litt vanskelig å drikke juicen i dag siden det var en ny juice og jeg trodde jeg kunne klare å drikke den, men inni meg var det noe som\r\nbegynte å boble på en måte (på samme måte som når jeg blri rastløs og ikke klare å sitte i ro) og da føles det som  om jeg kommer til å bli gærn\r\nhvis jeg drikker mer, for noe inni meg sier at det ikke er greit å drikke/spise. \r\nHvis jeg hadde drukket vet jeg ikke hva som hadde skjedd.\r\nDet var noe inni meg som ikke taklet å drikke det. \r\nJeg synes det er rart, men det er litt på samme måte som når du smaker på noe,\r\nså liker du det ikke. Da klarer man ikke å spise mer, hvis du virkelig ikke liker det.\r\nOg det er sånn jeg også får det, bare at det ikke er fordi jeg ikke liker det at jeg får en sånn sperre. \r\nDet er fordi noe inni meg ikke liker det.'),
(219, '2017-03-11 23:48:00', '2017-03-12 22:49:10', 5, 'INFO', 'Jukset', 'Gjemte unna 2 brødskiver til kveldsmaten. Spist masse frukt i stedenfor.'),
(220, '2017-03-16 20:58:00', '2017-03-16 20:59:13', 4, 'INFO', '', 'Jeg ligger på gulvet på badet og har skrekkelige mageknipe. Jeg vrir og vender på meg for å finne en behagelig stilling. Ingenting funker. Jeg er så mett at jeg ikke klarer å gjøre en bevegelse uten at det gjør vondt i magen. På rundt 3 timer har jeg spist følgende:\r\n-2 brødskiver\r\n-2 lomper med pålegg\r\n-3 yoghurter\r\n-et eple, bringebær, blåbær og jordbær\r\n- 1 glass melk\r\n-1 glass fresubin\r\n-1 skål frokostblanding med 2 dl melk\r\n\r\nJeg klarte ikke å stoppe før denne skrekkelige mageknipen plutselig inntok magen min. Jeg har diagnosen anoreksi, men jeg er overbevist om at jeg har overspisingslidelse i tillegg. Er det mulig? Å ha både anoreksi og overspisingslidelse samtidig? Jeg har en rar følelse inni meg, som jeg ikke kan beskrive. Jeg savner på en måte å være sulten. Jeg spiser ikke etter sulten. Jeg spiser etter kostplanen. Jeg spiser det jeg skal og gjerne litt til selv om jeg er mett. Og jeg overspiser alltid til kveldsmat. Det er bare kveldsmaten jeg overspiser til, men det er forferdelig. Det er som om anoreksien går ut, og en annen sykdom kommer inn. Jeg har ikke kontrollen uansett, men det er nesten værre sånn jeg har det om kvelden. Jeg føler meg skitten. Jeg føler meg ikke som et menneske. Jeg føler meg uvanlig og det eneste jeg vil er å være vanlig. Spise når jeg er sulten. Klare å legge fra meg Maten selv om jeg er mett. Ikke miste kontrollen. Men jeg er redd for at hvis anoreksien forsvinner mister jeg det eneste jeg har som holder meg tilbake. Det eneste som gjør at jeg hvertfall er litt undervektig. Det eneste som klarer å kontrollere maten. For jeg føler at jeg ikke klarer det, og hvis jeg blir frisk fra anoreksien, kommer jeg da til å overspise hele tiden? Kommer jeg til å bli overvektig? Jeg vil være sånn jeg er nå. Jeg vil ha muskler. Jeg vil være kjempesterk og klare alt. Jeg vil være best. Og hvis jeg er vanlig og normal, kan jeg da være best? Hvis jeg er normal er jeg ikke unik. Da er det ikke noe spesielt ved meg å legge merke til. Da vil ingen misunne meg. Ingen misunner feite folk. Alle ser opp til de tynne. De tjukke er de mislykka. Og jeg vil ikke være mislykka. Jeg vil føle sulten. Jeg liker å være sulten. Jeg vil heller være sulten enn stappmett.'),
(221, '2017-03-18 23:05:00', '2017-03-18 23:07:28', 5, 'ACTIVITY', 'Løping', 'E ville ikke være med a og meg å spille fotball på voldsløkka. Hun løp en runde rundt voldsløkka uten å si i fra til meg. Hun drakk ennut og 150ml fresubin etterpå.'),
(222, '2017-03-22 20:49:00', '2017-03-22 20:50:03', 5, 'INFO', 'Sykklet', 'Emilie sykklet til skolen i dag. Drikker da en flaske fresibin 200 ml'),
(223, '2017-03-19 20:50:00', '2017-03-22 20:50:57', 5, 'ACTIVITY', 'Fotball', 'E og jeg spilte litt fotball på voldsløkka'),
(224, '2017-03-17 20:51:00', '2017-03-22 20:52:16', 5, 'INFO', 'Bursdag', 'E var i bursdagen til marte. Men hun kom tidlig hjem fordi hun var sliten, sa hun.'),
(225, '2017-03-29 20:21:00', '2017-03-29 20:24:25', 5, 'INFO', 'Oppfølging', 'Jeg skal nå lage middag hver dag. Emilie skal ikke lenger gjøre det selv.\r\nMamma må også skjerpe seg og ikke la hun lage middag selv. Emilie sier hun ønsker bedre oppfølging på nrttipp dette.\r\n'),
(226, '2017-03-31 04:25:00', '2017-03-31 04:25:50', 5, 'INFO', 'Epost til sbp', 'Du skal lage all mat, du bestemmer. Ikke Emilie. Du kan ikke stole på henne når det gjelder mat. Vi har aldri svin og aldri stekt den i ovn. Da er det stekepanne med smør.\r\nDerfor drar hun til deg når hun har lyst på svin, samme med biff.\r\n\r\nDerfor vil hun ikke spise faste dager hos deg, fordi hun drar opp når basert på hva hun ønsker til middag. \r\nMen nå bestemmer jeg dette.\r\n- Middag hos deg hver mandag.\r\n- Fast overnatting fra torsdag til fredag.\r\n- ut over dette kan hun velge flere måltider og overnattinger selv.\r\n\r\nJeg har følger nå måltidene mye bedre oppsom har resultert i at hun blir fort sur og sint.\r\nSå hun har nok hatt alt for frie tøyler.\r\n'),
(227, '2017-04-01 07:22:00', '2017-04-01 07:25:32', 5, 'INFO', 'Måltider', 'Til middag i går hadde hun problemer med å drikke juicen, dette er helt nytt.\r\nHun mente jeg hadde helt i for mye, men det var ikke tilfelle.\r\nHun heller litt ut og gjemmer unna i en annen kopp. Hun drakk den opp til slutt.\r\n'),
(228, '2017-04-02 22:06:00', '2017-04-02 22:10:16', 5, 'INFO', 'Mat', 'Hun finner stadig på nye triks for å lure seg unna små ting, slik som smør på brødskivene. Der kan hun bytte ut de som er påsmøret med nye uten smør hvis jeg er uoppmerksom. Hun blir fort irritert hvis jeg følger nøye med. Hun kan også være kenge på do. Så lenge at jeg blir mistenksom på hva hun driver med. '),
(229, '2017-04-03 16:51:00', '2017-04-03 16:52:55', 6, 'REPORT', '', 'Emilie drakk i fresubin etter middag, jeg glemte å servere henne denne.. '),
(230, '2017-04-04 04:59:00', '2017-04-04 05:04:08', 5, 'INFO', 'Bup', 'Har bedte madli avslutte sitt engasjemang i saken. Dette da hun nå ikke lenger ser emilies beste. Hun har begynt å oppføre seg som sbp sin psykolog og forsvarer.\r\nHun krotiserer også meg og mine beslutninger. Hun har hele tiden trenert mitt ænske om å få emilie inn på rasp. Dette på trass av at emilie kun har gått opp 1 kg siden september 2016.'),
(231, '2017-04-07 03:06:00', '2017-04-10 16:09:35', 5, 'INFO', 'Samvær', 'E overnattet hos mamma fra torsdag til fredag'),
(232, '2017-04-07 03:07:00', '2017-04-07 03:08:27', 5, 'INFO', 'RASP', 'Familieterapi, E og mamma'),
(233, '2017-04-08 03:08:00', '2017-04-07 03:09:37', 5, 'INFO', 'RASP', 'Familieterapi, E, mamma og pappa'),
(234, '2017-04-07 21:25:00', '2017-04-07 21:26:18', 5, 'ACTIVITY', 'Fotball', 'E og jeg spilte fotball på voldsløkka'),
(235, '2017-04-09 07:38:00', '2017-04-09 07:40:48', 5, 'INFO', 'Godteri', 'Det er lenge siden jeg har sett emilie forsyne seg så bra av lørdagsgotteriet.\r\nHun satt og så på film og gomlet litt hele tiden. Noe som er ett godt tegn.'),
(236, '2017-04-12 16:41:00', '2017-04-13 09:23:35', 5, 'INFO', 'Oppfølging', 'Når jeg nå har begynt å følge opp måltidene bedre blir hun fort sur og kværulerende. \r\nHun det liker dårlig og føler nok at hun da mister kontrollen. Hun har hatt for fri tøyler hva måltidene angår. '),
(238, '2017-04-12 04:00:00', '2017-04-13 09:40:43', 5, 'CONFLICT', 'Konflikt i forbindelse med Middag', 'Hun ville plutselig ikke drikke juicen eller fresubinen. Hun gikk bare inn på rommet sitt. Hun var trist og lei seg. Etter å ha snakket litt sammen, kom humøret tilbake og hun fullførte middagen etterpå.\r\nMerker at sykdommen fortsatt styrer mye av hennes valg, men den er ikke så strek og e klare å overstyre sykdommen. Hun har heller ikke så streke utbrud. Hun gråter og blir lei seg. Men kommer relativt rask til hektene igjen bare ved å snakke med henne.'),
(239, '2017-04-14 19:59:00', '2017-04-14 20:00:40', 5, 'ACTIVITY', 'Fotball', 'A,E og jeg har spilt fotball på voldsløkka.\r\nBare E og jeg har også sentret litt på voldsløkka'),
(240, '2017-04-13 20:02:00', '2017-04-14 20:04:39', 5, 'ACTIVITY', 'Løping', 'E toke en liten løpetur uten å spørre neg. Fikk lirket det ut av henne når hun kom hjem. Ba henne da drikke en styrk sjokolademelk som vi hadde kjøleskapet 33 ml.'),
(241, '2017-04-13 20:04:00', '2017-04-14 20:05:47', 5, 'ACTIVITY', 'Fotball', 'E og jeg spilte litt fotball i ballbingen på voldsløkka'),
(242, '2017-04-15 17:09:00', '2017-04-15 17:10:51', 5, 'ACTIVITY', 'Løping', 'Emilie fikk lov til å trene på egenhånd på voldsløkka. Hun fulgt ett interval prgram jeg ga henne.'),
(243, '2017-04-15 21:24:00', '2017-04-15 21:57:37', 5, 'CONFLICT', 'Hos mamma', 'Emilie har spist lunsj og middag hos mamma i dag og som vanlig  blir det da problemer når jeg skal sjekke at måltidene har gått ihht diet planen.  Denne gangen var det fresubin som ikke var blitt tatt. SBP informerte meg riktignok om dette pr epost.\r\nI ettertid kom det også frem at sbp ikke engang vet hviklen mengde fresubin hun skal ha. Dette på trass av at det dtår tydelig på diet planen her. Klsrt st ting blir vanskelig da. Emilie ble fryktelig sint på ned i kveld og ville til mamma. Dette mye grunnet manglende måltider tidligere i dag.\r\nSom jeg da må følge opp i etterkant og det skaper fort konflikt. I kveld fikk hun ett tildels kraftig utbrudd, smalt med døren og skjelte meg ut. Hun synes jeg er en dritt som bare tenker på meg selv. Hun er redd for at jeg skal bli sint og slå henne. Føler at jeg var kontrollet i kveld, men ba henne om gå slik som hun holdt på. Til slutt kjørte jeg henne opp til mamma.\r\nAndreas kom da ned hit fordi e lagde mye bråk hos mamma også. Hun var sint fordi mamma ikke følger opp måltidene.'),
(244, '2017-04-16 14:48:00', '2017-04-16 14:58:14', 6, 'INFO', 'Fresubin', 'Emilie har drukket riktig mengde fresubin i dag, og jeg målte opp 175 Ml i går ,som jo er 25 Ml for mye, men dette er selvsagt ikke problemet for Emilie,at hun skal få for mye næring. Emilie og jeg har gått en lang tur i dag og sa ,før hun dro fra meg i dag ,at hun lovet å kompensere med mer mat/drikke når hun kommer til pappa ca. kl,.1545.i dag, 1.påskedag. Det er ikke noe poeng å lage et drama pga.at jeg ikke serverte fresubin etter lunsj i går, det viktigste er at Emilie totalt sett i løpet av dagen får nok næring til å kunne gå opp i vekt , man må også passe på å gi noe ekstra etter trening/ tur .o.l.'),
(245, '2017-04-16 16:13:00', '2017-04-16 16:14:15', 5, 'INFO', 'Samvær', 'E overnatter hos mamma fra lørdag til søndag'),
(246, '2017-04-16 04:00:00', '2017-04-16 20:41:51', 5, 'CONFLICT', 'Konflikt i forbindelse med Kveldsmat', 'Ble problemer da jeg sa at jeg skulle lage maten. Det likte hun dårlig og byttet ut brødskivene med smør.  Vi ble enige til slutt og hun fullførte måltidet. Ingen tvil om st vi må ta tilbake kontrollen over alle måltidene.\r\nOg følge dietplanen til punkt og prikke. Det nytter ikke å glemme eller se me&#314;lom fingrene med ting. Kampen må tas til hvert måltid.'),
(247, '2017-04-16 21:13:00', '2017-04-16 21:21:34', 5, 'INFO', 'aktivitet', 'Ved aktivteter som krever ekstra inntak av næring skal dette avtale på forhånd. Det er helt håpløst å skyve ansvart for dette over på Emilie i etterkant av aktivteten. Da har du ikke skjønt vedlig mye hva sykdommen handler om. Og, diet planen skal følges, dvs. ikke for mye eller for lite mat, men det som står på planen.\r\nSkal Emilie bli frisk så må oppfølgingen være 100%, og den jobben må gjøres uansett om det er påskedag eller ei. Kan dettte være så vanskleig å forstå da,\r\nDet å skyve alltid skyve problemene og utfordringene over på meg, gjør at Emilie aldri vil verken får troen eller respekt for deg. Du må også evne å ta de rette valgene for henne. \r\nLite tyder på at det vil gange emilie å utvide ditt samvære med henne slik situasjonen er pr. dags dato.'),
(248, '2017-04-17 16:01:00', '2017-04-17 16:01:52', 5, 'ACTIVITY', 'Fotball', 'E og jeg har spilt fotball i maridalen'),
(249, '2017-04-18 04:04:00', '2017-04-19 04:05:15', 5, 'ACTIVITY', 'Fotball', 'E og jeg spilte fotball i ballbingen på voldsløkka'),
(250, '2017-04-19 19:12:00', '2017-04-19 20:23:07', 5, 'INFO', 'Terapi', 'Vil kontakte en privat terapaut og høre hva slags opplegg de kan tilby emilie. Dette da jeg ikke lenger tror bup har god nok kompetanse på spiseforstyrrelse. Dette basert på ett års erfaring med bup.\r\nSkal emilie gå til en privat terapuat må vi ha en henvisning fra fastlegen. Og jeg har lyst til å finne en ny fastlege til emilie. Grunnet nåværende fastlege utviste dårlig kompetanse når jeg søkte råd vedrørende emilies vekttap. Har tidligere spurt sbp om emilie kan flyttes til hennes fastlege, men det var hun negativ til. Må se hva jeg kan få til. Og må finne ut av dette fort.\r\nDet er viktig å forstå at terapi i deg selv løser ingenting. Det er vektøkning og oppfølging rundt måltidene som er det viktigste. Reglen er at de må opp i normal bmi før de er mottakelige for terapi. E veier nå 46.9 og må opp i 52 kg for å nå normal bmi. Så den kampen må vi ta selv og påse at dietplanen følges, uansett og det skaper konflikter. Konflikter o deg selv har sin verdi i form at hun da må utfordre sine grenser. Er det aldri konflikter betyr det at hun hele tiden er i din komfortsone, noe som kan være en indikator på at progresjonen uteblir. Husk hun vil helset være der hun er nå.'),
(251, '2017-04-20 16:41:00', '2017-04-20 16:51:48', 6, 'INFO', 'Emilie ', 'Emilie og Andreas spiste middag hos meg i dag, og Emilie har som vanlig svært dårlig tid når hun skal ha middag, og lar meg ikke lage middagen. Hun vil heller ikke ha dessert. \r\n\r\nVedr. bytte av fastlege må man også tenke praktisk, dessuten kan Emilie få henvisning fra Bente, som er lege på Bup, dette kan jeg ordne med. \r\n\r\nEmilie valgte å dra ned til pappa/ Gunnar i kveld, siden hun har naturfagbok hos han og har prøve i dette faget i morgen , Emilie syntes også at jeg lufter for mye og at dette blir et problem når hun er hos meg...\r\n\r\nNB: Gunnar: Gi meg beskjed , dersom jeg skal kontakte Bup/lege for henvisning til Klinikken på Fornebu. '),
(252, '2017-04-21 03:23:00', '2017-04-21 03:26:17', 5, 'INFO', 'Andreas', 'Andreas samvær mamma:\r\nMan tirs, ons, torsdag uke 15\r\nMan, tirs, ons, torsdag uke 16'),
(253, '2017-04-21 03:45:00', '2017-04-21 03:49:12', 5, 'INFO', 'Elstra tiltak', 'Skal kontakte Villa Sult og høre med dem.\r\nMulig vi ikke trenger henvisning.\r\nSe her <a href="http://spiseforstyrrelser.no/">VillaSult</a>'),
(254, '2017-04-22 16:34:00', '2017-04-22 16:35:24', 5, 'ACTIVITY', 'Fotball', 'E og jeg spilte fotball i ballbingen på voldsløkka'),
(255, '2017-04-23 20:01:00', '2017-04-23 20:02:45', 5, 'ACTIVITY', 'Fotball', 'E og jeg spilte fotball og tennis på voldsløkka'),
(256, '2017-04-22 20:08:00', '2017-04-23 20:10:16', 5, 'INFO', 'Lørdags gotteri', 'E spiste og koste seg med lørdags gotterietvsitt på lørdag. Hun drakk også en cola no sougar og det skjer ikke ofte.'),
(257, '2017-04-24 04:00:00', '2017-04-24 06:36:41', 5, 'CONFLICT', 'Konflikt i forbindelse med Frokost', 'Hun nekter å spise avtalt menge frokostblanding og prøvde å jukse med mengden. Ikke vil gå til bup heller og alt er nå meget vanskelig. Dette viser bare hvor godt sykdommen fortsatt sitter i henne.\r\n'),
(258, '2017-04-26 21:03:00', '2017-04-26 21:09:21', 5, 'INFO', 'Problemer', 'Emilie vender tilbake til gamle synder igjen og lurer unna litt mat . Hun sliter nå fælt med vekten og liker ikke tanken på å gå opp i vekt. Hun blir fort sur og sint når jeg tar full kontroll over måltidene. Hun lyver også om hva hun har spist når jeg spør.'),
(259, '2017-04-28 03:30:00', '2017-04-29 03:31:54', 5, 'INFO', 'Savær', 'E overnatter hos mamma fra torsdag til fredag'),
(260, '2017-04-29 13:46:00', '2017-04-29 13:47:58', 5, 'ACTIVITY', 'Løpetur', 'E løp rundt Sognsvann alene. Hun brukte 12:55. Hun drakk så 0.5 l Styrk rett ned etterpå.'),
(261, '2017-04-29 13:48:00', '2017-04-29 13:49:11', 5, 'ACTIVITY', 'Fotball', 'A, E og jeg var å spilte fotball i maridalen. E tok det svært rolig.'),
(262, '2017-04-30 20:24:00', '2017-04-30 20:26:02', 6, 'INFO', 'Nye blodprøver i begynnelsen av mai', 'Legen ved BUP (Bente) anbefalte ny blodprøve i uken som kommer.'),
(263, '2017-04-30 04:00:00', '2017-04-30 20:43:49', 5, 'CONFLICT', 'Konflikt i forbindelse med Kveldsmat', 'Det ble problematisk å ha smør på brødskivene. Hun prøvde å bytte de ut. \r\nEtter mye krangling med neg gikk det bra til slutt. Hun ville til og med ha mer mat og valgte de litt frokostblanding'),
(264, '2017-04-30 20:44:00', '2017-04-30 20:45:10', 5, 'ACTIVITY', 'Fotball', 'E og jeg spilte fotball på voldsløkka. Hun drakk en yt etterpå.'),
(265, '2017-04-30 20:45:00', '2017-04-30 20:49:23', 5, 'INFO', 'VillaSult', 'På onsdag skal vi til VillaSult mellom 0900 og 1100. Det er kun ett info møte, så får vi se hva de kan bidra med. Velger vi en privat klinikk må bup droppes. '),
(266, '2017-05-01 08:57:00', '2017-05-01 09:02:16', 5, 'INFO', 'Regler', 'Jeg hsr strammet inn og følger nå opp måltidene mye tettere. Noe som fører til flere konflikter. Emilie er lei av meg og søker da mer samvær med mamma. Dette slik at hun kan omgås reglene mine. Hun beskylder meg også for mye rart. Uansett, jeg er trygg på de valg jeg gjør og det handler om å ha nok krefter til å følge henne opp. '),
(267, '2017-05-01 09:15:00', '2017-05-01 09:20:48', 5, 'INFO', 'Sommerferie 2017', 'Jeg har ingen planer for sommerferien og ønsker at emilie skal veie rundt 50 kg før vi legger ut på noen ferie reiser. Hun sliter nå og mange av de gamle problemene rundt måltidene har dukket opp igjen. Det å holde vekten under reise har vi ikke klart tidligere. Og sykdommen og problemene følgers oss uansett hvor vi er. Så ferie blir det ikke uansett. Det blir bare nye omgivelser og samme utfordringer.'),
(268, '2017-05-01 09:56:00', '2017-05-01 10:13:04', 6, 'INFO', 'Emilie og vektoppgang', 'Som vanlig vil ikke Gunnar høre på råd fra fagfolk og andre, som har god innsikt i sykdommen (Anorexi) og tror han klarer å hjelpe Emilie på egenhånd, men saken er at Emilie ikke har gått  opp i vekt pp 6 -8 måneder og vi må ha profesjonell hjelp slik at Emilie får støtte og hjelp også av oss foreldre til å komme seg gjennom lidelsen. Jeg har foreslått Klinikk for spiseforstyrrelser på Lysaker , da den ga gode resultater for andre, men Gunnar durer i vei med sitt eget opplegg, som inntil nå ikke har gitt noe særlig fremgang for Emilie.'),
(269, '2017-05-01 16:14:00', '2017-05-03 06:37:50', 5, 'CONFLICT', '', 'Jeg fikk følgende sms fra andreas i dag:\r\n\r\nEmilie er helt gal oppe hos mamma nå. Mamma sier at hun ikke skal trene men så nekter og slår mamma \r\n\r\nJeg kjørte da rett opp dit. Alt vsr rolig da jeg kom frem. I ettertid sier emilie at hun ble sint fordi mamma spirte om hun hadde løpt opp til henne. Emilie synrs der er svært tungt å vanskelig at vi titt og ofte beskylder henne for ting hun ikke har gjort. Samt at vi ikke stoler på henne. Men slik er det dessverre blitt fordi hun lurer oss i ny og ne og det er vanskelig i finne ut av uten å spørre. Og da blir hun fort sint. Noe som også kan være en indikasjon på at hun har dårlig samviitighet.'),
(270, '2017-05-03 06:35:00', '2017-05-03 06:37:27', 5, 'INFO', 'VillaSult', 'Skal på informasjonsmøte på VillaSult.\r\nDet er en dropp in time mellom 0900 - 1100.'),
(271, '2017-05-03 04:00:00', '2017-05-04 06:33:44', 5, 'CONFLICT', 'Konflikt i forbindelse med Middag', 'Fikk saus til middagen og det ble problematisk å spise. Hun fikk da ekstra fresubin, dette da hun forklarte neg om problemet og klarte ikke å spise opp all maten. Det er bra at hun sier i fra når problemene dukker opp. Det bke ingen konflikt, men en rolig samtale rundt dette.'),
(272, '2017-05-04 06:38:00', '2017-05-04 06:41:25', 5, 'INFO', 'Emilies smoothi', '- bær 2 dl\r\n- 2 dl melk\r\n- 1 ss cottage cheese/youghurt\r\n- 1 ss goji bær \r\n- 0.5 dl soya bønner'),
(273, '2017-05-05 04:19:00', '2017-05-05 04:21:24', 5, 'INFO', 'Frokost', 'Emilie synes det er vanskelig å ikke jukse når hun spiser forkostblanding. Derfor er det ekstra viktig å følge med på akkurat da.'),
(274, '2017-05-05 04:22:00', '2017-05-05 04:27:47', 5, 'INFO', 'Dietplan', 'Vi har enes om at hun kan velge hvilke måltider hun skal spise frukt. Hun skal har frukt til 2 måltider. I praksis spiser hun kun frukt til kveldsmat og som mellommåltid. Men hun er flink og spiser mye frukt hver dag. Videre drikker hun ikke melk til lunsj på skolen av praktiske grunner, men tar alltid ett glass melk når hun kommer hjem fra skolen. Velger å la henne beholde dette ansvaret onntil videre eller at jeg avdekker juks.'),
(275, '2017-05-06 22:24:00', '2017-05-06 22:26:26', 5, 'INFO', 'Lørdags gotteri', 'Emilie har kost seg med lørdags gotteriet i kveld. Virker som om det har løsnet litt på den fronten.'),
(276, '2017-05-14 15:31:00', '2017-05-16 06:24:03', 5, 'INFO', 'Fastlege', 'Time hos berg legekontor 15.05.2017 kl 1300 for henvisning til villasult, pluss forespørsel om sonatisk oppfølging av emilie'),
(277, '2017-05-16 06:24:00', '2017-05-16 06:27:52', 5, 'INFO', 'Fastlege', 'Fastlegen tar nå sonatisk oppfølging av emilie. Fikk henvisning og sender søknad til villasult. Fastlege kan også henvise til rasp/capio hvis ønskelig. Jeg trodde det kun var bup som kunne gjøre det. Synd at jeg i så lang tid da har godtatt bup sin vegring mot å søke plass på rasp.\r\nVi avslutter samarbeidet med bup når avtale med villasult er på plass.'),
(278, '2017-05-17 04:00:00', '2017-05-17 20:20:37', 5, 'CONFLICT', 'Konflikt i forbindelse med Middag', 'Her ble det problemer fordi hun ville ikke at jeg skulle steke laksebrugeren i stekepanna, hun vill ha den stekt i ovnen.\r\nJeg stod på mitt og til slutt så spiste hun den, etter å ha varmet den opp igjen i ovnen. Det gikk relativt rolig for seg, selv om hun ble sint og frustrert fordi hun ikke fikk det som hun ville.'),
(279, '2017-05-20 09:45:00', '2017-05-20 09:47:33', 5, 'INFO', 'Nytt tøy', 'Emilie trenger nye bukser, undertøy, etc da mye er for lite. Gå gjennom tøyet hennes og fjern det som er for lite. Trange busker osv forsterker bare problemene hennes. '),
(280, '2017-05-20 10:59:00', '2017-05-20 23:00:45', 5, 'ACTIVITY', 'Løpetur', 'Vi løp en tur fra skar - øyungen - skar, 5 km på 25 minutter'),
(281, '2017-05-21 16:50:00', '2017-05-22 04:51:26', 5, 'ACTIVITY', 'Fotball', 'E og jeg spilte fotball på voldsløkka'),
(282, '2017-05-22 16:52:00', '2017-05-22 04:53:57', 5, 'INFO', 'Kaia', 'Emilie fortalte at kaia fra den gamle klassen hennes på bjølsen er innlagt på ullevål grunnet spiseforstyrrelse'),
(283, '2017-05-28 15:36:00', '2017-05-29 03:37:19', 5, 'ACTIVITY', 'Fotball', 'E og jeg spilte fotball på voldsløkka'),
(284, '2017-05-27 15:37:00', '2017-05-29 03:40:23', 5, 'ACTIVITY', 'Løpe trening', 'E fikk løpe intevaller på banen på idrettshøyskolen. 3x400m; 5x100m, 5x60m med pushups uten stopp.'),
(285, '2017-05-28 15:50:00', '2017-05-29 03:54:46', 5, 'INFO', 'Ekstra mat', 'Til kveldsmst spør hun spør om å få pise litt ekstra mat, dette særlig de dagene vi hsr hatt sktivitet.\r\nEn annen ting er st hun bruker telefonen rett før måltidene. Så her driver hun å sturer med ett eller annet. Jeg begynner derfor nå å ta mobilen fra henne før alle måtider.'),
(286, '2017-05-29 16:49:00', '2017-05-29 16:50:33', 6, 'INFO', 'Manglet fresubin', 'Emilie drakk ikke fresubin etter middag, da jeg ikke har mer igjen, hvilken type skal jeg kjøpe?..'),
(287, '2017-05-30 05:41:00', '2017-05-30 05:41:32', 5, 'INFO', 'Fresubin', 'Du kan gå på apoteket på ullevål sykehus.\r\nEmilie har e-resept, så det er bare å oppgi navn og fødselsnummer.\r\nHun skal ha Fresubin Energy Fibre'),
(288, '2017-05-31 08:14:00', '2017-05-31 20:15:03', 5, 'ACTIVITY', 'Løpetur', 'Emilie fikk lov til å løpe en runde rundt voldsløkka på egenhånd'),
(289, '2017-06-01 05:57:00', '2017-06-01 17:58:17', 6, 'INFO', 'Fresubin', 'Jeg har ikke kjøpt fresubin enda, så den har Emilie ikke fått etter middag i dag. '),
(290, '2017-06-03 05:57:00', '2017-06-03 06:02:00', 5, 'INFO', 'Veiing av mat', 'Emilie veier fortsatt maten når hun lager den selv. Tror ikke det gjelder alt, men kun noe. Det forteller meg at hun fortsatt teller kalorier og må ha kontroll over sitt daglige inntak.  Hun kjøper fortsatt lett produkter hvis jeg ikke følger med.\r\n\r\n'),
(291, '2017-06-03 06:07:00', '2017-06-03 06:08:48', 5, 'INFO', 'Syk', 'Emilie følte seg ikke helt bra i går og lå for det meste i sengen etter at hun kom hjem fra skolen. Hun hadde vondt i halsen og vsr litt varm, men ellers i fin form. '),
(292, '2017-06-09 09:43:00', '2017-06-09 21:46:13', 5, 'INFO', 'Fresubin', 'Gikk tom for fresubin og apoteket hadde heller ikke. Emilie har derfor fått redusert mengde fresubin på tors og fredag, tilsammen kun 300ml av totalt 1200ml.'),
(293, '2017-06-12 08:26:00', '2017-06-12 20:27:07', 6, 'INFO', 'Fresubin', 'Jeg har heller ikke fått tak i fresubin, slik at Emilie har manglet denne etter middag i dag.'),
(294, '2017-06-11 11:23:00', '2017-06-16 17:29:51', 5, 'INFO', 'Konfirmasjon', 'I dag ble emilie konfirmert i bakkehaugen kirke og vi feiret henne etterpå i b39. Både rønneberg og paulen.'),
(295, '2017-06-12 05:30:00', '2017-06-16 17:35:22', 5, 'REPORT', 'Oppsummering uke 24', 'Denne uken har e gått litt ned i vekt, dette mye grunnet at jeg har eksperimentert litt med fresubin mengden. Dette for å se utslaget på vekten og se om hun kompanserer med å spise mer. Så 300 g ned i vekt er nok mye grunnet dette og viser at vi fortsatt må følge dietplanen. '),
(296, '2017-06-17 07:19:00', '2017-06-18 07:22:32', 5, 'ACTIVITY', 'Trappeløp', 'Emilie fikk løpe 3 ganger opp trappene i unnarennet i holmenkollbakken. Det tok vel ca 30 min med litt oppvarming. Hun tok seg helt ut siste gangen. Tok til seg næring  etterpå, uoppfordret.'),
(297, '2017-06-17 07:22:00', '2017-06-18 07:25:48', 5, 'INFO', 'Måltider', 'Hun jukder forsatt ved måltidene. I dag helte hun ut fresubinen. Hun gjemmer pgså unna brødskiver. Hun styrer fælt med å telle kalorier. Vi må følge godt med pg hun skal ikke lage maten selv.\r\n'),
(298, '2017-06-18 07:25:00', '2017-06-18 07:31:25', 5, 'INFO', 'Villa Sult', 'Vi har nå vært to ganger i terapi hos villa sult pg jeg er dessverre ikke like sikker på at dette er rett sted. De har forsstt ikke kommet opp med en pøan slik som jeg har forespurt. Videre blir det ingen behandling i sommer. Noe jeg synes er useriøst. Vil sende dem en eppst vedrørende mine tanker. Men vet ikke vilket annet alternativ vi da har. Men vi har kun enkelttimer og da kan vi likegodt også gå til lysaker.'),
(299, '2017-06-16 07:43:00', '2017-06-18 19:46:24', 5, 'INFO', 'Villa Sult, møte', 'Under dagens møte fortalt sbp om sin mistanke om at e drev med egentrening når hun var hos henne. Mistanken har hun hatt i ca 6 måneder. Hun rådførte seg med madli på bup og det kom frem til at det kunne vøre bra for e å drive på med egentrening.\r\nJeg ble aldri informert om dette.'),
(300, '2017-06-19 05:00:00', '2017-06-19 17:01:08', 6, 'INFO', 'Fredubin', 'Jeg har fortsatt ikke fått kjøpt fresubin , så etter middag i dag ble denne ikke drukket.'),
(301, '2017-06-19 05:01:00', '2017-06-19 17:02:02', 6, 'INFO', 'Villa Sult', 'Jeg syntes vi bør gi Villa Sult en sjanse, dersom Emilie har troen på dette stedet.'),
(302, '2017-06-20 05:08:00', '2017-06-20 05:11:59', 5, 'INFO', 'Egen trenng', 'Emilie fortalt at hun noen ganger drev med egen trening når hun er hos mamma. Det er da sydommen som tvinger henne og hun sier at hun ikke liker det. Hun vil mye heller trene sammen med meg og at jeg har kontrollen. Det liker hun.\r\n'),
(303, '2017-06-20 05:12:00', '2017-06-20 05:14:15', 5, 'INFO', 'Veiing av mat', 'Emilie sier at hun har veid maten i lang tid men har satt seg som mål å slutte med det umiddelbart. Ha ba meg om å gjemme mat vekten.  Dette er fint hun klare å si i fra til meg.'),
(304, '2017-06-22 05:55:00', '2017-06-22 17:57:17', 6, 'INFO', 'Fresubin', 'Emilie drakk ikke fresubin etter middag, til tross for at jeg ga det til henne, og jeg regner med at Emilie fortsatt skal ha fresubin etter alle måltider!?'),
(305, '2017-06-24 06:29:00', '2017-06-24 06:34:46', 5, 'INFO', 'Villa Sult', 'Har nå avsluttet behandlingen hos villa sult da de ikke tilbyr noem oppfølging i sommer.\r\nOg det er ikke akseptabelt.\r\nTenker vi da prøver klinikken på lysaker, som jo ble anbefalt av foreldregruppen på rasp. Jeg skulle også ha hørt på dems skepsis hva villa sult angår. Ser jeg nå i ettertid. Men mye skyldes behandler på villa sult og dems motvilje mot å gi oss en plan over behandlingen.'),
(306, '2017-06-23 06:34:00', '2017-06-24 06:37:57', 5, 'INFO', 'Tusenfryd', 'Emilie og åste var sammen på tusenfryd. Emilie spise buritos som middag der. Er skeptisk til om hun da spiste bra, men hun påstår så. Veiimgem til tirsdag blir viktig, da hun har styrt mye selv denne uken. Og hun glemmer ofte fresubin.'),
(308, '2017-06-21 06:50:00', '2017-06-24 06:51:17', 5, 'INFO', 'Middag', 'E spiste middag hos marte. De lagde kjøttboller og pasta'),
(309, '2017-06-25 16:55:00', '2017-06-25 05:02:00', 5, 'INFO', 'Venner', 'I dsg var emilie dsmmen med åste mye av dagen de grillet på frysja. Jegvhentet henne hos aste kl 2330. Hun har nå styrt mange måltider selv i det siste. Litt gor mange kanskje, for jeg sliter litt med å stole på at hun spiser nok. Selv om hun påstår så.\r\nTror jeg gir henne for mye ansvar. Det for vi svar på ved veiing på tirsdag. Håper mine bekymringer ikke slår til. Men all erfaring tilsier at det er ikke særlig lurt å gi henne for frie tølyer. Hun teller forsatt kalorier og har god kontroll på inntaket og kanskje hun fortsatt trener på egenhånd i det skjulte.\r\nVi må følge nløye  med.'),
(310, '2017-06-25 05:02:00', '2017-06-25 05:05:12', 5, 'INFO', 'Terapi', 'Nå som hun ikke har noe tilbud om terapi, skal jeg ta en 30 min prat med henne jver tirsdsg etter veiing. Dette for å holde fokus og skal forståelsen av hbor viktige det er å gå opp i vekt, samt øke fett prosenten.\r\n'),
(311, '2017-06-25 10:16:00', '2017-06-25 22:19:48', 5, 'INFO', 'Egen trenng', 'E fortalte akkurat at hun driber med egentrening hver mandag når hun er hos mamma. Hun sier det er tvang og ønsker å slutte med det. Men at hun trenger hjelp til det. Jeg har foreslått at hun trener en dag i uken sammen med meg. Da har jeg full kontroll og håper at tvangen hennes da vil gi seg.'),
(312, '2017-06-25 10:21:00', '2017-06-25 22:23:04', 5, 'INFO', 'Middag', 'E og åste var på majorstua å spiste sushi.\r\nSms fra e:\r\nSpiste 15 biter makisushi, en nudelbolle og en vårrull'),
(314, '2017-06-28 05:47:00', '2017-06-28 05:50:16', 5, 'INFO', 'Ferie', 'I dag reiser e, a og sbp til antibes.\r\nDette er første gang sbp er ferie i franrike med den. De kommer hjem tirsdag 4 juli.'),
(315, '2017-06-30 07:20:00', '2017-06-30 07:21:51', 6, 'INFO', 'Fresubin', 'Emilie drakk ingen fresubin på avteisedag (28.06.17) og 1 fresubin i går (29.06.17).'),
(316, '2017-06-30 13:35:00', '2017-06-30 21:08:15', 6, 'INFO', 'Fresubin og lunsj i dag.', 'Vi har vært på Marineland i dag og Emilie og Andreas har vært mye rundt omkring i flere timer.\r\nEmilie har ikke drukket fresubin etter frokost og har nesten ikke drukket noe i løpet av dagen. Emilie har drukket 1 fresubin i dag ( etter kveldsmat).'),
(317, '2017-06-30 04:00:00', '2017-06-30 13:41:26', 6, 'CONFLICT', 'Konflikt i forbindelse med Lunsj', 'Emilie spiste bare litt av salaten og ville ikke ha drikke.'),
(318, '2017-06-30 05:37:00', '2017-06-30 17:41:48', 5, 'INFO', 'Måltider', 'Du må ikke la henne slippe unna fresubinen. Mas til hun tar den, hun må drikke 3 flasker pr dag. Jeg ringer henne i kveld. Høres ut som om hun nå sliter. Snakk rolig med henne. Og stå på ditt uansett. Hun pleier å bli sulten h is hun spiser lite til ett måltid oh spiser da mer senere. Samt at hun har sitt eget kaloriregnestykke som hun følger. Men det er vanskeligere for henne å regne ut da hun ikke følger de fast rutinene og maten i frankrike et anderledes.'),
(319, '2017-06-30 04:00:00', '2017-06-30 19:42:05', 6, 'CONFLICT', 'Konflikt i forbindelse med Lunsj', ''),
(320, '2017-06-30 08:04:00', '2017-06-30 20:06:28', 5, 'INFO', 'Frankrike, Antibes', 'Har snakket med emilie pg anmodet henne på det strekeste å drikke fresubinen, 3 flasker hver dag, samt spise til alle måltider.\r\nHun må følges opp på dette hele tiden,'),
(321, '2017-07-01 13:59:00', '2017-07-01 21:13:56', 6, 'INFO', 'Fresubin.', 'I dag har vi vært i Antibes gamleby og på stranden i Antibes. Emilie drikker fortsatt bare vann til måltidene og svært lite drikke utenom dette til tross for den høye varmen, og Emilie vil ikke ha fresubin i dag heller. Trente i dag etter strand-/ bytur. '),
(322, '2017-07-01 09:00:00', '2017-07-01 21:24:11', 5, 'INFO', 'Måltider', 'Bra du registrere allw avvik. Hun skal drikke fresubin, melk eller juice til måltidene og hun skal ikke trene. Du må  mase på henne, hun trenger hjelp. Og nå har hun kun deg, så ta ansvar og ikke bare la det passere. Jeg har sent hun sms og ringt henne, men hun tok ikke telefonen. Det er ikke bra at hun holder på slik. Da kan hun ikke være lenge sammen med deg. Jeg blir bekymret. '),
(323, '2017-07-03 06:52:00', '2017-07-03 06:55:50', 5, 'INFO', 'Fastlegen', 'Fastlegen ringte meg i dag og var bekymret for at emilie nå står uten tilbud om behandling. Vi datt opp time 23.8 for å diskutere veien videre. Hun mener vi bør søke plass på rasp. Noe jeg sa meg enig i.\r\nHar nå kontaktet spiseforstyrrelsesklinikken.no og spurt om hva de kan tilby av behandling.\r\n'),
(324, '2017-07-03 06:56:00', '2017-07-03 06:58:30', 5, 'INFO', 'Log av måltider.', 'Du er flink til å logge måltidene sbp. Men emilie må ta fresubin til hbert måltid. Hun skal ikke få bestemme om hun vil ta fresubin eller ei selv. Uteblir fresubinen er det stor sannsynlighet for at hun går ned i vekt. Og det mye.'),
(325, '2017-07-03 10:13:00', '2017-07-03 22:19:41', 5, 'INFO', 'Avbrudt ferie', 'Ferien avsluttes en dag før tiden grunnet emilies tilstand. Under hele oppholdet har hun nektet å drikke fresubin, ikke smør på brødskivene, samt trent jevnlig. Hun høre ikke på sbp og jeg er meget bekymret og ønsker at hun kommer hjem snarest mulig. Hun er nå ute av kontroll og sykdommen styrer henne. I ettertid ser jeg at det var dumt å la henne dra, hun sliter fælt når hun ikke lenger har de fast og kjente rammene rundt seg. All erfaring soer også det samme. Mitt ønske om å la hun få dra på ferie trumft dessverre min fornuft. Nå blir det en tøff jobb i etterkant for å få henne på rett kurs igjen.'),
(326, '2017-07-03 16:24:00', '2017-07-04 04:28:14', 5, 'INFO', 'Ferie', 'SBP ringer og forteller st emilie har slått seg vrang. Jeg snakker med Andreas og jan forteller at emilie slo han flere ganger i ryggen og var sint på han. Dette fordi han blandet seg inn i en diskusjon mellom hun og mamma. Det er vondt å høre Andreas fortelle dette. Jeg ber sbp om å avbryte ferien og komme hjem.'),
(327, '2017-07-03 16:28:00', '2017-07-04 04:38:36', 5, 'INFO', 'Ringer emilie', 'Jeg ringer å snakker med emilie. Hun er veldig lei seg å gråter. Hun roer seg ned etterhvert pg humøret vender sakte men sikkert tilbake. Hun forteller at hun blir veldig stressert grunnet at hun ikke har kontroll på hva maten inneholder når hun er i frankrike. Hun spiser derfor mye brød. \r\nMye grunnet dette føler hun også en sterk trang til å trene. Hun er veldig frustrert. Jeg fortelle mye om mat, trening og hvile. Samt fettprosenten hennes. Hun lurer også på hvordan hun skal vite om det er sykdommen eller henne selv som har lyst til å trene. Noe jeg ikke kan gi noe godt svar på. Hun begynner å snakke om middags menyen og gleder seg til å spise. Så sykdommen har sluppet taket for denne gang.'),
(328, '2017-07-05 09:28:00', '2017-07-05 09:42:26', 5, 'INFO', 'Ferie oppsummering', 'Emilie har vært 7 dager på ferie i antibes med andreas og sbp. Hun har gått ned 1.3 kg. Hun har ikke drukket fresubin eller melk til måltidene. Generelt tror jeg det har vært mye slurv. Det har også være konflikter, hvor e og a har slått hverandre. E har også slått sbp. E har også trent regelmessig.\r\nJeg hadde håpet på at emilie skulle takle dette på en bedre måte. Hadde regnet med en vektnedgang men ikke så stoe. Det at hun heller ikke tar fresubin og trener, viser bare at mamma ikke klarer å følge opp dette. Nå blir det en tøff oppgave i ettertid å få henne på rett kurs igjen. All ferie er utelukket inntil hun har gått opp minst 1.3 kg igjen. E skal være mest hos neg fortsatt.\r\nSå må vi ta uke for uke og se det an. '),
(329, '2017-07-05 11:01:00', '2017-07-05 11:09:32', 6, 'INFO', 'Fresubin og margarin/saus/dressing.', 'Vi reiste hjem fra Antibes i går ( 6 dager på reise) og Emilie har spist jevnt og trutt, men unngår fortsatt fresubin, margarin på brød, sauser/dressing til mat og dessert, dvs.at Emilie fortsatt spiser alt som er magert i tillegg til at hun ikke klarer å slappe av ordentlig før hun har vært i mye aktivitet i løper av dagen. Trist at jeg ikke klarte å få henne til å drikke/spise ordentlig på turen, men har lært at Emilie trenger svært faste rammer rundt måltider og aktivitetsmengde. '),
(330, '2017-07-09 07:39:00', '2017-07-09 07:39:35', 5, 'INFO', 'Emilie brev', 'Brev  fra Emilie 19.06.2017\r\n\r\nHva vi kan gjøre for å unngå:\r\n- Stress for deg på ferie med mamma\r\n- unngå vekttap\r\n- unngå bekymringer vedrørende sinktrening\r\n\r\nNoen ting vi kan gjøre for å inngå det som er nevnt over:\r\n- Vi kanmlager en lsite over trening jeg for lov til å gjøre i løpet av reisen for å unngå at jeg finner på endre ting. \r\nI tillegg bestemmer du hvor mye jeg ta i meg etterpå (f.eks 1 banan og 1 sjokomelk hvir jeg vil jogge rolig 5 km/30 min)\r\n- Jeg følger kostplanen på tur (dette er noe du ikke trenger å bekymre deg for hvis jeg har aktivitet pleier jeg også og spise mer, fordi jeg ikek vil ned i vekt.\r\nJeg vil vise at jeg klarer å være på ferie med mamma uten å få drastiskt vekttap). I tillegg føler jeg meg frisk nok til å dra på ferie.\r\n- Jeg skal si fra hvis jeg gjør noe jeg ikek får lov til, eller noe ut over reglene våre. I det siste har det blitt avslørt nye ting rundt meg, og nå som du vet alt er jeg ikke lenger\r\nredd for å si fra. Jeg ahr holdt på og sniktrent av og til ganske lenge, og har hatt skikkelig problemer med og si noe, så jeg ble egentlig litt glad når Andreas sa det til deg.\r\nMen inni meg må jeg forberede med mentalt før noen handling skjer. Jeg hadde nok ikke klart å bare plutselig spise godteri hvis jeg ikke hadde spist det på 1 år.\r\njeg må tenke  inni meg at: OK, lørdag om 3 uker skal jeg spise lørdagsgodt på ordentlig. Ikke bare snake på en bit. Sånn var det når jeg begynte med godtepose,\r\nog sånn var det med sniktreningen. Jeg hadde bestemt meg innvendign for å slutte når sommerferien starta, men du rakk i finne ut av det før. jeg har begynt å jobbe for å bli kvitt sykdommen veldig nå,\r\nfordi jeg har funnet ut at jeg ikek vil ha det sånn her lenger.\r\n\r\nNoe jeg har gjort er:\r\n- Sitte på do (siden jeg kom ut av sykehuset har jeg aldri sittet på dosetet, men nå er det ikke ett problem)\r\n- sitte å sykle\r\n- gå ett og ett trappetrinn, istendefor 2 og 2\r\n- veie maten\r\n- lage lister for alt jeg spiser\r\n\r\nAlle disse tvangstankene har jeg gjort tiltak for å bli kvitt, nettopp ved å gå mot dem. Og når sommeren er over, da er jeg frisk. det har jeg bestemt.'),
(331, '2017-07-12 09:14:00', '2017-07-13 21:15:46', 5, 'ACTIVITY', 'Sykkeltur', 'Emilie gikk ny sykkel då vi syklet en tur fra stvgt til hammern og tilbake til stvgt'),
(332, '2017-07-13 09:34:00', '2017-07-15 16:45:07', 5, 'INFO', 'Jølster', 'Har gitt emilie lov til å reise til jølster sammen med sbp og andreas i morgen. \r\nDette på trass av at jeg vet det vil resultere i vektnedgang og høyst sannsylig konflikter med både sbp og andreas. At e krangler med andreas er nytt og fordi a har begynt å blande seg inn. Det gjør han ikke når de er hos meg. Det er tungt å stå i mot når både sbp og emilie stresse og maser om ferie hele tiden. Begge tror faktisk at det er bra pg vil hjelpe mot sykdommen. Noe jeg er strekt uenig i og som all tidligere ergaring også har vist at er feil. Ei har sbp blitt flinkere til å følge opp, hun skyver lett ansvaret over på emilie. Så jeg jobber mue med emilie og gir henne sjansen til å vise st hun klare å følge dietplanen også når hun ikke er hos meg. Jeg trenger også pause og må få ladet batteriene. Emilie viser mange fine tendenser, men faller raskt tilbake til gamle synder hvis hun ikke følges nøye opp.\r\nJeg jobber med å få på plass nytt opplegg for terspi. Men i disse ferietider, tar det lang tid å få svar. Bi må 8kke glemme st emilie fortsatt er velfog syk og trenger masse jjelp og støtte for å bli kvitt sykdommen. Jeg tror nå faktisk st det kun er jeg som kan hjelpe henne ut av dette.  Og det skal jeg klare.\r\n\r\nJeg skal ring henne hver dag ca 2100 for å følge henne bedre opp enn da hun var i nice med sbp. Håper med dette å fange opp og få korriget avvik på ett tidlig tidspunkt.\r\nHvis e begynner å tulle med dietplanen på jølster skal hun sendes hjem.med en gang. Det er avtslen. Er isikker på om sbp vil gjøre det. Men har valgt å gi det en sjanse. Så for tiden vise hva utfallet blir. Tror emilie kan klare det. Og hvis ikke tar hun seg task inn når hun kommer hjem, satser jeg på.\r\n'),
(333, '2017-07-14 07:11:00', '2017-07-14 19:30:14', 5, 'INFO', 'Rasp familieterapi', 'Vi har nå avsluttet familieterapien på rasp. Den gikk over 5 ganger. Og jeg deltok på kun 2. Dette mye grunnet dårlig kjemi mellom sbp og meg, samt det var tungt å ta fri fra jobb igjen etter å ha vært borte i 8 mnd grunnet e sin sykdom. Andreas ble forespurt i forkant av hvert møte, men ville absolutt ikke være med. Og jeg syntes tvang ble helt feil i enn sånn setting.\r\n\r\nSbp var med e alle gangene. Jeg valgte også å utebli med håp om st e da ville engasjere seg litt mer. Når jeg var der lente hun seg vel mye på meg og vsr lite delaktig syntes jeg. Ei hadde jeg noe som helst utbytte av de øvelsene vi gjorde. Så for min del var hele opplegget av liten verdi. \r\nI ettertid har heller ikke emilie dsgt st hun har hatt noe merkbart utbyyte av familieterapien. Men hun var glad vi har prøvd og det er jeg også.\r\n\r\nJo mer jeg søker råd og får mer erfsring med sykdommen går detvopp for meg at jeg er den enste eksperten på emilies tilfelle. Men jeg trenger støtte og hjelp for å få henne frisk. Så jeg leter fortsatt etter hjelp. Men i disse ferietider er det lite response å få. Vil også høre med volvat.\r\nKlinikken på lysaker svarer ikke.\r\n\r\nHar time hos gastlegen 23.8 jbor vil skal doskutere veien videre og kanskje søke plass på rasp.\r\nSynd vi mistet all behandling grunnet villa sult son elendige håndtering av saken.');
INSERT INTO `event_log` (`id`, `created_date_time`, `last_modified_date_time`, `fk_user_id`, `level`, `title`, `content`) VALUES
(334, '2017-02-03 08:58:00', '2017-07-14 20:31:51', 5, 'INFO', 'Emilie brev', 'Jeg trener nesten aldri og hadde ganske mye energi nå. Jeg kunne spurt om jeg fikk trene med deg, men jeg turte ikke fordi du sa at du trente i går, og du skal på bandy i morgen.så jeg tenkte at du ikke orket. Dessuten har du sagt etter at jeg avslørte det med at jeg drakk vann at hvis du viste det hadde fu ikke latt meg bli med på de øktene\r\n Jeg skulle bare ta noen pushups, planken pg noen spenshopp, men jeg rakk ikke bli ferdig før du kom. Og jeg trente ikke mer. Jeg gikk langs akerselva. Det vsr ikke jeg som luktet vondt, det varcden hettegenseren jeg hadde på meg. Jeg hadde den jo på i dag tidlig og, og da syntes du også at jeg luktet vondt.\r\n\r\nJeg er lei for det. Også er det pgså litt på grunn av veiinga som var på onsdag. Det ble veldig vanskelig for meg og plutselig gå opp 0.5 kg når jeg nesten ikke har gått opp i vekt på over 3 mnd. Så denne uka har vært litt tøff for meg pg det sljønner kanskje du og med tanke på fresubin, lett produkter og nå denne treningsøkta. Jeg har også vært litt lei meg denne uka. Den har vært litt tøffere enn andre uker. Å tilbringe 3 dsger med deg og mamma sammen ble litt uvanlig for meg. Jeg følte at vi bare satt å diskuterte hele tiden. Og når du ble sur på meg på mandag. Og med dette med andreas på torsdag, hvor du ble sur på meg på fredagen og.\r\n\r\nDet har bare blitt for mye som har skjedd for meg denne uka. Og jeg tenkte kanskje å ta en liten treningsøkt i stua ville lette litt på humøret og hvordan heg hadde det inni meg. Jeg har nesten ikke vært i aktivitet denne uka heller, så jeg sprakk rett og slett. \r\nDet skal ikke skje. Men alt blir så mye enklere for meg hvis jeg for være i aktivitet. Vekten, msten, hvordan jeg føler meg. Og jeg bestemte meg egentlig ikke for å ta den økta før du hadde gått, for jegcspurte egentlig om du ville spille fotball med meg, men du svarte neg ikke helt på det. Så da tok jeg en liten økt for å forsikre meg om st jeg fikk være litt i aktivitet'),
(335, '2017-07-15 13:32:00', '2017-07-15 13:37:19', 6, 'INFO', 'Konflikter i familien.', 'GR og jeg har store problemer med å kommunisere saklig og dette vil forsinke prosessen med å få Emilie frisk raskest mulig. Behandlere til Emile har foreslått familieterapi, men  GR nekter å delta på et slikt scenario , til tross for at dette kan gi gode resultater for Emilie sin helse. '),
(336, '2017-07-15 08:17:00', '2017-07-15 20:19:11', 6, 'INFO', 'Emilie koser seg med lørdagsgodt i dag.', 'I dag har vi bare slappet av og kost oss i huset på Vestlandet.'),
(337, '2017-07-16 04:00:00', '2017-07-17 10:51:16', 6, 'CONFLICT', 'Konflikt i forbindelse med Kveldsmat', 'Emilie har spist vafler uten smør og syltetøy. '),
(338, '2017-07-17 07:48:00', '2017-07-17 19:49:50', 5, 'INFO', 'Konflikt', 'Du må beskrive konflikten bedre, hvordan skal man skjønne noe som helst ut av den ene setningen!'),
(339, '2017-07-17 07:49:00', '2017-07-17 19:50:57', 5, 'INFO', 'Jølster, Fresubin', 'Har emilie tatt fresubin til alle måltidene?'),
(340, '2017-07-18 11:32:00', '2017-07-18 11:35:36', 6, 'INFO', 'Fresubin', 'Vi har ikke mer fresubin igjen, og Emilie har drukket til alle måltider. Vi kjøper mer i Førde i dag, siden GR hadde utelatt å legge fresubin i kofferten til Emilie.'),
(341, '2017-07-18 11:35:00', '2017-07-18 11:39:05', 6, 'INFO', 'Konflikt ', 'Emilie spiste vafler på søndag til kveldsmat , men unngikk å ha på smør , noe som er gjenganger i problemstillingene rundt konflikter. '),
(342, '2017-07-18 14:16:00', '2017-07-18 14:17:10', 5, 'INFO', 'Fresibin', 'Emilie fikk med 12 flasker fresubin. Hva er dette for noe tull?'),
(343, '2017-07-18 08:55:00', '2017-07-18 20:56:59', 6, 'INFO', 'Konflikt med kveldsmat i dag.', 'Emilie ville ikke ha smør på brødskivene og kastet smørpakken i veggen, da jeg forklarte henne, at det er nødvendig.'),
(344, '2017-07-19 16:36:00', '2017-07-19 04:42:31', 5, 'INFO', '', 'Når emilie reagerer med sinne fordi du maser om at hun skal ha smør på brødskivene er det sykdommen som rår.\r\nOg det forteller megcst du følger opp og gjør ditt beste for at hun skal følgw kostplanen. Så du må bare stå på og ikke gi opp selv om emilie blir sint og lager konflikter. Det er nettopp slik som bringer henne videre og til slutt klarer hun å stå i mot sykdommen. Husk oppfølging av måltidene er det viktigste vi gjør. Husk også at du skal smøre på og skjære opp brødski ene. Emilie skal ikke gjøre det selv. Her må du også bli flinkere. Du skal ha kontrollen.'),
(345, '2017-07-22 06:28:00', '2017-07-23 09:30:36', 5, 'INFO', 'Jølster', 'E pg A kom hjem fra jølster på torsdag kveld. E ser sunn og bra ut, kan ikke se noen vesentlig vekt reduksjon, derfor venter jeg med veiing til titsdag. Så kommer vi inn i de faste rutinene igjen. Sikkert også godt for henne å få en ukes pause fra veiingen. \r\nHun og a har ikke hatt noen konflikter. Men andreas ble veldig sint pæ sbp og dyttet henne overende fordi hun ikke holdt avtalen om å dra hjem på torsdsg. Har snakket med andreas om dette og fortalt at drt er helt uakseptabel oppførsel. På forespørsel sier han at han har sagt unnskyld til mamma. \r\nHan er også frekk og banner pg ber meg holde kjeft, helt etter eget forgodt befinnende. Ha sier heller aldri innskyld eller viser tegn på at han skjønner at slik oppførsel er helt uakseptabel. Andreas er nå i puberteten, men det er ingen unnskylding.\r\nMå øke fokus rundt andreas og hans oppførsel, dette sklir nå helt ut.\r\nEtter sommeren skal han bo ihht samværsavtalen. Vurdere også ekstra tilltak for han.\r\n\r\nSbp nevner heller ikke slike episoder for meg, verken for e eller a. Og ved konfrontasjon, npr jeg får vite det lene etterpå av a eller e, er det ofte for sent til å reagere. Må derfor tenke forebyggende tiltak. Sbp er til ingen hjelp på det området heller.'),
(346, '2017-07-23 13:43:00', '2017-07-23 13:46:07', 5, 'INFO', 'Mat', 'E lurer fortsatt unna mat, glemmer fresubin, fjerner litt fra frokostblandingen. Hun setter det bare bort, så det er lett å finne. Dette viser bare at jeg må følge bedre med. Og det er jo en gjenganger. Emilie står på stedet hvil hva progresjon angår.'),
(347, '2017-07-23 10:27:00', '2017-07-23 22:32:08', 5, 'ACTIVITY', 'Tryvann', 'Emilie og Åste vsr i klatreparken på tryvann fra 1230 - 1800 i dag. E kjøpe calzone og sjonomelk der oppe til lunsj. Vaktene var imåonert over at e  gikk gjennom den vanskligste løypa uten å feile. Du surte pm hun drev med klatring og sa at nesten ingen klarte det. Pappa blir jo stolt når han hører slikt. '),
(348, '2017-07-24 10:21:00', '2017-07-24 22:24:18', 5, 'INFO', '', 'E og åste var ute å spiste sushi i ettermidag. E var hjemme kl 2200 og spiste også kveldsmat. Det er veiing i  morgen pg da er det ikke unormalt at hun spiser ekstra mye om kvelden.'),
(349, '2017-07-26 08:55:00', '2017-07-26 08:55:57', 5, 'INFO', 'Mat', 'Hun byttet ut rundstykken til kvelds i går med brødskiver uten smør'),
(350, '2017-07-27 06:00:00', '2017-07-27 18:02:55', 5, 'INFO', 'Syk', 'Emilie hadde feber å går k eld pg fikke 2 x halv paracett. I dagcer hun fri for ferber. Har tatt det rolig.'),
(351, '2017-07-28 14:36:00', '2017-07-28 14:37:56', 5, 'ACTIVITY', 'Trening', 'E løp 2 runder rundt sognsvann på egenhånd. Drakk en styrk og spiste en banan etterpå.'),
(353, '2017-07-28 04:00:00', '2017-07-29 11:09:00', 6, 'CONFLICT', 'Konflikt i forbindelse med Middag', 'Emilie drakk ikke fresubin etter middag og sa at hun vil drikke den hos GR. '),
(355, '2017-07-30 08:55:00', '2017-07-30 21:06:04', 5, 'INFO', 'Hellas, pliminiri', 'E fortalte at hun sliter med å spise grunnet at det bruker mye olje i maten her. Videre er det ikke melk her og juicen er som saft. Kveldsmaten må ve begynne å ta på rommer. Med andre prd, jeg må justere litt, da maten er problematisk. Noe som overrasker meg. E blir fort sur og sint før og under måltidene. Men hun drikke all fresubinen uten noe tull.\r\nEllers går det veldig greit. E og A leker fint sammen og de bader masse.  Godt å være masse sammen med andreas igjen. Han tuller masse og oppfører seg helt supert \r\nTror nok også at a synes det er fint å kjenne og forstå at jeg bryr meg masse om han også. Han trenger nærhet og masse omtanke fra meg. Han er en klok og flott gutt.'),
(356, '2017-07-31 14:53:00', '2017-07-31 14:53:42', 4, 'INFO', 'Test pepilie', 'Rrrrrrr'),
(357, '2017-07-31 16:17:00', '2017-08-03 04:19:47', 5, 'ACTIVITY', 'Trening', 'Fikk løpe på mølle, løp ontervall, hard og intens økt på ca 35 minutter'),
(358, '2017-08-05 09:25:00', '2017-08-05 21:54:22', 5, 'INFO', 'Rhodos, Plimmiri', 'E, A og jeg har vært en uke på Plimmiri. Det har  gått greit hva e pg dietplanen angår. Hun har drukket all fresubin alle dager. Hun har også forsynt seg med mat på egenhånd til alle måltidene. Jeg har fulgt opp og påpekt mangler. Tror nok hun har spist som normalt. Men det har vært mye aktivitet i form av bading. Så er usikker på bekten, men ser ikke for meg noen dramatisk nedgang. E har hatt hyppige humørsvingninger og har helt klart slitt med den greske maten til tider. Hun har opplyst om at bruken av olje har vært problematisk. Hun unngår også sauser og drikker kun vann hvis jeg ikke sier ifra. Melk hsr hun ikke drukket grunnet dårlig tilgang, så det jar gått i juice. Desert har som regel blitt frukt. Hun har styrt unna kakene. E og A har lekt litt sammen, men de har liten toleranse for hverandre og det blir fort litt sure miner.\r\nDet løser seg forøvrig raskt. A er ganske så lat og vanskelig å få med på ting. Han virker u8nteresert i det meste og hvos han blir med er innsatsen laber pg ikke helt fraværende. Når vi bader og leker i vannet er a til gjengjeld veldig aktiv. A må drars med på ting, hvis ikke sitter han gjerne inne å spiller hele tiden. Han har ingen grenser der. Vidrre skjønner han heller okke når nok er nok når det kommer til å tulle med både e og meg. Han gir seg ikke, uansett hvor mye jeg ber han om.å holde opp.\r\nMen a har vært snill og grei å ha med å gjøre pg oppført seg pent og bannet lite. Han har også vist interesse gor å vite mer om e sin sykdom og ønsker nok å bli mer involvert. Han synes det er vanskelig å forholde seg til e nå som hun er syk. Noe som fører til at de ikke leker så mye sammen mer. Jeg har snakket med a og forklart han en god del rundt e sin syldom.\r\n\r\nFerie er veldig utfordrende og slitsomt og jeg er fortsatt i den tro om at det heller ikke ganger e sin sykdom. Sykdommen følger oss uansett hvor vi er hen. E har også lurt unna mat og fresubin. \r\n\r\nA har også store utfordringer som jeg må ta tak i når skolen begynner. A sler hele tiden til sbp når jeg setter regler, dette fordi han sier reglene er lette å omgås når han er hos sbp. Derfor stikke han bare til sbp når jeg er streng. Detre skal det også bli slutt på.'),
(359, '2017-08-08 07:48:00', '2017-08-08 07:55:37', 5, 'INFO', 'Ferie', 'All ferie blir planlagt basert emilies progresjon. Derfor er det vanskelig å legge langsiktige planer. Ferie betyr i praksis vektnedgang. Og hun må derfor hjem å legge på seg igjen før nye ferie kan planlegges. Ferie ganger heller ikke sykdommen. Ferie er meget utfordrende og ekstra slitsomt for min del. Men veldig hyggelig de stundene e, a og jeg har det fint sammen. E har lagt rask på seg når hun kommet hjem og mentalt sett er nok ferie en abvelsling for henne. '),
(360, '2017-08-12 06:48:00', '2017-08-13 06:50:22', 5, 'ACTIVITY', 'Norefjell, Løpetur', 'Vi løpe opp slalombakken på norefjell. 1.7 lm. E brukte ca 17 mon. Hun drakk og spiste  bra rett etterpå. Og hun knuste meg.'),
(361, '2017-08-11 06:50:00', '2017-08-13 06:52:21', 5, 'ACTIVITY', 'Fotball', 'E, A og jeg spilte fotball i ballbingen på voldsløkka.'),
(362, '2017-08-09 06:52:00', '2017-08-13 06:54:44', 5, 'ACTIVITY', 'Fotball', 'E, A og jeg spilte fotball i ballbingen ved movann.'),
(363, '2017-08-12 06:55:00', '2017-08-13 07:00:19', 5, 'INFO', 'Norefjell', 'E og jeg dro til norefjell. Skal være her til tirsdag. A villie ikke være med, så han er hos mamma. Han ville heller leke med venner, og det kan jeg forstå. Han hadde heller ikke lyst til å gå i fjellet. Jeg lot han få bli hjemme, da jeg ikke ønsker å tvinge han til å bli med. Men vet jo at han alltid pleier å trives og kose seg når han er med. Han er jo alltid litt motvillig i starten, men ender også alltid opp med å vøre den mest aktive når vi gjør noe.'),
(364, '2017-08-14 07:01:00', '2017-08-14 07:09:38', 5, 'ACTIVITY', 'Norefjell, Høgvarde', 'I dag gikk vi til høgvarde. Turen tok ca 5 timer og var ca 21 km lang.  E tok til seg godt med næring etterpå. Drakk en ekstra flaske fresibin. Hin spiste stor biff burger til middag og til kveldsmat. '),
(365, '2017-08-14 08:32:00', '2017-08-15 20:33:19', 5, 'ACTIVITY', 'Sykleltur', 'Vi syklet rolig en tur på ca 16 km.'),
(366, '2017-08-15 08:33:00', '2017-08-15 20:35:28', 5, 'INFO', 'Fresubin', 'Oppdaget at e hadde gjemt unna fresubin.\r\nMen hun har spist godt. Men hun sliter med å ta til deg dette, selv når vi har hatt mye aktivitet.'),
(367, '2017-08-22 06:43:00', '2017-08-22 18:47:36', 6, 'INFO', 'Måltider', 'Emilie sliter fortsatte med å bruke smør/olje i matlagingen, og hun styrer alle måltidene selv, hun vil absolutt ikke ha noen form for innblanding og blir svært opprørt, dersom man kommenterer måltidene. Fresubinen er det også vanskelig å kontrollere siden hun enten ikke vil ha, eller tar fresubin litt nå og da. '),
(368, '2017-08-24 06:59:00', '2017-08-24 19:06:40', 6, 'INFO', 'Kostplan', 'Det er vanskelig å ha kontroll på det Emilie spiser , for hun vil gjøre alt selv og spiser ofte før Andreas og meg, og mens jeg lager middag til oss, men Emilie har spist bra, ofte mye til kvelds. Hun blir også fort frustrert , dersom ikke alt går etter hennes ønskeplan og man blir usikker på om det er spiseforstyrrelsen eller tenåringsproblemer, sannsynligvis litt av hver, men spiseforstyrrelsen styrer Emilie fortsatt mye.'),
(369, '2017-08-24 09:35:00', '2017-08-24 21:41:27', 5, 'INFO', 'Måltider', 'Jeg har sagt dette 100 vis av ganger. Du skal lage maten og kontrollere måltidene. Uansett hve emilie måtte mene og ønske.\r\nDu skal påse at hun drikker fresubinen. Nå må du snart forstå dette. Hun er syk og dette er absolutt ikke puberteten som styrer når det kommer til mat. Hun skal nå tilbake til meg slik at jeg får hunne på rett kurs igjen. Og slutt å gnål om ferie hele tiden, hun skal blir frisk. E lyer og lurer seg unna mat og dietplane etter eget forgodbefinnende.\r\n\r\n\r\nJeg orker fsen ikke gjenta meg selv flere gangen. '),
(370, '2017-08-26 06:48:00', '2017-08-27 16:33:45', 6, 'INFO', 'Oppussing hos gr', 'Emilie har vært  hos meg pga at GR har pusset opp , GR vet godt at dette ikke er Emilie eller min skyld og, at det er vanskelig å ta kontrollen over måltidene når hun er frustrert og sulten, da skal middagen gå fort å lage og dette vil hun absolutt gjøre selv, GR kan feks. snakke med Emilie om , at man også bør holde kostplanen og følge reglene for matlaging når Emilie er hos meg. '),
(371, '2017-09-02 07:18:00', '2017-09-02 07:27:23', 5, 'INFO', 'Progresjon', 'E har hatt en fin vektøkning ved siste måling. Hun har stort sett bodd hos sbp de sisite 14 dagene og styrt måltidene selv. Hun har slurvet med feresubin, dessert og med smør på brødskivene.Hun har ikke trent på egenhånd.  Dette er noe hun selv sier. Dette forteller neg at hun nå spiser stort sett bra og følger sulten. Og det rr bra.\r\nHvis hun nå fortsetter slik er tiden moden for å juster ned fresubin inntaket. Vi har snakket om det og vil se ting an til neste måling. Men glem ikke hun er fortsatt syk selv om vekten nå går den rette veien. Jeg ser også på henne st kroppen hennes begynner å få mer kvinnelige former. Så hun er på rett vei.\r\nVi skal til gastlegen onsdag 6.9 og må da legge en plan for videre behandling.\r\nVi må finne en psykolog som kan hjelpe henne på veien videre.'),
(372, '2017-09-03 09:55:00', '2017-09-04 09:57:05', 5, 'ACTIVITY', 'Sykeltur', 'E syklet seg en tur fra stvgt og til hammeren på egenhånd.'),
(373, '2017-09-05 15:54:00', '2017-09-05 15:58:09', 5, 'INFO', 'Dietplan', 'Grunnet bta progresjon har jeg besluttet å redusere fresubin fra 150 ml til 100 ml til hvert måltid. Dette grunnet emilie spiser mer mat helt uoppfordret. Hun er tydlig styrt av sulten. Derfor redusere jeg nå fresubin inntaket. Det har også vært mye slurv med fresubinen de siste 3 ukene, men hun har alikevel hatt fin vektøkning.'),
(374, '2017-09-06 16:51:00', '2017-09-07 04:42:07', 5, 'INFO', 'Fastlegen, legetime', 'Har vært hos fastlegen i dag, som var bortkasyet da fastlegen er syk og jeg snakket med en bikar. Har fått ny tim 17.10.2017 kl 0820. E skal da være med å ta blodprøve.\r\n\r\n\r\n'),
(375, '2017-09-07 16:37:00', '2017-09-07 04:40:30', 5, 'INFO', 'Mat', 'Emilie gjemt en brødskive fra frokosten i kjøkkenskuffen. Jeg oppdaget dette først ved kveldsmaten. Så hun har definitivt ikke sluttet med å lure meg på trass av at hun er blitt flinkere på mange områder.'),
(376, '2017-09-07 16:42:00', '2017-09-07 04:43:38', 5, 'INFO', 'Skole', 'E skal nå følge alle fag som normalt. Dette gjelder prøver og gym, som hun har hatt unntak fra tidligere. '),
(377, '2017-09-10 06:59:00', '2017-09-10 19:01:09', 5, 'ACTIVITY', 'Fotball', 'E, A og jeg har spilt fotball i maridalen.'),
(378, '2017-09-13 16:56:00', '2017-09-13 05:01:08', 5, 'INFO', 'Mat', 'E spiser nå generelt velldig bra til alle måltider. Noe som også viser på vekten. Hun har hatt en fin økning de siste 3 ukene.\r\nSlik det der ut nå vil jeg trappe ned ytterlig på fresubinen.  Jeg merker også at hun er i forandring og lurer faktisk på om puberteten han dtaryet opp igjen.\r\nKort fortalt, ting ser bra ut, men vi må fortsatt følge nøye med.'),
(379, '2017-09-17 05:37:00', '2017-09-17 05:39:59', 5, 'ACTIVITY', 'Løpetur', 'Emilie løp 2 runder rundt voldsløkka, pluss  6 økter i trappa. Hun er flink til å ta til seg næring etterpå, men jeg må selvfølgelig passe på at hun gjør det'),
(380, '2017-09-17 05:40:00', '2017-09-17 05:43:38', 5, 'INFO', 'Veier mat', 'Tok emilie i å veie maten hun lager. Jeg ble forbannet og kastet vekten. Dette er en påminnelse om at hun fortsatt har store problemer selv om hun nå snart har nådd normal vekt igjen. Jeg mistenker at fett prosenten hennes fortsatt er for lav. Og det skal jeg få sjekket. Må også finne en ny psykolog.'),
(381, '2017-09-17 05:43:00', '2017-09-17 05:51:29', 5, 'INFO', 'Venninner', 'Virker nå som om emilie har fått en god venn i spesielt åste. Hun har også mye kontakt med sunniva. Mari har også kommer inn i bildet og det må vi npk passe litt ekstra på tenker jeg. Dette da mari også har spiseforstyrrelse pg jeg er usikker på hvordan de påvirker hverandre. Det kan slå begge veier. Tenker at så lenge det ikke er bare mari og emilie er det greit.  Men det å være sammen med venner er veldig positivt og den beste terapien hun kan få. Det er min mening.\r\nMari, Sunniva og emilie var på nakkholem sammen. Mari har hytte der.'),
(382, '2017-09-18 14:31:00', '2017-09-19 02:35:59', 5, 'ACTIVITY', 'Koll friidrett', 'Emilie hadde sin første trenning med koll i dag. Hun likte det veldig godt og ønsker å fortsett. Her må jeg følge ekstremt godt med, og skal la henne få bli med. Men maks 2 ganger i uken. Er usikker på hvor lurt dette er, særlig med tanke på fett prosenten hennes.'),
(383, '2017-09-22 08:12:00', '2017-09-22 20:13:02', 5, 'ACTIVITY', 'Friidrett', 'E vsr på koll løpe trening'),
(384, '2017-09-23 06:10:00', '2017-09-23 06:12:38', 5, 'INFO', 'Koll friidrett', 'Emilie skal få lov til å melde seg inn i Koll friidrett. Hun skal få trene 2 ganger i uken.\r\nHun lkte seg veldig godt og har allrered blitt kjent med de andre jentene.\r\nJeg skal følge godt med, det er ett krav for at hun kan drive med løping.'),
(385, '2017-09-23 06:12:00', '2017-09-23 06:17:08', 5, 'INFO', 'Veiing', 'Emilie har yttret ønske om å ikke veie seg hver uke. Så hvis alt seg bra ut på tirsdag 26.09.2017, begynner vi å veie henne annen hver uke.\r\nHun er nå nesten normal bmi (50.4kg / 161.5 cm) og jeg ser ingen umiddlebar fare med dette.\r\nAlt med Emilie begynner nå å normailiserer seg, men jeg må finne en psykolog som kan få henne helt frisk.\r\nNå derier deg seg ikke om at hun ikke spiser nok, men hva hun spiser. Hun har fortsatt problemer på det området.'),
(386, '2017-09-25 06:26:00', '2017-09-29 05:05:22', 5, 'ACTIVITY', 'Koll trening', 'Løpetrening 1800 - 1930'),
(387, '2017-09-28 05:05:00', '2017-09-29 05:06:28', 5, 'ACTIVITY', 'Koll trening', 'Løpetrening 1700 - 1830, nih');

# ############################

#
# Table structure for table `event_log_comment`
#
DROP TABLE IF EXISTS `event_log_comment`;
CREATE TABLE IF NOT EXISTS `event_log_comment` (
  `id` int(11) NOT NULL AUTO_INCREMENT,
  `created_date_time` timestamp NOT NULL DEFAULT CURRENT_TIMESTAMP,
  `last_modified_date_time` timestamp NOT NULL DEFAULT '0000-00-00 00:00:00',
  `fk_user_id` int(11) DEFAULT NULL,
  `fk_event_log_id` int(11) DEFAULT NULL,
  `title` varchar(50) DEFAULT NULL,
  `content` varchar(4096) DEFAULT NULL,
  PRIMARY KEY (`id`),
  KEY `fk_user_id` (`fk_user_id`),
  KEY `fk_event_log_id` (`fk_event_log_id`)
) ENGINE=InnoDB  DEFAULT CHARSET=utf8 AUTO_INCREMENT=8 ;

#
# Dumping data for table `event_log_comment`
#

INSERT INTO `event_log_comment` (`id`, `created_date_time`, `last_modified_date_time`, `fk_user_id`, `fk_event_log_id`, `title`, `content`) VALUES
(1, '2017-05-06 19:27:28', '2017-05-06 19:27:28', 5, 274, NULL, 'skal bare teste det å legge til en kommentar'),
(2, '2017-05-06 20:10:00', '2017-05-06 20:10:00', 5, 271, NULL, 'her kan jeg legge til en kommentar'),
(3, '2017-05-06 20:10:31', '2017-05-06 20:10:31', 5, 271, NULL, 'nok en kommentar for å teste at det fungerer'),
(4, '2017-06-24 06:29:12', '2017-06-24 06:29:12', 5, 303, NULL, 'Test'),
(5, '2017-07-04 04:39:57', '2017-07-04 04:39:57', 5, 327, NULL, 'Sms fra emilie:\r\nNei vi ble nettopp ferdige med å spise, maten kom veldig sent. Men det går bra med meg nå pappa, jeg har roet meg ned. Ligger og er på telefonen nå. Har også gitt Andreas og mamma klem og sagt unnskyld til dem begge'),
(6, '2017-07-04 04:41:35', '2017-07-04 04:41:35', 5, 327, NULL, 'Ny sms fra emilie:\r\nJa skal det. Har hatt det superfint til nå, hvis vi ser bortifra noen småting:-)'),
(7, '2017-07-09 07:46:35', '2017-07-09 07:46:35', 5, 330, NULL, 'Emilie skrev dette til meg før hun dro på ferie med mamma.\r\nJeg leste det, men fikk ikke diskutert detet med henne før hun dro.\r\nNoe som var veldig dumt.\r\nHun spark vel på alle punktene og det kunen kanskje vært unngått hvis jeg hadde fulge henne opp bedre.\r\nMen det er nettopp det som er utfordringen, å følge henne opp til den minste detalj 24 timer i døgnet.\r\nJeg har blitt sløv og bruker nå mye lengre tid før jeg finenr ut av alle triksene hennes.\r\nEmilie sliter og jobber fælt for å bli kvitt sykedommen. det var veldig synd at Villa SUlt ikke kunne gi terapi timer i løpet av sommeren.\r\nMen jeg har nå forespurt Lysaker og vil også høre med Volvat.\r\nHun tenger treapi i løpet av sommeren, hun tror hun kan komme ut av detet på egenhånd. Men hun må ha hjelp.');

# ############################

#
# Table structure for table `food_recipes`
#

CREATE TABLE IF NOT EXISTS `food_recipes` (
  `id` int(11) NOT NULL AUTO_INCREMENT,
  `created_date_time` timestamp NOT NULL DEFAULT CURRENT_TIMESTAMP,
  `last_modified_date_time` timestamp NOT NULL DEFAULT '1970-01-01 05:00:00',
  `recipe_name` varchar(100) DEFAULT NULL,
  `recipe_description` varchar(500) DEFAULT NULL,
  PRIMARY KEY (`id`)
) ENGINE=InnoDB  DEFAULT CHARSET=utf8 AUTO_INCREMENT=6 ;

#
# Dumping data for table `food_recipes`
#

INSERT INTO `food_recipes` (`id`, `created_date_time`, `last_modified_date_time`, `recipe_name`, `recipe_description`) VALUES
(1, '2016-06-04 07:11:19', '2016-06-04 07:11:19', 'Smoothie', 'Oppskrift for Smoothie'),
(2, '2016-06-04 07:11:19', '2016-06-04 07:11:19', 'Omelett', 'Oppskrift for Omelett'),
(3, '2016-08-06 09:07:23', '2016-08-06 09:07:23', 'Pasta salat', 'Oppskrift for Pasta salat'),
(4, '2016-08-06 09:07:23', '2016-08-06 09:07:23', 'Youghurt blanding', 'Oppskrift for Youghurt blanding'),
(5, '2016-08-20 08:27:59', '2016-08-20 08:27:59', 'Pannekaker', 'Oppskrift for pannekaker');

# ############################

#
# Table structure for table `food_recipe_items`
#

CREATE TABLE IF NOT EXISTS `food_recipe_items` (
  `id` int(11) NOT NULL AUTO_INCREMENT,
  `created_date_time` timestamp NOT NULL DEFAULT CURRENT_TIMESTAMP,
  `last_modified_date_time` timestamp NOT NULL DEFAULT '1970-01-01 05:00:00',
  `fk_food_recipe_id` int(11) DEFAULT NULL,
  `recipe_item_name` varchar(100) DEFAULT NULL,
  `recipe_item_description` varchar(500) DEFAULT NULL,
  PRIMARY KEY (`id`),
  KEY `fk_food_recipe_id` (`fk_food_recipe_id`)
) ENGINE=InnoDB  DEFAULT CHARSET=utf8 AUTO_INCREMENT=20 ;

#
# Dumping data for table `food_recipe_items`
#

INSERT INTO `food_recipe_items` (`id`, `created_date_time`, `last_modified_date_time`, `fk_food_recipe_id`, `recipe_item_name`, `recipe_item_description`) VALUES
(1, '2016-06-04 07:11:42', '2016-06-04 07:11:42', 1, 'Smoothie', '2,5 dl lettmelk'),
(2, '2016-06-04 07:11:42', '2016-06-04 07:11:42', 1, 'Smoothie', '1,5 dl bær'),
(3, '2016-06-04 07:11:42', '2016-06-04 07:11:42', 1, 'Smoothie', '1 ss Cottage Cheese'),
(4, '2016-06-04 07:11:42', '2016-06-04 07:11:42', 1, 'Smoothie', '2 toppede ss havrekli'),
(5, '2016-06-04 07:11:42', '2016-06-04 07:11:42', 1, 'Smoothie', '1 ss chiafrø'),
(6, '2016-06-04 07:11:42', '2016-06-04 07:11:42', 2, 'Omelett', '3 egg'),
(7, '2016-06-04 07:11:42', '2016-06-04 07:11:42', 2, 'Omelett', '3 ss lettmelk'),
(8, '2016-06-04 07:11:42', '2016-06-04 07:11:42', 2, 'Omelett', '1 ss olivenolje'),
(9, '2016-06-04 07:11:42', '2016-06-04 07:11:42', 2, 'Omelett', '2 skiver kokt skinke'),
(10, '2016-08-06 09:09:03', '2016-08-06 09:09:03', 3, 'Pepilies Youghurt blanding', 'Kesam 200 ml'),
(11, '2016-08-06 09:09:03', '2016-08-06 09:09:03', 3, 'Pepilies Youghurt blanding', 'Bålbær, jordbær, og/eller bingebær ca 100g'),
(12, '2016-08-06 09:09:03', '2016-08-06 09:09:03', 3, 'Pepilies Youghurt blanding', 'Nøtter, Peanøtter eller Cashewnøtter, ca 30g'),
(13, '2016-08-06 09:09:03', '2016-08-06 09:09:03', 4, 'Pepilies Pasta salat', '100g Fullkorns pasta'),
(14, '2016-08-06 09:09:03', '2016-08-06 09:09:03', 4, 'Pepilies Pasta salat', '1 pakke skinke, kylling, kalkun eller hamburgerrygg'),
(15, '2016-08-06 09:09:03', '2016-08-06 09:09:03', 4, 'Pepilies Pasta salat', 'Grønnsaker, paprika, agurk, løk, salatblader'),
(16, '2016-08-20 08:28:36', '2016-08-20 08:28:36', 5, 'Pepilies Pannekaker', '100g Hvetemel (ikke grovt)'),
(17, '2016-08-20 08:28:36', '2016-08-20 08:28:36', 5, 'Pepilies Pannekaker', '05 dl melk'),
(18, '2016-08-20 08:28:36', '2016-08-20 08:28:36', 5, 'Pepilies Pannekaker', '1 ss Rømme/Cottage cheese'),
(19, '2016-08-20 08:28:36', '2016-08-20 08:28:36', 5, 'Pepilies Pannekaker', '1 ts kanel');

# ############################

#
# Table structure for table `growth_reference_data`
#

CREATE TABLE IF NOT EXISTS `growth_reference_data` (
  `id` int(11) NOT NULL AUTO_INCREMENT,
  `created_date_time` timestamp NOT NULL DEFAULT CURRENT_TIMESTAMP,
  `last_modified_date_time` timestamp NOT NULL DEFAULT '0000-00-00 00:00:00',
  `fk_health_reference_data_id` int(11) DEFAULT NULL,
  `month` int(11) DEFAULT NULL,
  `bmi_p25` decimal(6,3) DEFAULT NULL,
  `bmi_p50` decimal(6,3) DEFAULT NULL,
  `bmi_p75` decimal(6,3) DEFAULT NULL,
  `weight_p25` decimal(6,3) DEFAULT NULL,
  `weight_p50` decimal(6,3) DEFAULT NULL,
  `weight_p75` decimal(6,3) DEFAULT NULL,
  `height_p25` decimal(6,3) DEFAULT NULL,
  `height_p50` decimal(6,3) DEFAULT NULL,
  `height_p75` decimal(6,3) DEFAULT NULL,
  PRIMARY KEY (`id`),
  KEY `fk_health_reference_data_id` (`fk_health_reference_data_id`)
) ENGINE=InnoDB  DEFAULT CHARSET=utf8 AUTO_INCREMENT=170 ;

#
# Dumping data for table `growth_reference_data`
#

INSERT INTO `growth_reference_data` (`id`, `created_date_time`, `last_modified_date_time`, `fk_health_reference_data_id`, `month`, `bmi_p25`, `bmi_p50`, `bmi_p75`, `weight_p25`, `weight_p50`, `weight_p75`, `height_p25`, `height_p50`, `height_p75`) VALUES
(1, '2017-01-22 23:31:44', '2017-01-22 23:31:44', 1, 61, '14.306', '15.244', '16.306', '0.000', '0.000', '0.000', '0.000', '0.000', '0.000'),
(2, '2017-01-22 23:31:44', '2017-01-22 23:31:44', 1, 62, '14.301', '15.243', '16.311', '0.000', '0.000', '0.000', '0.000', '0.000', '0.000'),
(3, '2017-01-22 23:31:44', '2017-01-22 23:31:44', 1, 63, '14.298', '15.243', '16.317', '0.000', '0.000', '0.000', '0.000', '0.000', '0.000'),
(4, '2017-01-22 23:31:44', '2017-01-22 23:31:44', 1, 64, '14.294', '15.244', '16.324', '0.000', '0.000', '0.000', '0.000', '0.000', '0.000'),
(5, '2017-01-22 23:31:44', '2017-01-22 23:31:44', 1, 65, '14.292', '15.245', '16.331', '0.000', '0.000', '0.000', '0.000', '0.000', '0.000'),
(6, '2017-01-22 23:31:44', '2017-01-22 23:31:44', 1, 66, '14.290', '15.246', '16.339', '0.000', '0.000', '0.000', '0.000', '0.000', '0.000'),
(7, '2017-01-22 23:31:44', '2017-01-22 23:31:44', 1, 67, '14.288', '15.249', '16.347', '0.000', '0.000', '0.000', '0.000', '0.000', '0.000'),
(8, '2017-01-22 23:31:44', '2017-01-22 23:31:44', 1, 68, '14.287', '15.252', '16.357', '0.000', '0.000', '0.000', '0.000', '0.000', '0.000'),
(9, '2017-01-22 23:31:44', '2017-01-22 23:31:44', 1, 69, '14.287', '15.255', '16.367', '0.000', '0.000', '0.000', '0.000', '0.000', '0.000'),
(10, '2017-01-22 23:31:44', '2017-01-22 23:31:44', 1, 70, '14.287', '15.259', '16.377', '0.000', '0.000', '0.000', '0.000', '0.000', '0.000'),
(11, '2017-01-22 23:31:44', '2017-01-22 23:31:44', 1, 71, '14.288', '15.264', '16.388', '0.000', '0.000', '0.000', '0.000', '0.000', '0.000'),
(12, '2017-01-22 23:31:44', '2017-01-22 23:31:44', 1, 72, '14.290', '15.270', '16.401', '0.000', '0.000', '0.000', '0.000', '0.000', '0.000'),
(13, '2017-01-22 23:31:44', '2017-01-22 23:31:44', 1, 73, '14.292', '15.276', '16.414', '0.000', '0.000', '0.000', '0.000', '0.000', '0.000'),
(14, '2017-01-22 23:31:44', '2017-01-22 23:31:44', 1, 74, '14.295', '15.283', '16.427', '0.000', '0.000', '0.000', '0.000', '0.000', '0.000'),
(15, '2017-01-22 23:31:44', '2017-01-22 23:31:44', 1, 75, '14.299', '15.291', '16.442', '0.000', '0.000', '0.000', '0.000', '0.000', '0.000'),
(16, '2017-01-22 23:31:44', '2017-01-22 23:31:44', 1, 76, '14.303', '15.300', '16.458', '0.000', '0.000', '0.000', '0.000', '0.000', '0.000'),
(17, '2017-01-22 23:31:44', '2017-01-22 23:31:44', 1, 77, '14.309', '15.310', '16.475', '0.000', '0.000', '0.000', '0.000', '0.000', '0.000'),
(18, '2017-01-22 23:31:44', '2017-01-22 23:31:44', 1, 78, '14.315', '15.320', '16.492', '0.000', '0.000', '0.000', '0.000', '0.000', '0.000'),
(19, '2017-01-22 23:31:44', '2017-01-22 23:31:44', 1, 79, '14.322', '15.331', '16.511', '0.000', '0.000', '0.000', '0.000', '0.000', '0.000'),
(20, '2017-01-22 23:31:44', '2017-01-22 23:31:44', 1, 80, '14.330', '15.344', '16.530', '0.000', '0.000', '0.000', '0.000', '0.000', '0.000'),
(21, '2017-01-22 23:31:44', '2017-01-22 23:31:44', 1, 81, '14.339', '15.357', '16.551', '0.000', '0.000', '0.000', '0.000', '0.000', '0.000'),
(22, '2017-01-22 23:31:44', '2017-01-22 23:31:44', 1, 82, '14.349', '15.372', '16.573', '0.000', '0.000', '0.000', '0.000', '0.000', '0.000'),
(23, '2017-01-22 23:31:44', '2017-01-22 23:31:44', 1, 83, '14.360', '15.387', '16.596', '0.000', '0.000', '0.000', '0.000', '0.000', '0.000'),
(24, '2017-01-22 23:31:44', '2017-01-22 23:31:44', 1, 84, '14.371', '15.404', '16.620', '0.000', '0.000', '0.000', '0.000', '0.000', '0.000'),
(25, '2017-01-22 23:31:44', '2017-01-22 23:31:44', 1, 85, '14.384', '15.421', '16.645', '0.000', '0.000', '0.000', '0.000', '0.000', '0.000'),
(26, '2017-01-22 23:31:44', '2017-01-22 23:31:44', 1, 86, '14.398', '15.440', '16.671', '0.000', '0.000', '0.000', '0.000', '0.000', '0.000'),
(27, '2017-01-22 23:31:44', '2017-01-22 23:31:44', 1, 87, '14.412', '15.459', '16.699', '0.000', '0.000', '0.000', '0.000', '0.000', '0.000'),
(28, '2017-01-22 23:31:44', '2017-01-22 23:31:44', 1, 88, '14.428', '15.480', '16.727', '0.000', '0.000', '0.000', '0.000', '0.000', '0.000'),
(29, '2017-01-22 23:31:44', '2017-01-22 23:31:44', 1, 89, '14.444', '15.501', '16.757', '0.000', '0.000', '0.000', '0.000', '0.000', '0.000'),
(30, '2017-01-22 23:31:44', '2017-01-22 23:31:44', 1, 90, '14.462', '15.524', '16.788', '0.000', '0.000', '0.000', '0.000', '0.000', '0.000'),
(31, '2017-01-22 23:31:44', '2017-01-22 23:31:44', 1, 91, '14.480', '15.548', '16.819', '0.000', '0.000', '0.000', '0.000', '0.000', '0.000'),
(32, '2017-01-22 23:31:44', '2017-01-22 23:31:44', 1, 92, '14.499', '15.572', '16.852', '0.000', '0.000', '0.000', '0.000', '0.000', '0.000'),
(33, '2017-01-22 23:31:44', '2017-01-22 23:31:44', 1, 93, '14.520', '15.598', '16.887', '0.000', '0.000', '0.000', '0.000', '0.000', '0.000'),
(34, '2017-01-22 23:31:44', '2017-01-22 23:31:44', 1, 94, '14.541', '15.625', '16.922', '0.000', '0.000', '0.000', '0.000', '0.000', '0.000'),
(35, '2017-01-22 23:31:44', '2017-01-22 23:31:44', 1, 95, '14.563', '15.652', '16.958', '0.000', '0.000', '0.000', '0.000', '0.000', '0.000'),
(36, '2017-01-22 23:31:44', '2017-01-22 23:31:44', 1, 96, '14.586', '15.681', '16.995', '0.000', '0.000', '0.000', '0.000', '0.000', '0.000'),
(37, '2017-01-22 23:31:44', '2017-01-22 23:31:44', 1, 97, '14.610', '15.711', '17.034', '0.000', '0.000', '0.000', '0.000', '0.000', '0.000'),
(38, '2017-01-22 23:31:44', '2017-01-22 23:31:44', 1, 98, '14.635', '15.742', '17.073', '0.000', '0.000', '0.000', '0.000', '0.000', '0.000'),
(39, '2017-01-22 23:31:44', '2017-01-22 23:31:44', 1, 99, '14.661', '15.773', '17.114', '0.000', '0.000', '0.000', '0.000', '0.000', '0.000'),
(40, '2017-01-22 23:31:44', '2017-01-22 23:31:44', 1, 100, '14.687', '15.806', '17.156', '0.000', '0.000', '0.000', '0.000', '0.000', '0.000'),
(41, '2017-01-22 23:31:44', '2017-01-22 23:31:44', 1, 101, '14.715', '15.839', '17.198', '0.000', '0.000', '0.000', '0.000', '0.000', '0.000'),
(42, '2017-01-22 23:31:44', '2017-01-22 23:31:44', 1, 102, '14.743', '15.874', '17.242', '0.000', '0.000', '0.000', '0.000', '0.000', '0.000'),
(43, '2017-01-22 23:31:44', '2017-01-22 23:31:44', 1, 103, '14.772', '15.909', '17.286', '0.000', '0.000', '0.000', '0.000', '0.000', '0.000'),
(44, '2017-01-22 23:31:44', '2017-01-22 23:31:44', 1, 104, '14.802', '15.945', '17.331', '0.000', '0.000', '0.000', '0.000', '0.000', '0.000'),
(45, '2017-01-22 23:31:44', '2017-01-22 23:31:44', 1, 105, '14.832', '15.982', '17.377', '0.000', '0.000', '0.000', '0.000', '0.000', '0.000'),
(46, '2017-01-22 23:31:44', '2017-01-22 23:31:44', 1, 106, '14.864', '16.019', '17.424', '0.000', '0.000', '0.000', '0.000', '0.000', '0.000'),
(47, '2017-01-22 23:31:44', '2017-01-22 23:31:44', 1, 107, '14.895', '16.058', '17.472', '0.000', '0.000', '0.000', '0.000', '0.000', '0.000'),
(48, '2017-01-22 23:31:44', '2017-01-22 23:31:44', 1, 108, '14.928', '16.096', '17.520', '0.000', '0.000', '0.000', '0.000', '0.000', '0.000'),
(49, '2017-01-22 23:31:44', '2017-01-22 23:31:44', 1, 109, '14.960', '16.136', '17.569', '0.000', '0.000', '0.000', '0.000', '0.000', '0.000'),
(50, '2017-01-22 23:31:44', '2017-01-22 23:31:44', 1, 110, '14.994', '16.176', '17.618', '0.000', '0.000', '0.000', '0.000', '0.000', '0.000'),
(51, '2017-01-22 23:31:44', '2017-01-22 23:31:44', 1, 111, '15.028', '16.217', '17.669', '0.000', '0.000', '0.000', '0.000', '0.000', '0.000'),
(52, '2017-01-22 23:31:44', '2017-01-22 23:31:44', 1, 112, '15.063', '16.258', '17.720', '0.000', '0.000', '0.000', '0.000', '0.000', '0.000'),
(53, '2017-01-22 23:31:44', '2017-01-22 23:31:44', 1, 113, '15.098', '16.300', '17.771', '0.000', '0.000', '0.000', '0.000', '0.000', '0.000'),
(54, '2017-01-22 23:31:44', '2017-01-22 23:31:44', 1, 114, '15.134', '16.343', '17.823', '0.000', '0.000', '0.000', '0.000', '0.000', '0.000'),
(55, '2017-01-22 23:31:44', '2017-01-22 23:31:44', 1, 115, '15.170', '16.386', '17.876', '0.000', '0.000', '0.000', '0.000', '0.000', '0.000'),
(56, '2017-01-22 23:31:44', '2017-01-22 23:31:44', 1, 116, '15.207', '16.430', '17.930', '0.000', '0.000', '0.000', '0.000', '0.000', '0.000'),
(57, '2017-01-22 23:31:44', '2017-01-22 23:31:44', 1, 117, '15.245', '16.475', '17.984', '0.000', '0.000', '0.000', '0.000', '0.000', '0.000'),
(58, '2017-01-22 23:31:44', '2017-01-22 23:31:44', 1, 118, '15.283', '16.520', '18.039', '0.000', '0.000', '0.000', '0.000', '0.000', '0.000'),
(59, '2017-01-22 23:31:44', '2017-01-22 23:31:44', 1, 119, '15.323', '16.566', '18.096', '0.000', '0.000', '0.000', '0.000', '0.000', '0.000'),
(60, '2017-01-22 23:31:44', '2017-01-22 23:31:44', 1, 120, '15.362', '16.613', '18.152', '0.000', '0.000', '0.000', '0.000', '0.000', '0.000'),
(61, '2017-01-22 23:31:44', '2017-01-22 23:31:44', 1, 121, '15.403', '16.661', '18.210', '0.000', '0.000', '0.000', '0.000', '0.000', '0.000'),
(62, '2017-01-22 23:31:44', '2017-01-22 23:31:44', 1, 122, '15.445', '16.710', '18.269', '0.000', '0.000', '0.000', '0.000', '0.000', '0.000'),
(63, '2017-01-22 23:31:44', '2017-01-22 23:31:44', 1, 123, '15.487', '16.760', '18.328', '0.000', '0.000', '0.000', '0.000', '0.000', '0.000'),
(64, '2017-01-22 23:31:44', '2017-01-22 23:31:44', 1, 124, '15.530', '16.810', '18.389', '0.000', '0.000', '0.000', '0.000', '0.000', '0.000'),
(65, '2017-01-22 23:31:44', '2017-01-22 23:31:44', 1, 125, '15.574', '16.861', '18.450', '0.000', '0.000', '0.000', '0.000', '0.000', '0.000'),
(66, '2017-01-22 23:31:44', '2017-01-22 23:31:44', 1, 126, '15.619', '16.914', '18.512', '0.000', '0.000', '0.000', '0.000', '0.000', '0.000'),
(67, '2017-01-22 23:31:44', '2017-01-22 23:31:44', 1, 127, '15.664', '16.967', '18.575', '0.000', '0.000', '0.000', '0.000', '0.000', '0.000'),
(68, '2017-01-22 23:31:44', '2017-01-22 23:31:44', 1, 128, '15.710', '17.021', '18.640', '0.000', '0.000', '0.000', '0.000', '0.000', '0.000'),
(69, '2017-01-22 23:31:44', '2017-01-22 23:31:44', 1, 129, '15.758', '17.076', '18.705', '0.000', '0.000', '0.000', '0.000', '0.000', '0.000'),
(70, '2017-01-22 23:31:44', '2017-01-22 23:31:44', 1, 130, '15.806', '17.132', '18.771', '0.000', '0.000', '0.000', '0.000', '0.000', '0.000'),
(71, '2017-01-22 23:31:44', '2017-01-22 23:31:44', 1, 131, '15.854', '17.188', '18.838', '0.000', '0.000', '0.000', '0.000', '0.000', '0.000'),
(72, '2017-01-22 23:31:44', '2017-01-22 23:31:44', 1, 132, '15.904', '17.246', '18.906', '0.000', '0.000', '0.000', '0.000', '0.000', '0.000'),
(73, '2017-01-22 23:31:44', '2017-01-22 23:31:44', 1, 133, '15.955', '17.304', '18.974', '0.000', '0.000', '0.000', '0.000', '0.000', '0.000'),
(74, '2017-01-22 23:31:44', '2017-01-22 23:31:44', 1, 134, '16.006', '17.364', '19.044', '0.000', '0.000', '0.000', '0.000', '0.000', '0.000'),
(75, '2017-01-22 23:31:44', '2017-01-22 23:31:44', 1, 135, '16.058', '17.424', '19.114', '0.000', '0.000', '0.000', '0.000', '0.000', '0.000'),
(76, '2017-01-22 23:31:44', '2017-01-22 23:31:44', 1, 136, '16.110', '17.485', '19.186', '0.000', '0.000', '0.000', '0.000', '0.000', '0.000'),
(77, '2017-01-22 23:31:44', '2017-01-22 23:31:44', 1, 137, '16.164', '17.546', '19.258', '0.000', '0.000', '0.000', '0.000', '0.000', '0.000'),
(78, '2017-01-22 23:31:44', '2017-01-22 23:31:44', 1, 138, '16.218', '17.609', '19.331', '0.000', '0.000', '0.000', '0.000', '0.000', '0.000'),
(79, '2017-01-22 23:31:44', '2017-01-22 23:31:44', 1, 139, '16.273', '17.672', '19.404', '0.000', '0.000', '0.000', '0.000', '0.000', '0.000'),
(80, '2017-01-22 23:31:44', '2017-01-22 23:31:44', 1, 140, '16.328', '17.736', '19.478', '0.000', '0.000', '0.000', '0.000', '0.000', '0.000'),
(81, '2017-01-22 23:31:44', '2017-01-22 23:31:44', 1, 141, '16.384', '17.800', '19.553', '0.000', '0.000', '0.000', '0.000', '0.000', '0.000'),
(82, '2017-01-22 23:31:44', '2017-01-22 23:31:44', 1, 142, '16.441', '17.865', '19.629', '0.000', '0.000', '0.000', '0.000', '0.000', '0.000'),
(83, '2017-01-22 23:31:44', '2017-01-22 23:31:44', 1, 143, '16.498', '17.931', '19.705', '0.000', '0.000', '0.000', '0.000', '0.000', '0.000'),
(84, '2017-01-22 23:31:44', '2017-01-22 23:31:44', 1, 144, '16.555', '17.997', '19.781', '0.000', '0.000', '0.000', '0.000', '0.000', '0.000'),
(85, '2017-01-22 23:31:44', '2017-01-22 23:31:44', 1, 145, '16.613', '18.063', '19.858', '0.000', '0.000', '0.000', '0.000', '0.000', '0.000'),
(86, '2017-01-22 23:31:44', '2017-01-22 23:31:44', 1, 146, '16.671', '18.130', '19.935', '0.000', '0.000', '0.000', '0.000', '0.000', '0.000'),
(87, '2017-01-22 23:31:44', '2017-01-22 23:31:44', 1, 147, '16.730', '18.197', '20.012', '0.000', '0.000', '0.000', '0.000', '0.000', '0.000'),
(88, '2017-01-22 23:31:44', '2017-01-22 23:31:44', 1, 148, '16.788', '18.264', '20.090', '0.000', '0.000', '0.000', '0.000', '0.000', '0.000'),
(89, '2017-01-22 23:31:44', '2017-01-22 23:31:44', 1, 149, '16.847', '18.331', '20.167', '0.000', '0.000', '0.000', '0.000', '0.000', '0.000'),
(90, '2017-01-22 23:31:44', '2017-01-22 23:31:44', 1, 150, '16.906', '18.399', '20.245', '0.000', '0.000', '0.000', '0.000', '0.000', '0.000'),
(91, '2017-01-22 23:31:44', '2017-01-22 23:31:44', 1, 151, '16.965', '18.466', '20.323', '0.000', '0.000', '0.000', '0.000', '0.000', '0.000'),
(92, '2017-01-22 23:31:44', '2017-01-22 23:31:44', 1, 152, '17.024', '18.533', '20.400', '0.000', '0.000', '0.000', '0.000', '0.000', '0.000'),
(93, '2017-01-22 23:31:44', '2017-01-22 23:31:44', 1, 153, '17.082', '18.601', '20.477', '0.000', '0.000', '0.000', '0.000', '0.000', '0.000'),
(94, '2017-01-22 23:31:44', '2017-01-22 23:31:44', 1, 154, '17.141', '18.668', '20.555', '0.000', '0.000', '0.000', '0.000', '0.000', '0.000'),
(95, '2017-01-22 23:31:44', '2017-01-22 23:31:44', 1, 155, '17.200', '18.735', '20.631', '0.000', '0.000', '0.000', '0.000', '0.000', '0.000'),
(96, '2017-01-22 23:31:44', '2017-01-22 23:31:44', 1, 156, '17.258', '18.801', '20.708', '0.000', '0.000', '0.000', '0.000', '0.000', '0.000'),
(97, '2017-01-22 23:31:44', '2017-01-22 23:31:44', 1, 157, '17.316', '18.868', '20.784', '0.000', '0.000', '0.000', '0.000', '0.000', '0.000'),
(98, '2017-01-22 23:31:44', '2017-01-22 23:31:44', 1, 158, '17.373', '18.934', '20.859', '0.000', '0.000', '0.000', '0.000', '0.000', '0.000'),
(99, '2017-01-22 23:31:44', '2017-01-22 23:31:44', 1, 159, '17.431', '18.999', '20.934', '0.000', '0.000', '0.000', '0.000', '0.000', '0.000'),
(100, '2017-01-22 23:31:44', '2017-01-22 23:31:44', 1, 160, '17.488', '19.064', '21.009', '0.000', '0.000', '0.000', '0.000', '0.000', '0.000'),
(101, '2017-01-22 23:31:44', '2017-01-22 23:31:44', 1, 161, '17.544', '19.129', '21.083', '0.000', '0.000', '0.000', '0.000', '0.000', '0.000'),
(102, '2017-01-22 23:31:44', '2017-01-22 23:31:44', 1, 162, '17.600', '19.193', '21.156', '0.000', '0.000', '0.000', '0.000', '0.000', '0.000'),
(103, '2017-01-22 23:31:44', '2017-01-22 23:31:44', 1, 163, '17.656', '19.257', '21.229', '0.000', '0.000', '0.000', '0.000', '0.000', '0.000'),
(104, '2017-01-22 23:31:44', '2017-01-22 23:31:44', 1, 164, '17.711', '19.320', '21.301', '0.000', '0.000', '0.000', '0.000', '0.000', '0.000'),
(105, '2017-01-22 23:31:44', '2017-01-22 23:31:44', 1, 165, '17.765', '19.382', '21.372', '0.000', '0.000', '0.000', '0.000', '0.000', '0.000'),
(106, '2017-01-22 23:31:44', '2017-01-22 23:31:44', 1, 166, '17.819', '19.444', '21.443', '0.000', '0.000', '0.000', '0.000', '0.000', '0.000'),
(107, '2017-01-22 23:31:44', '2017-01-22 23:31:44', 1, 167, '17.872', '19.504', '21.512', '0.000', '0.000', '0.000', '0.000', '0.000', '0.000'),
(108, '2017-01-22 23:31:44', '2017-01-22 23:31:44', 1, 168, '17.925', '19.565', '21.581', '0.000', '0.000', '0.000', '0.000', '0.000', '0.000'),
(109, '2017-01-22 23:31:44', '2017-01-22 23:31:44', 1, 169, '17.977', '19.624', '21.648', '0.000', '0.000', '0.000', '0.000', '0.000', '0.000'),
(110, '2017-01-22 23:31:44', '2017-01-22 23:31:44', 1, 170, '18.028', '19.682', '21.715', '0.000', '0.000', '0.000', '0.000', '0.000', '0.000'),
(111, '2017-01-22 23:31:44', '2017-01-22 23:31:44', 1, 171, '18.078', '19.740', '21.781', '0.000', '0.000', '0.000', '0.000', '0.000', '0.000'),
(112, '2017-01-22 23:31:44', '2017-01-22 23:31:44', 1, 172, '18.127', '19.797', '21.845', '0.000', '0.000', '0.000', '0.000', '0.000', '0.000'),
(113, '2017-01-22 23:31:44', '2017-01-22 23:31:44', 1, 173, '18.176', '19.852', '21.909', '0.000', '0.000', '0.000', '0.000', '0.000', '0.000'),
(114, '2017-01-22 23:31:44', '2017-01-22 23:31:44', 1, 174, '18.223', '19.907', '21.971', '0.000', '0.000', '0.000', '0.000', '0.000', '0.000'),
(115, '2017-01-22 23:31:44', '2017-01-22 23:31:44', 1, 175, '18.270', '19.961', '22.032', '0.000', '0.000', '0.000', '0.000', '0.000', '0.000'),
(116, '2017-01-22 23:31:44', '2017-01-22 23:31:44', 1, 176, '18.316', '20.013', '22.092', '0.000', '0.000', '0.000', '0.000', '0.000', '0.000'),
(117, '2017-01-22 23:31:44', '2017-01-22 23:31:44', 1, 177, '18.361', '20.065', '22.151', '0.000', '0.000', '0.000', '0.000', '0.000', '0.000'),
(118, '2017-01-22 23:31:44', '2017-01-22 23:31:44', 1, 178, '18.404', '20.115', '22.208', '0.000', '0.000', '0.000', '0.000', '0.000', '0.000'),
(119, '2017-01-22 23:31:44', '2017-01-22 23:31:44', 1, 179, '18.447', '20.164', '22.264', '0.000', '0.000', '0.000', '0.000', '0.000', '0.000'),
(120, '2017-01-22 23:31:44', '2017-01-22 23:31:44', 1, 180, '18.489', '20.212', '22.319', '0.000', '0.000', '0.000', '0.000', '0.000', '0.000'),
(121, '2017-01-22 23:31:44', '2017-01-22 23:31:44', 1, 181, '18.529', '20.260', '22.373', '0.000', '0.000', '0.000', '0.000', '0.000', '0.000'),
(123, '2017-01-22 23:31:44', '2017-01-22 23:31:44', 1, 182, '18.569', '20.305', '22.425', '0.000', '0.000', '0.000', '0.000', '0.000', '0.000'),
(124, '2017-01-22 23:31:44', '2017-01-22 23:31:44', 1, 183, '18.608', '20.350', '22.476', '0.000', '0.000', '0.000', '0.000', '0.000', '0.000'),
(125, '2017-01-22 23:31:44', '2017-01-22 23:31:44', 1, 184, '18.645', '20.393', '22.525', '0.000', '0.000', '0.000', '0.000', '0.000', '0.000'),
(126, '2017-01-22 23:31:44', '2017-01-22 23:31:44', 1, 185, '18.682', '20.436', '22.573', '0.000', '0.000', '0.000', '0.000', '0.000', '0.000'),
(127, '2017-01-22 23:31:44', '2017-01-22 23:31:44', 1, 186, '18.717', '20.477', '22.620', '0.000', '0.000', '0.000', '0.000', '0.000', '0.000'),
(128, '2017-01-22 23:31:44', '2017-01-22 23:31:44', 1, 187, '18.752', '20.517', '22.666', '0.000', '0.000', '0.000', '0.000', '0.000', '0.000'),
(129, '2017-01-22 23:31:44', '2017-01-22 23:31:44', 1, 188, '18.785', '20.556', '22.710', '0.000', '0.000', '0.000', '0.000', '0.000', '0.000'),
(130, '2017-01-22 23:31:44', '2017-01-22 23:31:44', 1, 189, '18.818', '20.594', '22.754', '0.000', '0.000', '0.000', '0.000', '0.000', '0.000'),
(131, '2017-01-22 23:31:44', '2017-01-22 23:31:44', 1, 190, '18.849', '20.631', '22.795', '0.000', '0.000', '0.000', '0.000', '0.000', '0.000'),
(132, '2017-01-22 23:31:44', '2017-01-22 23:31:44', 1, 191, '18.880', '20.666', '22.836', '0.000', '0.000', '0.000', '0.000', '0.000', '0.000'),
(133, '2017-01-22 23:31:44', '2017-01-22 23:31:44', 1, 192, '18.909', '20.701', '22.876', '0.000', '0.000', '0.000', '0.000', '0.000', '0.000'),
(134, '2017-01-22 23:31:44', '2017-01-22 23:31:44', 1, 193, '18.938', '20.734', '22.914', '0.000', '0.000', '0.000', '0.000', '0.000', '0.000'),
(135, '2017-01-22 23:31:44', '2017-01-22 23:31:44', 1, 194, '18.966', '20.767', '22.951', '0.000', '0.000', '0.000', '0.000', '0.000', '0.000'),
(136, '2017-01-22 23:31:44', '2017-01-22 23:31:44', 1, 195, '18.992', '20.798', '22.987', '0.000', '0.000', '0.000', '0.000', '0.000', '0.000'),
(137, '2017-01-22 23:31:44', '2017-01-22 23:31:44', 1, 196, '19.018', '20.829', '23.021', '0.000', '0.000', '0.000', '0.000', '0.000', '0.000'),
(138, '2017-01-22 23:31:44', '2017-01-22 23:31:44', 1, 197, '19.043', '20.858', '23.055', '0.000', '0.000', '0.000', '0.000', '0.000', '0.000'),
(139, '2017-01-22 23:31:44', '2017-01-22 23:31:44', 1, 198, '19.067', '20.886', '23.087', '0.000', '0.000', '0.000', '0.000', '0.000', '0.000'),
(140, '2017-01-22 23:31:44', '2017-01-22 23:31:44', 1, 199, '19.090', '20.914', '23.119', '0.000', '0.000', '0.000', '0.000', '0.000', '0.000'),
(141, '2017-01-22 23:31:44', '2017-01-22 23:31:44', 1, 200, '19.112', '20.940', '23.149', '0.000', '0.000', '0.000', '0.000', '0.000', '0.000'),
(142, '2017-01-22 23:31:44', '2017-01-22 23:31:44', 1, 201, '19.133', '20.966', '23.178', '0.000', '0.000', '0.000', '0.000', '0.000', '0.000'),
(143, '2017-01-22 23:31:44', '2017-01-22 23:31:44', 1, 202, '19.154', '20.990', '23.206', '0.000', '0.000', '0.000', '0.000', '0.000', '0.000'),
(144, '2017-01-22 23:31:44', '2017-01-22 23:31:44', 1, 203, '19.173', '21.014', '23.233', '0.000', '0.000', '0.000', '0.000', '0.000', '0.000'),
(145, '2017-01-22 23:31:44', '2017-01-22 23:31:44', 1, 204, '19.193', '21.037', '23.259', '0.000', '0.000', '0.000', '0.000', '0.000', '0.000'),
(146, '2017-01-22 23:31:44', '2017-01-22 23:31:44', 1, 205, '19.211', '21.059', '23.285', '0.000', '0.000', '0.000', '0.000', '0.000', '0.000'),
(147, '2017-01-22 23:31:44', '2017-01-22 23:31:44', 1, 206, '19.228', '21.080', '23.309', '0.000', '0.000', '0.000', '0.000', '0.000', '0.000'),
(148, '2017-01-22 23:31:44', '2017-01-22 23:31:44', 1, 207, '19.245', '21.101', '23.333', '0.000', '0.000', '0.000', '0.000', '0.000', '0.000'),
(149, '2017-01-22 23:31:44', '2017-01-22 23:31:44', 1, 208, '19.262', '21.121', '23.355', '0.000', '0.000', '0.000', '0.000', '0.000', '0.000'),
(150, '2017-01-22 23:31:44', '2017-01-22 23:31:44', 1, 209, '19.277', '21.140', '23.378', '0.000', '0.000', '0.000', '0.000', '0.000', '0.000'),
(151, '2017-01-22 23:31:44', '2017-01-22 23:31:44', 1, 210, '19.292', '21.159', '23.399', '0.000', '0.000', '0.000', '0.000', '0.000', '0.000'),
(152, '2017-01-22 23:31:44', '2017-01-22 23:31:44', 1, 211, '19.307', '21.177', '23.420', '0.000', '0.000', '0.000', '0.000', '0.000', '0.000'),
(153, '2017-01-22 23:31:44', '2017-01-22 23:31:44', 1, 212, '19.321', '21.194', '23.440', '0.000', '0.000', '0.000', '0.000', '0.000', '0.000'),
(154, '2017-01-22 23:31:44', '2017-01-22 23:31:44', 1, 213, '19.335', '21.212', '23.460', '0.000', '0.000', '0.000', '0.000', '0.000', '0.000'),
(155, '2017-01-22 23:31:44', '2017-01-22 23:31:44', 1, 214, '19.348', '21.228', '23.479', '0.000', '0.000', '0.000', '0.000', '0.000', '0.000'),
(156, '2017-01-22 23:31:44', '2017-01-22 23:31:44', 1, 215, '19.361', '21.244', '23.498', '0.000', '0.000', '0.000', '0.000', '0.000', '0.000'),
(157, '2017-01-22 23:31:44', '2017-01-22 23:31:44', 1, 216, '19.374', '21.260', '23.516', '0.000', '0.000', '0.000', '0.000', '0.000', '0.000'),
(158, '2017-01-22 23:31:44', '2017-01-22 23:31:44', 1, 217, '19.386', '21.276', '23.534', '0.000', '0.000', '0.000', '0.000', '0.000', '0.000'),
(159, '2017-01-22 23:31:44', '2017-01-22 23:31:44', 1, 218, '19.398', '21.291', '23.551', '0.000', '0.000', '0.000', '0.000', '0.000', '0.000'),
(160, '2017-01-22 23:31:44', '2017-01-22 23:31:44', 1, 219, '19.410', '21.306', '23.568', '0.000', '0.000', '0.000', '0.000', '0.000', '0.000'),
(161, '2017-01-22 23:31:44', '2017-01-22 23:31:44', 1, 220, '19.421', '21.320', '23.585', '0.000', '0.000', '0.000', '0.000', '0.000', '0.000'),
(162, '2017-01-22 23:31:44', '2017-01-22 23:31:44', 1, 221, '19.432', '21.334', '23.601', '0.000', '0.000', '0.000', '0.000', '0.000', '0.000'),
(163, '2017-01-22 23:31:44', '2017-01-22 23:31:44', 1, 222, '19.443', '21.348', '23.617', '0.000', '0.000', '0.000', '0.000', '0.000', '0.000'),
(164, '2017-01-22 23:31:44', '2017-01-22 23:31:44', 1, 223, '19.454', '21.362', '23.633', '0.000', '0.000', '0.000', '0.000', '0.000', '0.000'),
(165, '2017-01-22 23:31:44', '2017-01-22 23:31:44', 1, 224, '19.464', '21.375', '23.648', '0.000', '0.000', '0.000', '0.000', '0.000', '0.000'),
(166, '2017-01-22 23:31:44', '2017-01-22 23:31:44', 1, 225, '19.475', '21.388', '23.663', '0.000', '0.000', '0.000', '0.000', '0.000', '0.000'),
(167, '2017-01-22 23:31:44', '2017-01-22 23:31:44', 1, 226, '19.485', '21.401', '23.678', '0.000', '0.000', '0.000', '0.000', '0.000', '0.000'),
(168, '2017-01-22 23:31:44', '2017-01-22 23:31:44', 1, 227, '19.495', '21.414', '23.693', '0.000', '0.000', '0.000', '0.000', '0.000', '0.000'),
(169, '2017-01-22 23:31:44', '2017-01-22 23:31:44', 1, 228, '19.504', '21.427', '23.707', '0.000', '0.000', '0.000', '0.000', '0.000', '0.000');

# ############################

#
# Table structure for table `health_reference_data`
#

CREATE TABLE IF NOT EXISTS `health_reference_data` (
  `id` int(11) NOT NULL AUTO_INCREMENT,
  `created_date_time` timestamp NOT NULL DEFAULT CURRENT_TIMESTAMP,
  `last_modified_date_time` timestamp NOT NULL DEFAULT '0000-00-00 00:00:00',
  `name` varchar(100) DEFAULT NULL,
  `type` varchar(25) DEFAULT NULL,
  `gender` varchar(10) DEFAULT NULL,
  `description` varchar(200) DEFAULT NULL,
  PRIMARY KEY (`id`)
) ENGINE=InnoDB  DEFAULT CHARSET=utf8 AUTO_INCREMENT=2 ;

#
# Dumping data for table `health_reference_data`
#

INSERT INTO `health_reference_data` (`id`, `created_date_time`, `last_modified_date_time`, `name`, `type`, `gender`, `description`) VALUES
(1, '2016-10-28 21:33:02', '2016-10-28 21:33:02', 'WHO Reference 2007', 'bmi', 'girls', 'Growth reference data for 5-19 years (61-228 months)');

# ############################

#
# Table structure for table `permissions`
#

CREATE TABLE IF NOT EXISTS `permissions` (
  `id` int(11) NOT NULL AUTO_INCREMENT,
  `created_date_time` timestamp NOT NULL DEFAULT CURRENT_TIMESTAMP,
  `last_modified_date_time` timestamp NOT NULL DEFAULT '0000-00-00 00:00:00',
  `name` varchar(25) DEFAULT NULL,
  `description` varchar(100) DEFAULT NULL,
  PRIMARY KEY (`id`)
) ENGINE=InnoDB  DEFAULT CHARSET=utf8 AUTO_INCREMENT=10 ;

#
# Dumping data for table `permissions`
#

INSERT INTO `permissions` (`id`, `created_date_time`, `last_modified_date_time`, `name`, `description`) VALUES
(1, '2017-04-10 06:49:45', '2017-04-10 06:49:45', 'READ_PRIVILEGE', 'read permission only for all services'),
(2, '2017-04-10 06:49:45', '2017-04-10 06:49:45', 'WRITE_PRIVILEGE', 'write permission for all services'),
(3, '2017-04-10 06:49:45', '2017-04-10 06:49:45', 'ALL_PRIVILEGE', 'both read and write permission for all services'),
(4, '2017-04-10 06:49:45', '2017-04-10 06:49:45', 'BLOGG_READ_PRIVILEGE', 'read permission for blogg services'),
(5, '2017-04-10 06:49:45', '2017-04-10 06:49:45', 'BLOGG_WRITE_PRIVILEGE', 'write permission for blogg services'),
(6, '2017-04-10 06:49:45', '2017-04-10 06:49:45', 'ACCOUNT_READ_PRIVILEGE', 'read permission for user account services'),
(7, '2017-04-10 06:49:45', '2017-04-10 06:49:45', 'ACCOUNT_WRITE_PRIVILEGE', 'write permission for user account services'),
(8, '2017-04-10 06:49:45', '2017-04-10 06:49:45', 'DIET_READ_PRIVILEGE', 'read permission for user dietmanager services'),
(9, '2017-04-10 06:49:45', '2017-04-10 06:49:45', 'DIET_WRITE_PRIVILEGE', 'write permission for dietmanager services');

# ############################

#
# Table structure for table `products`
#

CREATE TABLE IF NOT EXISTS `products` (
  `id` int(11) NOT NULL AUTO_INCREMENT,
  `created_date_time` timestamp NOT NULL DEFAULT CURRENT_TIMESTAMP,
  `last_modified_date_time` timestamp NOT NULL DEFAULT '0000-00-00 00:00:00',
  `name` varchar(100) DEFAULT NULL,
  `type` varchar(100) DEFAULT NULL,
  `category` varchar(100) DEFAULT NULL,
  `description` varchar(500) DEFAULT NULL,
  `amount` varchar(10) DEFAULT NULL,
  `weight_g` int(11) DEFAULT NULL,
  `kcal` int(11) DEFAULT NULL,
  `fat` decimal(6,2) DEFAULT NULL,
  `carbohydrates` decimal(6,2) DEFAULT NULL,
  `fibre` decimal(6,2) DEFAULT NULL,
  `protein` decimal(6,2) DEFAULT NULL,
  `img_link` varchar(100) DEFAULT NULL,
  PRIMARY KEY (`id`)
) ENGINE=InnoDB  DEFAULT CHARSET=utf8 AUTO_INCREMENT=23 ;

#
# Dumping data for table `products`
#

INSERT INTO `products` (`id`, `created_date_time`, `last_modified_date_time`, `name`, `type`, `category`, `description`, `amount`, `weight_g`, `kcal`, `fat`, `carbohydrates`, `fibre`, `protein`, `img_link`) VALUES
(1, '2017-05-17 17:56:45', '2017-05-17 17:56:45', 'brødskive', 'type', 'korn', 'beskrivelse', '1', 45, 75, '0.00', '0.00', '0.00', '0.00', NULL),
(2, '2017-05-17 17:56:45', '2017-05-17 17:56:45', 'lettmelk', 'type', 'drikke', 'beskrivelse', '1', 100, 38, '0.70', '4.60', '0.00', '3.40', NULL),
(3, '2017-05-17 17:56:45', '2017-05-17 17:56:45', 'eple', 'type', 'frukt', 'beskrivelse', '1', 0, 0, '0.00', '0.00', '0.00', '0.00', NULL),
(4, '2017-05-17 17:56:45', '2017-05-17 17:56:45', 'fresubin Energy', 'type', 'drikke', 'beskrivelse', '1', 100, 150, '0.00', '0.00', '2.00', '11.20', NULL),
(5, '2017-05-17 17:56:45', '2017-05-17 17:56:45', 'multivitamin', 'type', 'vitamin', 'beskrivelse', '1', 0, 0, '0.00', '0.00', '0.00', '0.00', NULL),
(6, '2017-05-17 17:56:45', '2017-05-17 17:56:45', 'kylling', 'type', 'kjøtt', 'beskrivelse', '1', 100, 104, '1.00', '0.00', '0.00', '0.00', NULL),
(7, '2017-05-17 17:56:45', '2017-05-17 17:56:45', 'biff storfe', 'type', 'kjøtt', 'beskrivelse', '1', 100, 105, '1.70', '0.00', '0.00', '0.00', NULL),
(8, '2017-05-17 17:56:45', '2017-05-17 17:56:45', 'svin', 'type', 'kjøtt', 'beskrivelse', '1', 100, 110, '1.60', '0.00', '0.00', '0.00', NULL),
(9, '2017-05-17 17:56:45', '2017-05-17 17:56:45', 'torsk', 'type', 'fisk', 'beskrivelse', '1', 100, 98, '0.40', '0.00', '0.00', '0.00', NULL),
(10, '2017-05-17 17:56:45', '2017-05-17 17:56:45', 'laks', 'type', 'fisk', 'beskrivelse', '1', 100, 224, '16.00', '0.00', '0.00', '0.00', NULL),
(11, '2017-05-17 17:56:45', '2017-05-17 17:56:45', 'ørret', 'type', 'fisk', 'beskrivelse', '1', 100, 166, '10.00', '0.00', '0.00', '0.00', NULL),
(12, '2017-05-17 17:56:45', '2017-05-17 17:56:45', 'sei', 'type', 'fisk', 'beskrivelse', '1', 100, 69, '0.30', '0.00', '0.00', '0.00', NULL),
(13, '2017-05-17 17:56:45', '2017-05-17 17:56:45', 'fiskeboller', 'type', 'fisk', 'beskrivelse', '1', 100, 0, '0.00', '0.00', '0.00', '0.00', NULL),
(14, '2017-05-17 17:56:45', '2017-05-17 17:56:45', 'fiskekaker', 'type', 'fisk', 'beskrivelse', '1', 100, 0, '0.00', '0.00', '0.00', '0.00', NULL),
(15, '2017-05-17 17:56:45', '2017-05-17 17:56:45', 'fiskeburger', 'type', 'fisk', 'beskrivelse', '1', 100, 0, '0.00', '0.00', '0.00', '0.00', NULL),
(16, '2017-05-17 17:56:45', '2017-05-17 17:56:45', 'havregrøt', 'type', 'korn', 'beskrivelse', '1', 100, 0, '0.00', '0.00', '0.00', '0.00', NULL),
(17, '2017-05-17 17:56:45', '2017-05-17 17:56:45', 'go-morgen yoghurt', 'type', 'melk', 'beskrivelse', '1', 100, 0, '0.00', '0.00', '0.00', '0.00', NULL),
(18, '2017-05-17 17:56:45', '2017-05-17 17:56:45', 'egg, kokt', 'type', '', 'beskrivelse', '1', 100, 143, '10.20', '0.00', '0.00', '0.00', NULL),
(19, '2017-05-17 17:56:45', '2017-05-17 17:56:45', 'ris kokt', 'type', '', 'beskrivelse', '1', 100, 124, '0.40', '0.00', '0.00', '0.00', NULL),
(20, '2017-05-17 17:56:45', '2017-05-17 17:56:45', 'potet', 'type', '', 'beskrivelse', '1', 100, 80, '0.10', '0.00', '0.00', '0.00', NULL),
(21, '2017-05-17 17:56:45', '2017-05-17 17:56:45', 'pasta fullkorn kokt', 'type', '', 'beskrivelse', '1', 100, 135, '2.60', '0.00', '0.00', '0.00', NULL),
(22, '2017-05-17 17:56:45', '2017-05-17 17:56:45', 'juice eple', 'type', 'drikke', 'beskrivelse', '1', 100, 42, '0.00', '0.00', '0.00', '0.00', NULL);

# ############################

#
# Table structure for table `profiles`
#

CREATE TABLE IF NOT EXISTS `profiles` (
  `id` int(11) NOT NULL AUTO_INCREMENT,
  `created_date_time` timestamp NOT NULL DEFAULT CURRENT_TIMESTAMP,
  `last_modified_date_time` timestamp NOT NULL DEFAULT '0000-00-00 00:00:00',
  `fk_user_id` int(11) DEFAULT NULL,
  `firstname` varchar(100) DEFAULT NULL,
  `middlename` varchar(100) DEFAULT NULL,
  `lastname` varchar(100) DEFAULT NULL,
  `email` varchar(200) DEFAULT NULL,
  `date_of_birth` date DEFAULT NULL,
  `gender` varchar(1) DEFAULT NULL,
  `enabled` int(11) DEFAULT '1',
  PRIMARY KEY (`id`),
  UNIQUE KEY `firstname` (`firstname`,`middlename`,`lastname`,`date_of_birth`),
  KEY `fk_user_id` (`fk_user_id`)
) ENGINE=InnoDB  DEFAULT CHARSET=utf8 AUTO_INCREMENT=4 ;

#
# Dumping data for table `profiles`
#

INSERT INTO `profiles` (`id`, `created_date_time`, `last_modified_date_time`, `fk_user_id`, `firstname`, `middlename`, `lastname`, `email`, `date_of_birth`, `gender`, `enabled`) VALUES
(1, '2017-01-22 22:16:12', '2017-01-22 22:16:12', 5, 'Gunnar', '', 'Ronneberg', 'gunnar_ronneberg@yahoo.no', '1966-04-11', 'M', 1),
(2, '2017-01-22 22:16:12', '2017-01-22 22:16:12', 6, 'Siri', 'Birgitte', 'Paulen', 'spaulen@ymail.com', '1966-05-19', 'F', 1),
(3, '2017-01-22 22:16:12', '2017-01-22 22:16:12', 4, 'Emilie', '', 'Paulen', '', '2002-01-22', 'F', 1);

# ############################

#
# Table structure for table `roles`
#

CREATE TABLE IF NOT EXISTS `roles` (
  `id` int(11) NOT NULL AUTO_INCREMENT,
  `created_date_time` timestamp NOT NULL DEFAULT CURRENT_TIMESTAMP,
  `last_modified_date_time` timestamp NOT NULL DEFAULT '0000-00-00 00:00:00',
  `name` varchar(24) DEFAULT NULL,
  PRIMARY KEY (`id`)
) ENGINE=InnoDB  DEFAULT CHARSET=utf8 AUTO_INCREMENT=5 ;

#
# Dumping data for table `roles`
#

INSERT INTO `roles` (`id`, `created_date_time`, `last_modified_date_time`, `name`) VALUES
(1, '2017-01-22 23:13:41', '2017-01-22 23:13:41', 'ROLE_ADMIN'),
(2, '2017-01-22 23:13:41', '2017-01-22 23:13:41', 'ROLE_USER'),
(3, '2017-01-22 23:13:41', '2017-01-22 23:13:41', 'ROLE_GUEST'),
(4, '2017-01-22 23:13:41', '2017-01-22 23:13:41', 'ROLE_ANONYMOUS');

# ############################

#
# Table structure for table `role_permission_lnk`
#

CREATE TABLE IF NOT EXISTS `role_permission_lnk` (
  `id` int(11) NOT NULL AUTO_INCREMENT,
  `created_date_time` timestamp NOT NULL DEFAULT CURRENT_TIMESTAMP,
  `last_modified_date_time` timestamp NOT NULL DEFAULT '0000-00-00 00:00:00',
  `fk_role_id` int(11) DEFAULT NULL,
  `fk_permission_id` int(11) DEFAULT NULL,
  PRIMARY KEY (`id`),
  KEY `fk_role_id` (`fk_role_id`),
  KEY `fk_permission_id` (`fk_permission_id`)
) ENGINE=InnoDB  DEFAULT CHARSET=utf8 AUTO_INCREMENT=12 ;

#
# Dumping data for table `role_permission_lnk`
#

INSERT INTO `role_permission_lnk` (`id`, `created_date_time`, `last_modified_date_time`, `fk_role_id`, `fk_permission_id`) VALUES
(1, '2017-04-10 06:50:24', '2017-04-10 06:50:24', 1, 1),
(2, '2017-04-10 06:50:24', '2017-04-10 06:50:24', 1, 2),
(3, '2017-04-10 06:50:24', '2017-04-10 06:50:24', 1, 4),
(4, '2017-04-10 06:50:24', '2017-04-10 06:50:24', 1, 5),
(5, '2017-04-10 06:50:24', '2017-04-10 06:50:24', 1, 6),
(6, '2017-04-10 06:50:24', '2017-04-10 06:50:24', 1, 7),
(7, '2017-04-10 06:50:24', '2017-04-10 06:50:24', 2, 1),
(8, '2017-04-10 06:50:24', '2017-04-10 06:50:24', 2, 2),
(9, '2017-04-10 06:50:24', '2017-04-10 06:50:24', 2, 4),
(10, '2017-04-10 06:50:24', '2017-04-10 06:50:24', 2, 5),
(11, '2017-04-10 06:50:24', '2017-04-10 06:50:24', 3, 1);

# ############################

#
# Table structure for table `UserConnection`
#

CREATE TABLE IF NOT EXISTS `UserConnection` (
  `userId` varchar(255) NOT NULL,
  `providerId` varchar(255) NOT NULL,
  `providerUserId` varchar(255) NOT NULL DEFAULT '',
  `rank` int(11) NOT NULL,
  `displayName` varchar(255) DEFAULT NULL,
  `profileUrl` varchar(512) DEFAULT NULL,
  `imageUrl` varchar(512) DEFAULT NULL,
  `accessToken` varchar(512) NOT NULL,
  `secret` varchar(512) DEFAULT NULL,
  `refreshToken` varchar(512) DEFAULT NULL,
  `expireTime` bigint(20) DEFAULT NULL,
  PRIMARY KEY (`userId`,`providerId`,`providerUserId`),
  UNIQUE KEY `UserConnectionRank` (`userId`,`providerId`,`rank`)
) ENGINE=InnoDB DEFAULT CHARSET=utf8;

# ############################

#
# Table structure for table `users`
#

CREATE TABLE IF NOT EXISTS `users` (
  `id` int(11) NOT NULL AUTO_INCREMENT,
  `created_date_time` timestamp NOT NULL DEFAULT CURRENT_TIMESTAMP,
  `last_modified_date_time` timestamp NOT NULL DEFAULT '1970-01-01 05:00:00',
  `username` varchar(100) DEFAULT NULL,
  `password` varchar(100) DEFAULT NULL,
  `email` varchar(200) DEFAULT NULL,
  `enabled` int(11) DEFAULT '1',
  PRIMARY KEY (`id`),
  UNIQUE KEY `username` (`username`)
) ENGINE=InnoDB  DEFAULT CHARSET=utf8 AUTO_INCREMENT=8 ;

#
# Dumping data for table `users`
#

INSERT INTO `users` (`id`, `created_date_time`, `last_modified_date_time`, `username`, `password`, `email`, `enabled`) VALUES
(1, '2016-08-11 20:48:40', '2016-08-11 20:48:40', 'admin', '$2a$13$GwPQNWAfenYSb06qxu/Nqevmwe31I4FJreraz34ScjbpAUBnO0S4y', 'gunnar_ronneberg@yahoo.no', 1),
(2, '2016-08-11 20:48:40', '2016-08-11 20:48:40', 'team', '$2a$13$8mkWNrSUAJ6fWJTaV3uvY.3jldSleStDGqf3ONsYwmVcGhlPdhuhK', 'gunnar.ronneberg@gmail.com', 0),
(3, '2016-08-11 20:48:40', '2016-08-11 20:48:40', 'guest', '$2a$13$g.kS1DuAeebMpouKuRTKZesauQlqQbcEgNSZqUvFkr21ubl3d26Qi', '', 1),
(4, '2016-08-11 20:48:40', '2016-08-11 20:48:40', 'pepilie', '$2a$12$Ljya1s3.uWu7svzYEgMT3OUpsMLSwYTgybCID.e/ViVc2x8XM038W', '', 1),
(5, '2016-08-11 20:48:40', '2016-08-11 20:48:40', 'pappa', '$2a$12$ZuV6/OziRcAHJtbqr0cvmOMkae.pgjbSfayFpL5WqkhfmIw.4F17m', '', 1),
(6, '2016-08-11 20:48:40', '2016-08-11 20:48:40', 'mamma', '$2a$12$P1tBOtsZNn7ghpLZRIY3Ae7FnIORN9gq.4BY/7vzes04usHVnPhMi', '', 1),
(7, '2016-10-23 08:39:09', '2016-10-23 08:39:09', 'bup', 'xx', 'uxbirm@ous-hf.no', 1);

# ############################

#
# Table structure for table `user_details_log`
#

CREATE TABLE IF NOT EXISTS `user_details_log` (
  `id` int(11) NOT NULL AUTO_INCREMENT,
  `created_date_time` timestamp NOT NULL DEFAULT CURRENT_TIMESTAMP,
  `last_modified_date_time` timestamp NOT NULL DEFAULT '0000-00-00 00:00:00',
  `last_logged_in_date_time` timestamp NOT NULL DEFAULT '0000-00-00 00:00:00',
  `last_logged_in_from_ip_address` varchar(50) DEFAULT NULL,
  `last_logged_in_from_device` varchar(200) DEFAULT NULL,
  `login_attempt_failures` int(11) DEFAULT '0',
  `login_attempt_success` int(11) DEFAULT '0',
  `fk_user_id` int(11) DEFAULT NULL,
  PRIMARY KEY (`id`),
  UNIQUE KEY `fk_user_id` (`fk_user_id`)
) ENGINE=InnoDB DEFAULT CHARSET=utf8 AUTO_INCREMENT=1 ;

# ############################

#
# Table structure for table `user_diet_menu_item_lnk`
#

CREATE TABLE IF NOT EXISTS `user_diet_menu_item_lnk` (
  `id` int(11) NOT NULL AUTO_INCREMENT,
  `created_date_time` timestamp NOT NULL DEFAULT CURRENT_TIMESTAMP,
  `last_modified_date_time` timestamp NOT NULL DEFAULT '1970-01-01 05:00:00',
  `fk_user_id` int(11) NOT NULL,
  `fk_diet_menu_item_id` int(11) NOT NULL,
  `fk_controlled_by_user_id` int(11) DEFAULT NULL,
  `fk_prepared_by_user_id` int(11) DEFAULT '0',
  `caused_conflict` int(11) DEFAULT '0',
  `fk_log_id` int(11) DEFAULT NULL,
  PRIMARY KEY (`id`),
  KEY `fk_user_id` (`fk_user_id`),
  KEY `fk_diet_menu_item_id` (`fk_diet_menu_item_id`),
  KEY `fk_controlled_by_user_id` (`fk_controlled_by_user_id`),
  KEY `fk_log_id` (`fk_log_id`)
) ENGINE=InnoDB  DEFAULT CHARSET=utf8 AUTO_INCREMENT=2349 ;

#
# Dumping data for table `user_diet_menu_item_lnk`
#

INSERT INTO `user_diet_menu_item_lnk` (`id`, `created_date_time`, `last_modified_date_time`, `fk_user_id`, `fk_diet_menu_item_id`, `fk_controlled_by_user_id`, `fk_prepared_by_user_id`, `caused_conflict`, `fk_log_id`) VALUES
(298, '2016-08-12 19:39:55', '1970-01-01 05:00:00', 5, 48, 5, 0, 0, NULL),
(299, '2016-08-12 19:40:07', '1970-01-01 05:00:00', 5, 30, 5, 0, 0, NULL),
(300, '2016-08-12 19:40:22', '1970-01-01 05:00:00', 5, 29, 5, 0, 0, NULL),
(301, '2016-08-12 04:00:00', '1970-01-01 05:00:00', 5, 51, 5, 0, 0, NULL),
(302, '2016-08-12 04:00:00', '1970-01-01 05:00:00', 5, 32, 5, 0, 0, NULL),
(303, '2016-08-13 21:21:25', '1970-01-01 05:00:00', 5, 27, 5, 0, 0, NULL),
(304, '2016-08-13 21:21:31', '1970-01-01 05:00:00', 5, 55, 5, 0, 0, NULL),
(305, '2016-08-13 21:21:43', '1970-01-01 05:00:00', 5, 45, 5, 0, 0, NULL),
(306, '2016-08-13 21:21:53', '1970-01-01 05:00:00', 5, 76, 5, 0, 0, NULL),
(307, '2016-08-13 21:22:09', '1970-01-01 05:00:00', 5, 72, 5, 0, 0, NULL),
(308, '2016-08-15 04:00:00', '1970-01-01 05:00:00', 5, 28, 5, 0, 0, NULL),
(310, '2016-08-14 04:00:00', '1970-01-01 05:00:00', 5, 54, 5, 0, 0, NULL),
(311, '2016-08-14 04:00:00', '1970-01-01 05:00:00', 5, 50, 5, 0, 0, NULL),
(313, '2016-08-14 04:00:00', '1970-01-01 05:00:00', 5, 55, 6, 0, 0, NULL),
(314, '2016-08-14 04:00:00', '1970-01-01 05:00:00', 5, 27, 5, 0, 0, NULL),
(315, '2016-08-14 04:00:00', '1970-01-01 05:00:00', 5, 33, 5, 0, 0, NULL),
(317, '2016-08-15 04:00:00', '1970-01-01 05:00:00', 5, 1, 5, 0, 0, NULL),
(318, '2016-08-15 04:00:00', '1970-01-01 05:00:00', 5, 61, 5, 0, 0, NULL),
(319, '2016-08-15 04:00:00', '1970-01-01 05:00:00', 5, 29, 5, 0, 0, NULL),
(320, '2016-08-15 04:00:00', '1970-01-01 05:00:00', 5, 54, 5, 0, 0, NULL),
(321, '2016-08-16 04:00:00', '1970-01-01 05:00:00', 5, 28, 5, 0, 0, NULL),
(322, '2016-08-16 04:00:00', '1970-01-01 05:00:00', 5, 55, 5, 0, 0, NULL),
(323, '2016-08-17 08:08:52', '1970-01-01 05:00:00', 6, 27, 6, 0, 0, NULL),
(324, '2016-08-16 04:00:00', '1970-01-01 05:00:00', 6, 72, 6, 0, 0, NULL),
(328, '2016-08-16 04:00:00', '1970-01-01 05:00:00', 6, 78, 6, 0, 0, NULL),
(329, '2016-08-16 04:00:00', '1970-01-01 05:00:00', 6, 50, 6, 0, 0, NULL),
(330, '2016-08-17 04:00:00', '1970-01-01 05:00:00', 6, 29, 6, 0, 0, NULL),
(331, '2016-08-17 04:00:00', '1970-01-01 05:00:00', 5, 1, 5, 0, 0, NULL),
(333, '2016-08-17 04:00:00', '1970-01-01 05:00:00', 5, 54, 5, 0, 0, NULL),
(334, '2016-08-18 04:00:00', '1970-01-01 05:00:00', 5, 74, 5, 0, 0, NULL),
(335, '2016-08-18 04:00:00', '1970-01-01 05:00:00', 5, 45, 5, 0, 0, NULL),
(336, '2016-08-18 04:00:00', '1970-01-01 05:00:00', 5, 29, 5, 0, 0, NULL),
(337, '2016-08-18 04:00:00', '1970-01-01 05:00:00', 5, 61, 5, 0, 0, NULL),
(338, '2016-08-18 04:00:00', '1970-01-01 05:00:00', 5, 51, 5, 0, 0, NULL),
(339, '2016-08-19 20:52:25', '1970-01-01 05:00:00', 5, 28, 5, 0, 0, NULL),
(341, '2016-08-19 20:52:50', '1970-01-01 05:00:00', 5, 33, 5, 0, 0, NULL),
(342, '2016-08-19 20:53:00', '1970-01-01 05:00:00', 5, 61, 5, 0, 0, NULL),
(343, '2016-08-19 20:53:18', '1970-01-01 05:00:00', 5, 52, 5, 0, 0, NULL),
(344, '2016-08-19 04:00:00', '1970-01-01 05:00:00', 5, 55, 4, 0, 0, NULL),
(345, '2016-08-20 08:12:46', '1970-01-01 05:00:00', 5, 77, 5, 0, 0, NULL),
(346, '2016-08-20 21:50:09', '1970-01-01 05:00:00', 5, 52, 5, 0, 0, NULL),
(347, '2016-08-20 04:00:00', '1970-01-01 05:00:00', 5, 29, 5, 0, 0, NULL),
(348, '2016-08-20 04:00:00', '1970-01-01 05:00:00', 5, 18, 6, 0, 0, NULL),
(349, '2016-08-20 04:00:00', '1970-01-01 05:00:00', 5, 61, 6, 0, 0, NULL),
(350, '2016-08-21 04:00:00', '1970-01-01 05:00:00', 5, 27, 5, 0, 0, NULL),
(351, '2016-08-21 04:00:00', '1970-01-01 05:00:00', 5, 29, 6, 0, 0, NULL),
(352, '2016-08-21 04:00:00', '1970-01-01 05:00:00', 5, 48, 5, 0, 0, NULL),
(354, '2016-08-21 04:00:00', '1970-01-01 05:00:00', 5, 60, 6, 0, 0, NULL),
(355, '2016-08-21 04:00:00', '1970-01-01 05:00:00', 5, 52, 5, 0, 0, NULL),
(356, '2016-08-22 20:20:49', '1970-01-01 05:00:00', 5, 32, 5, 0, 0, NULL),
(359, '2016-08-22 20:22:07', '1970-01-01 05:00:00', 5, 51, 5, 0, 0, NULL),
(361, '2016-08-22 04:00:00', '1970-01-01 05:00:00', 5, 29, 4, 0, 0, NULL),
(362, '2016-08-22 04:00:00', '1970-01-01 05:00:00', 5, 45, 6, 0, 0, NULL),
(363, '2016-08-22 04:00:00', '1970-01-01 05:00:00', 5, 73, 6, 0, 0, NULL),
(364, '2016-08-22 04:00:00', '1970-01-01 05:00:00', 5, 62, 6, 0, 0, NULL),
(365, '2016-08-21 04:00:00', '1970-01-01 05:00:00', 5, 61, 5, 0, 0, NULL),
(366, '2016-08-17 04:00:00', '1970-01-01 05:00:00', 5, 30, 5, 0, 0, NULL),
(367, '2016-08-23 06:04:30', '1970-01-01 05:00:00', 5, 28, 5, 0, 0, NULL),
(368, '2016-08-23 04:00:00', '1970-01-01 05:00:00', 5, 29, 4, 0, 0, NULL),
(369, '2016-08-23 04:00:00', '1970-01-01 05:00:00', 5, 1, 5, 0, 1, NULL),
(370, '2016-08-23 04:00:00', '1970-01-01 05:00:00', 5, 65, 5, 0, 0, NULL),
(371, '2016-08-24 16:04:17', '1970-01-01 05:00:00', 5, 74, 5, 0, 0, NULL),
(372, '2016-08-24 16:04:38', '1970-01-01 05:00:00', 5, 4, 5, 0, 0, NULL),
(373, '2016-08-24 04:00:00', '1970-01-01 05:00:00', 5, 29, 4, 0, 0, NULL),
(374, '2016-08-24 04:00:00', '1970-01-01 05:00:00', 5, 70, 5, 0, 0, NULL),
(375, '2016-08-24 04:00:00', '1970-01-01 05:00:00', 5, 30, 5, 0, 0, NULL),
(376, '2016-08-24 04:00:00', '1970-01-01 05:00:00', 5, 79, 4, 0, 0, NULL),
(377, '2016-08-25 04:00:00', '1970-01-01 05:00:00', 5, 27, 4, 0, 0, NULL),
(378, '2016-08-25 04:00:00', '1970-01-01 05:00:00', 5, 29, 4, 0, 0, NULL),
(379, '2016-08-25 04:00:00', '1970-01-01 05:00:00', 5, 53, 6, 0, 0, NULL),
(380, '2016-08-25 04:00:00', '1970-01-01 05:00:00', 5, 61, 6, 0, 0, NULL),
(381, '2016-08-25 04:00:00', '1970-01-01 05:00:00', 5, 52, 5, 0, 0, NULL),
(382, '2016-08-26 04:00:00', '1970-01-01 05:00:00', 5, 49, 5, 0, 0, NULL),
(385, '2016-08-26 04:00:00', '1970-01-01 05:00:00', 5, 29, 4, 0, 0, NULL),
(386, '2016-08-26 04:00:00', '1970-01-01 05:00:00', 5, 79, 4, 0, 0, NULL),
(387, '2016-08-26 04:00:00', '1970-01-01 05:00:00', 5, 51, 5, 0, 0, NULL),
(388, '2016-08-26 04:00:00', '1970-01-01 05:00:00', 5, 77, 5, 0, 0, NULL),
(389, '2016-08-27 04:00:00', '1970-01-01 05:00:00', 5, 66, 5, 0, 0, NULL),
(390, '2016-08-27 04:00:00', '1970-01-01 05:00:00', 5, 29, 5, 0, 0, NULL),
(392, '2016-08-27 04:00:00', '1970-01-01 05:00:00', 5, 31, 6, 0, 0, NULL),
(393, '2016-08-27 04:00:00', '1970-01-01 05:00:00', 5, 61, 6, 0, 0, NULL),
(394, '2016-08-27 04:00:00', '1970-01-01 05:00:00', 5, 79, 4, 0, 0, NULL),
(395, '2016-08-27 04:00:00', '1970-01-01 05:00:00', 5, 54, 5, 0, 0, NULL),
(396, '2016-08-28 04:00:00', '1970-01-01 05:00:00', 5, 66, 5, 0, 0, NULL),
(397, '2016-08-28 04:00:00', '1970-01-01 05:00:00', 5, 29, 5, 0, 0, NULL),
(398, '2016-08-28 04:00:00', '1970-01-01 05:00:00', 5, 5, 5, 0, 0, NULL),
(399, '2016-08-28 04:00:00', '1970-01-01 05:00:00', 5, 52, 5, 0, 0, NULL),
(400, '2016-08-29 04:00:00', '1970-01-01 05:00:00', 5, 28, 5, 0, 0, NULL),
(403, '2016-08-29 04:00:00', '1970-01-01 05:00:00', 5, 29, 4, 0, 0, NULL),
(404, '2016-08-29 04:00:00', '1970-01-01 05:00:00', 5, 2, 6, 0, 0, NULL),
(405, '2016-08-29 04:00:00', '1970-01-01 05:00:00', 5, 50, 6, 0, 0, NULL),
(406, '2016-08-30 04:00:00', '1970-01-01 05:00:00', 5, 32, 5, 0, 0, NULL),
(407, '2016-08-31 04:00:00', '1970-01-01 05:00:00', 5, 29, 4, 0, 0, NULL),
(408, '2016-08-30 04:00:00', '1970-01-01 05:00:00', 5, 29, 4, 0, 0, NULL),
(409, '2016-08-30 04:00:00', '1970-01-01 05:00:00', 5, 1, 5, 0, 0, NULL),
(410, '2016-08-30 04:00:00', '1970-01-01 05:00:00', 5, 79, 4, 0, 0, NULL),
(412, '2016-08-30 04:00:00', '1970-01-01 05:00:00', 5, 61, 5, 0, 0, NULL),
(413, '2016-08-30 04:00:00', '1970-01-01 05:00:00', 5, 65, 5, 0, 0, NULL),
(415, '2016-08-31 04:00:00', '1970-01-01 05:00:00', 5, 27, 5, 0, 0, NULL),
(416, '2016-08-31 04:00:00', '1970-01-01 05:00:00', 5, 79, 4, 0, 0, NULL),
(417, '2016-08-31 04:00:00', '1970-01-01 05:00:00', 5, 4, 5, 0, 0, NULL),
(418, '2016-08-31 04:00:00', '1970-01-01 05:00:00', 5, 30, 5, 0, 0, NULL),
(419, '2016-08-31 04:00:00', '1970-01-01 05:00:00', 5, 52, 5, 0, 0, NULL),
(420, '2016-09-01 04:00:00', '1970-01-01 05:00:00', 5, 74, 5, 0, 0, NULL),
(422, '2016-09-01 04:00:00', '1970-01-01 05:00:00', 5, 29, 4, 0, 0, NULL),
(423, '2016-09-01 16:38:32', '1970-01-01 05:00:00', 6, 1, 6, 0, 0, NULL),
(424, '2016-09-01 16:39:32', '1970-01-01 05:00:00', 6, 79, 6, 0, 0, NULL),
(425, '2016-09-01 04:00:00', '1970-01-01 05:00:00', 5, 51, 5, 0, 0, NULL),
(426, '2016-09-01 04:00:00', '1970-01-01 05:00:00', 5, 61, 6, 0, 0, NULL),
(428, '2016-09-03 04:00:00', '1970-01-01 05:00:00', 5, 77, 5, 0, 0, NULL),
(429, '2016-09-02 04:00:00', '1970-01-01 05:00:00', 5, 28, 5, 0, 0, NULL),
(432, '2016-09-02 04:00:00', '1970-01-01 05:00:00', 5, 54, 5, 0, 0, NULL),
(433, '2016-09-03 04:00:00', '1970-01-01 05:00:00', 5, 29, 5, 0, 0, NULL),
(434, '2016-09-02 04:00:00', '1970-01-01 05:00:00', 5, 29, 4, 0, 0, NULL),
(436, '2016-09-03 18:14:33', '1970-01-01 05:00:00', 6, 61, 6, 0, 0, NULL),
(438, '2016-09-02 04:00:00', '1970-01-01 05:00:00', 5, 45, 6, 0, 0, NULL),
(439, '2016-09-04 04:00:00', '1970-01-01 05:00:00', 5, 77, 5, 0, 0, NULL),
(440, '2016-09-04 15:34:41', '1970-01-01 05:00:00', 6, 55, 6, 0, 0, NULL),
(441, '2016-09-03 04:00:00', '1970-01-01 05:00:00', 5, 80, 5, 0, 0, NULL),
(442, '2016-09-05 16:53:04', '1970-01-01 05:00:00', 6, 48, 6, 0, 0, NULL),
(443, '2016-09-05 04:00:00', '1970-01-01 05:00:00', 5, 61, 6, 0, 0, NULL),
(444, '2016-09-05 04:00:00', '1970-01-01 05:00:00', 5, 32, 5, 0, 0, NULL),
(446, '2016-09-05 04:00:00', '1970-01-01 05:00:00', 5, 51, 5, 0, 0, NULL),
(448, '2016-09-04 04:00:00', '1970-01-01 05:00:00', 5, 1, 5, 0, 0, NULL),
(449, '2016-09-04 04:00:00', '1970-01-01 05:00:00', 5, 72, 5, 0, 0, NULL),
(450, '2016-09-05 04:00:00', '1970-01-01 05:00:00', 5, 29, 4, 0, 0, NULL),
(451, '2016-09-06 19:55:11', '1970-01-01 05:00:00', 5, 45, 5, 0, 0, NULL),
(452, '2016-09-06 19:55:20', '1970-01-01 05:00:00', 5, 61, 5, 0, 0, NULL),
(453, '2016-09-06 19:55:31', '1970-01-01 05:00:00', 5, 72, 5, 0, 0, NULL),
(454, '2016-09-06 19:55:38', '1970-01-01 05:00:00', 5, 27, 5, 0, 0, NULL),
(455, '2016-09-06 04:00:00', '1970-01-01 05:00:00', 5, 29, 4, 0, 0, NULL),
(456, '2016-09-07 04:00:00', '1970-01-01 05:00:00', 5, 29, 4, 0, 0, NULL),
(457, '2016-09-07 04:00:00', '1970-01-01 05:00:00', 5, 4, 5, 0, 0, NULL),
(458, '2016-09-07 04:00:00', '1970-01-01 05:00:00', 5, 30, 5, 0, 0, NULL),
(459, '2016-09-07 04:00:00', '1970-01-01 05:00:00', 5, 52, 5, 0, 0, NULL),
(460, '2016-09-07 04:00:00', '1970-01-01 05:00:00', 5, 32, 5, 0, 0, NULL),
(461, '2016-09-08 04:00:00', '1970-01-01 05:00:00', 5, 29, 4, 0, 0, NULL),
(462, '2016-09-08 04:00:00', '1970-01-01 05:00:00', 5, 77, 5, 0, 0, NULL),
(463, '2016-09-08 17:14:30', '1970-01-01 05:00:00', 6, 2, 6, 0, 0, NULL),
(464, '2016-09-09 04:00:00', '1970-01-01 05:00:00', 5, 28, 5, 0, 0, NULL),
(465, '2016-09-09 04:00:00', '1970-01-01 05:00:00', 5, 55, 4, 0, 0, NULL),
(466, '2016-09-09 04:00:00', '1970-01-01 05:00:00', 5, 1, 5, 0, 0, NULL),
(467, '2016-09-09 04:00:00', '1970-01-01 05:00:00', 5, 30, 5, 0, 0, NULL),
(468, '2016-09-09 04:00:00', '1970-01-01 05:00:00', 5, 52, 5, 0, 0, NULL),
(469, '2016-09-08 04:00:00', '1970-01-01 05:00:00', 5, 80, 5, 0, 0, NULL),
(470, '2016-09-10 04:00:00', '1970-01-01 05:00:00', 5, 66, 5, 0, 0, NULL),
(471, '2016-09-10 04:00:00', '1970-01-01 05:00:00', 5, 2, 5, 0, 0, NULL),
(472, '2016-09-10 04:00:00', '1970-01-01 05:00:00', 5, 61, 5, 0, 0, NULL),
(473, '2016-09-10 04:00:00', '1970-01-01 05:00:00', 5, 54, 5, 0, 0, NULL),
(474, '2016-09-10 04:00:00', '1970-01-01 05:00:00', 5, 29, 5, 0, 0, NULL),
(475, '2016-09-11 16:02:10', '1970-01-01 05:00:00', 6, 29, 6, 0, 0, NULL),
(476, '2016-09-11 04:00:00', '1970-01-01 05:00:00', 5, 33, 5, 0, 0, NULL),
(477, '2016-09-11 04:00:00', '1970-01-01 05:00:00', 5, 47, 5, 0, 0, NULL),
(478, '2016-09-11 04:00:00', '1970-01-01 05:00:00', 5, 32, 5, 0, 0, NULL),
(479, '2016-09-11 04:00:00', '1970-01-01 05:00:00', 5, 65, 5, 0, 0, NULL),
(484, '2016-09-12 15:57:51', '1970-01-01 05:00:00', 6, 53, 6, 0, 0, NULL),
(485, '2016-09-12 04:00:00', '1970-01-01 05:00:00', 5, 27, 5, 0, 0, NULL),
(486, '2016-09-12 04:00:00', '1970-01-01 05:00:00', 5, 29, 4, 0, 0, NULL),
(487, '2016-09-12 04:00:00', '1970-01-01 05:00:00', 5, 52, 5, 0, 0, NULL),
(488, '2016-09-13 04:00:00', '1970-01-01 05:00:00', 5, 29, 4, 0, 0, NULL),
(489, '2016-09-13 04:00:00', '1970-01-01 05:00:00', 5, 4, 4, 0, 0, NULL),
(490, '2016-09-13 04:00:00', '1970-01-01 05:00:00', 5, 52, 5, 0, 0, NULL),
(492, '2016-09-14 04:00:00', '1970-01-01 05:00:00', 5, 28, 5, 0, 0, NULL),
(493, '2016-09-14 04:00:00', '1970-01-01 05:00:00', 5, 29, 4, 0, 0, NULL),
(495, '2016-09-13 04:00:00', '1970-01-01 05:00:00', 5, 32, 4, 0, 0, NULL),
(496, '2016-09-13 04:00:00', '1970-01-01 05:00:00', 5, 30, 4, 0, 0, NULL),
(497, '2016-09-14 04:00:00', '1970-01-01 05:00:00', 5, 1, 5, 0, 0, NULL),
(498, '2016-09-14 04:00:00', '1970-01-01 05:00:00', 5, 72, 5, 0, 0, NULL),
(499, '2016-09-15 16:08:07', '1970-01-01 05:00:00', 6, 45, 6, 0, 0, NULL),
(500, '2016-09-15 04:00:00', '1970-01-01 05:00:00', 5, 74, 5, 0, 0, NULL),
(501, '2016-09-16 04:00:00', '1970-01-01 05:00:00', 5, 66, 5, 0, 0, NULL),
(502, '2016-09-15 04:00:00', '1970-01-01 05:00:00', 5, 29, 4, 0, 0, NULL),
(503, '2016-09-15 04:00:00', '1970-01-01 05:00:00', 5, 61, 6, 0, 0, NULL),
(504, '2016-09-15 04:00:00', '1970-01-01 05:00:00', 5, 51, 5, 0, 0, NULL),
(505, '2016-09-16 04:00:00', '1970-01-01 05:00:00', 5, 52, 5, 0, 0, NULL),
(507, '2016-09-16 04:00:00', '1970-01-01 05:00:00', 5, 83, 4, 0, 0, NULL),
(508, '2016-09-16 04:00:00', '1970-01-01 05:00:00', 5, 30, 5, 0, 0, NULL),
(509, '2016-09-16 21:38:27', '1970-01-01 05:00:00', 5, 84, 5, 0, 0, NULL),
(510, '2016-09-16 21:38:41', '1970-01-01 05:00:00', 5, 79, 5, 0, 0, NULL),
(511, '2016-09-17 04:00:00', '1970-01-01 05:00:00', 5, 27, 5, 0, 0, NULL),
(514, '2016-09-17 18:21:39', '1970-01-01 05:00:00', 6, 78, 6, 0, 0, NULL),
(515, '2016-09-17 04:00:00', '1970-01-01 05:00:00', 5, 61, 6, 0, 0, NULL),
(516, '2016-09-17 04:00:00', '1970-01-01 05:00:00', 5, 29, 4, 0, 0, NULL),
(517, '2016-09-18 04:00:00', '1970-01-01 05:00:00', 5, 75, 5, 0, 0, NULL),
(518, '2016-09-18 04:00:00', '1970-01-01 05:00:00', 5, 29, 5, 0, 0, NULL),
(519, '2016-09-18 04:00:00', '1970-01-01 05:00:00', 5, 1, 5, 0, 0, NULL),
(520, '2016-09-17 04:00:00', '1970-01-01 05:00:00', 5, 52, 5, 0, 0, NULL),
(521, '2016-09-18 04:00:00', '1970-01-01 05:00:00', 5, 39, 5, 0, 0, NULL),
(522, '2016-09-18 04:00:00', '1970-01-01 05:00:00', 5, 52, 5, 0, 0, NULL),
(523, '2016-09-19 04:00:00', '1970-01-01 05:00:00', 5, 28, 5, 0, 0, NULL),
(524, '2016-09-19 04:00:00', '1970-01-01 05:00:00', 5, 29, 4, 0, 0, NULL),
(525, '2016-09-19 04:00:00', '1970-01-01 05:00:00', 5, 51, 5, 0, 0, NULL),
(526, '2016-09-20 04:00:00', '1970-01-01 05:00:00', 5, 74, 5, 0, 0, NULL),
(527, '2016-09-20 04:00:00', '1970-01-01 05:00:00', 5, 29, 4, 0, 0, NULL),
(528, '2016-09-19 04:00:00', '1970-01-01 05:00:00', 5, 2, 6, 0, 0, NULL),
(529, '2016-09-19 04:00:00', '1970-01-01 05:00:00', 5, 61, 6, 0, 0, NULL),
(530, '2016-09-20 04:00:00', '1970-01-01 05:00:00', 5, 4, 5, 0, 0, NULL),
(531, '2016-09-20 04:00:00', '1970-01-01 05:00:00', 5, 65, 5, 0, 0, NULL),
(533, '2016-09-22 18:32:09', '1970-01-01 05:00:00', 6, 18, 6, 0, 0, NULL),
(535, '2016-09-22 04:00:00', '1970-01-01 05:00:00', 5, 27, 5, 0, 0, NULL),
(537, '2016-09-22 04:00:00', '1970-01-01 05:00:00', 5, 29, 4, 0, 0, NULL),
(538, '2016-09-22 04:00:00', '1970-01-01 05:00:00', 5, 61, 6, 0, 0, NULL),
(539, '2016-09-22 04:00:00', '1970-01-01 05:00:00', 5, 80, 5, 0, 0, NULL),
(540, '2016-09-23 04:00:00', '1970-01-01 05:00:00', 5, 55, 4, 0, 0, NULL),
(541, '2016-09-23 04:00:00', '1970-01-01 05:00:00', 5, 84, 5, 0, 0, NULL),
(542, '2016-09-23 04:00:00', '1970-01-01 05:00:00', 5, 76, 5, 0, 0, NULL),
(543, '2016-09-23 04:00:00', '1970-01-01 05:00:00', 5, 27, 5, 0, 0, NULL),
(544, '2016-09-24 04:00:00', '1970-01-01 05:00:00', 5, 86, 5, 0, 0, NULL),
(546, '2016-09-23 04:00:00', '1970-01-01 05:00:00', 5, 87, 5, 0, 0, NULL),
(548, '2016-09-24 04:00:00', '1970-01-01 05:00:00', 5, 45, 5, 0, 0, NULL),
(549, '2016-09-24 04:00:00', '1970-01-01 05:00:00', 5, 72, 5, 0, 0, NULL),
(550, '2016-09-24 04:00:00', '1970-01-01 05:00:00', 5, 88, 5, 0, 0, NULL),
(551, '2016-09-24 04:00:00', '1970-01-01 05:00:00', 5, 29, 5, 0, 0, NULL),
(552, '2016-09-25 04:00:00', '1970-01-01 05:00:00', 5, 55, 6, 0, 0, NULL),
(553, '2016-09-25 04:00:00', '1970-01-01 05:00:00', 5, 52, 5, 0, 0, NULL),
(554, '2016-09-25 04:00:00', '1970-01-01 05:00:00', 5, 49, 5, 0, 0, NULL),
(555, '2016-09-25 04:00:00', '1970-01-01 05:00:00', 5, 88, 5, 0, 0, NULL),
(556, '2016-09-25 21:06:13', '1970-01-01 05:00:00', 5, 77, 5, 0, 0, NULL),
(557, '2016-09-26 04:00:00', '1970-01-01 05:00:00', 5, 32, 5, 0, 0, NULL),
(558, '2016-09-26 04:00:00', '1970-01-01 05:00:00', 5, 29, 4, 0, 0, NULL),
(559, '2016-09-26 18:17:46', '1970-01-01 05:00:00', 6, 78, 6, 0, 0, NULL),
(560, '2016-09-26 04:00:00', '1970-01-01 05:00:00', 5, 52, 5, 0, 0, NULL),
(562, '2016-09-26 04:00:00', '1970-01-01 05:00:00', 5, 79, 4, 0, 0, NULL),
(563, '2016-09-26 04:00:00', '1970-01-01 05:00:00', 5, 61, 6, 0, 0, NULL),
(564, '2016-09-27 04:00:00', '1970-01-01 05:00:00', 5, 28, 5, 0, 0, NULL),
(565, '2016-09-27 04:00:00', '1970-01-01 05:00:00', 5, 29, 4, 0, 0, NULL),
(566, '2016-09-27 04:00:00', '1970-01-01 05:00:00', 5, 79, 4, 0, 0, NULL),
(567, '2016-09-27 04:00:00', '1970-01-01 05:00:00', 5, 89, 5, 0, 0, NULL),
(568, '2016-09-27 04:00:00', '1970-01-01 05:00:00', 5, 47, 5, 0, 0, NULL),
(569, '2016-09-27 20:04:50', '1970-01-01 05:00:00', 5, 87, 5, 0, 0, NULL),
(570, '2016-09-28 04:00:00', '1970-01-01 05:00:00', 5, 64, 5, 0, 0, NULL),
(571, '2016-09-28 04:00:00', '1970-01-01 05:00:00', 5, 29, 4, 0, 0, NULL),
(572, '2016-09-28 04:00:00', '1970-01-01 05:00:00', 5, 4, 5, 0, 0, NULL),
(573, '2016-09-28 04:00:00', '1970-01-01 05:00:00', 5, 88, 5, 0, 0, NULL),
(575, '2016-09-29 04:00:00', '1970-01-01 05:00:00', 5, 75, 4, 0, 0, NULL),
(576, '2016-09-29 04:00:00', '1970-01-01 05:00:00', 5, 45, 6, 0, 0, NULL),
(577, '2016-09-29 04:00:00', '1970-01-01 05:00:00', 5, 61, 5, 0, 0, NULL),
(578, '2016-09-29 04:00:00', '1970-01-01 05:00:00', 5, 51, 5, 0, 0, NULL),
(579, '2016-09-30 04:00:00', '1970-01-01 05:00:00', 5, 32, 5, 0, 0, NULL),
(580, '2016-09-30 04:00:00', '1970-01-01 05:00:00', 5, 29, 4, 0, 0, NULL),
(581, '2016-09-30 04:00:00', '1970-01-01 05:00:00', 5, 1, 5, 0, 0, NULL),
(582, '2016-09-30 04:00:00', '1970-01-01 05:00:00', 5, 76, 5, 0, 0, NULL),
(584, '2016-10-01 17:59:27', '1970-01-01 05:00:00', 6, 18, 6, 0, 0, NULL),
(585, '2016-10-01 18:18:30', '1970-01-01 05:00:00', 6, 61, 6, 0, 0, NULL),
(586, '2016-10-01 04:00:00', '1970-01-01 05:00:00', 5, 55, 4, 0, 0, NULL),
(587, '2016-10-02 04:00:00', '1970-01-01 05:00:00', 5, 32, 5, 0, 0, NULL),
(588, '2016-10-01 04:00:00', '1970-01-01 05:00:00', 5, 80, 5, 0, 0, NULL),
(589, '2016-10-01 04:00:00', '1970-01-01 05:00:00', 5, 66, 5, 0, 0, NULL),
(591, '2016-09-30 04:00:00', '1970-01-01 05:00:00', 5, 52, 5, 0, 0, NULL),
(592, '2016-10-02 18:13:47', '1970-01-01 05:00:00', 6, 45, 6, 0, 0, NULL),
(593, '2016-10-02 20:26:36', '1970-01-01 05:00:00', 6, 72, 6, 0, 0, NULL),
(594, '2016-10-03 18:52:58', '1970-01-01 05:00:00', 6, 86, 6, 0, 0, NULL),
(595, '2016-10-03 18:53:15', '1970-01-01 05:00:00', 6, 55, 6, 0, 0, NULL),
(596, '2016-10-03 18:54:20', '1970-01-01 05:00:00', 6, 1, 6, 0, 0, NULL),
(599, '2016-10-04 12:24:01', '1970-01-01 05:00:00', 6, 74, 6, 0, 0, NULL),
(600, '2016-10-04 12:24:16', '1970-01-01 05:00:00', 6, 29, 6, 0, 0, NULL),
(601, '2016-10-03 04:00:00', '1970-01-01 05:00:00', 5, 52, 6, 0, 0, NULL),
(603, '2016-10-05 04:00:00', '1970-01-01 05:00:00', 5, 53, 5, 0, 0, NULL),
(609, '2016-10-02 04:00:00', '1970-01-01 05:00:00', 5, 55, 5, 0, 0, NULL),
(610, '2016-10-06 04:00:00', '1970-01-01 05:00:00', 5, 66, 5, 0, 0, NULL),
(611, '2016-10-06 04:00:00', '1970-01-01 05:00:00', 5, 29, 5, 0, 0, NULL),
(612, '2016-10-06 04:00:00', '1970-01-01 05:00:00', 5, 49, 5, 0, 0, NULL),
(613, '2016-10-06 04:00:00', '1970-01-01 05:00:00', 5, 61, 5, 0, 0, NULL),
(615, '2016-10-06 04:00:00', '1970-01-01 05:00:00', 5, 80, 5, 0, 0, NULL),
(616, '2016-10-06 04:00:00', '1970-01-01 05:00:00', 5, 79, 5, 0, 0, NULL),
(617, '2016-10-05 04:00:00', '1970-01-01 05:00:00', 5, 28, 6, 0, 0, NULL),
(618, '2016-10-05 04:00:00', '1970-01-01 05:00:00', 5, 29, 6, 0, 0, NULL),
(620, '2016-10-04 04:00:00', '1970-01-01 05:00:00', 5, 4, 6, 0, 0, NULL),
(621, '2016-10-04 04:00:00', '1970-01-01 05:00:00', 5, 88, 6, 0, 0, NULL),
(623, '2016-10-04 04:00:00', '1970-01-01 05:00:00', 5, 52, 6, 0, 0, NULL),
(624, '2016-10-04 04:00:00', '1970-01-01 05:00:00', 5, 79, 6, 0, 0, NULL),
(625, '2016-10-03 04:00:00', '1970-01-01 05:00:00', 5, 79, 6, 0, 0, NULL),
(626, '2016-10-05 04:00:00', '1970-01-01 05:00:00', 5, 65, 5, 0, 0, NULL),
(627, '2016-10-07 21:59:25', '1970-01-01 05:00:00', 5, 29, 5, 0, 0, NULL),
(628, '2016-10-07 21:59:57', '1970-01-01 05:00:00', 5, 32, 5, 0, 0, NULL),
(629, '2016-10-07 22:00:50', '1970-01-01 05:00:00', 5, 45, 5, 0, 0, NULL),
(630, '2016-10-07 22:01:10', '1970-01-01 05:00:00', 5, 50, 5, 0, 0, NULL),
(631, '2016-10-07 22:01:22', '1970-01-01 05:00:00', 5, 87, 5, 0, 0, NULL),
(632, '2016-10-07 22:01:29', '1970-01-01 05:00:00', 5, 79, 5, 0, 0, NULL),
(639, '2016-10-08 04:00:00', '1970-01-01 05:00:00', 5, 61, 5, 0, 0, NULL),
(640, '2016-10-08 04:00:00', '1970-01-01 05:00:00', 5, 52, 5, 0, 0, NULL),
(641, '2016-10-08 04:00:00', '1970-01-01 05:00:00', 5, 48, 5, 0, 0, NULL),
(642, '2016-10-08 04:00:00', '1970-01-01 05:00:00', 5, 86, 5, 0, 0, NULL),
(643, '2016-10-08 04:00:00', '1970-01-01 05:00:00', 5, 29, 5, 0, 0, NULL),
(645, '2016-10-08 04:00:00', '1970-01-01 05:00:00', 5, 79, 5, 0, 0, NULL),
(646, '2016-10-09 09:16:27', '1970-01-01 05:00:00', 5, 86, 5, 0, 0, NULL),
(647, '2016-10-09 04:00:00', '1970-01-01 05:00:00', 5, 29, 5, 0, 0, NULL),
(648, '2016-10-09 20:02:48', '1970-01-01 05:00:00', 5, 33, 5, 0, 0, NULL),
(649, '2016-10-09 20:03:05', '1970-01-01 05:00:00', 5, 65, 5, 0, 0, NULL),
(650, '2016-10-10 08:48:35', '1970-01-01 05:00:00', 5, 27, 5, 0, 0, NULL),
(652, '2016-10-10 04:00:00', '1970-01-01 05:00:00', 5, 29, 4, 0, 0, NULL),
(653, '2016-10-10 20:08:16', '1970-01-01 05:00:00', 6, 18, 6, 0, 0, NULL),
(654, '2016-10-10 04:00:00', '1970-01-01 05:00:00', 5, 52, 5, 0, 0, NULL),
(655, '2016-10-10 04:00:00', '1970-01-01 05:00:00', 5, 61, 6, 0, 0, NULL),
(656, '2016-10-10 04:00:00', '1970-01-01 05:00:00', 5, 79, 4, 0, 0, NULL),
(657, '2016-10-12 16:44:17', '1970-01-01 05:00:00', 5, 28, 5, 0, 0, NULL),
(658, '2016-10-12 04:00:00', '1970-01-01 05:00:00', 5, 29, 4, 0, 0, NULL),
(659, '2016-10-12 04:00:00', '1970-01-01 05:00:00', 5, 1, 4, 0, 0, NULL),
(660, '2016-10-12 04:00:00', '1970-01-01 05:00:00', 5, 61, 5, 0, 0, NULL),
(661, '2016-10-12 04:00:00', '1970-01-01 05:00:00', 5, 52, 5, 0, 0, NULL),
(662, '2016-10-13 04:00:00', '1970-01-01 05:00:00', 5, 64, 4, 0, 0, NULL),
(663, '2016-10-13 04:00:00', '1970-01-01 05:00:00', 5, 29, 4, 0, 0, NULL),
(664, '2016-10-13 17:04:26', '1970-01-01 05:00:00', 6, 71, 6, 0, 0, NULL),
(665, '2016-10-13 17:04:42', '1970-01-01 05:00:00', 6, 50, 6, 0, 0, NULL),
(666, '2016-10-13 04:00:00', '1970-01-01 05:00:00', 5, 51, 5, 0, 0, NULL),
(667, '2016-10-13 04:00:00', '1970-01-01 05:00:00', 5, 79, 5, 0, 0, NULL),
(668, '2016-10-14 20:02:01', '1970-01-01 05:00:00', 5, 32, 5, 0, 0, NULL),
(669, '2016-10-14 20:02:32', '1970-01-01 05:00:00', 5, 1, 5, 0, 0, NULL),
(670, '2016-10-14 20:02:39', '1970-01-01 05:00:00', 5, 61, 5, 0, 0, NULL),
(671, '2016-10-14 20:03:05', '1970-01-01 05:00:00', 5, 72, 5, 0, 0, NULL),
(672, '2016-10-14 20:03:17', '1970-01-01 05:00:00', 5, 79, 5, 0, 0, NULL),
(673, '2016-10-14 04:00:00', '1970-01-01 05:00:00', 5, 29, 4, 0, 0, NULL),
(674, '2016-10-15 17:58:49', '1970-01-01 05:00:00', 5, 66, 5, 0, 0, NULL),
(675, '2016-10-15 17:58:58', '1970-01-01 05:00:00', 5, 55, 5, 0, 0, NULL),
(676, '2016-10-17 06:06:27', '1970-01-01 05:00:00', 5, 27, 5, 0, 0, NULL),
(677, '2016-10-17 04:00:00', '1970-01-01 05:00:00', 5, 29, 4, 0, 0, NULL),
(678, '2016-10-16 04:00:00', '1970-01-01 05:00:00', 5, 89, 5, 0, 0, NULL),
(679, '2016-10-16 04:00:00', '1970-01-01 05:00:00', 5, 30, 5, 0, 0, NULL),
(681, '2016-10-15 04:00:00', '1970-01-01 05:00:00', 5, 78, 6, 0, 0, NULL),
(682, '2016-10-15 04:00:00', '1970-01-01 05:00:00', 5, 61, 6, 0, 0, NULL),
(683, '2016-10-15 04:00:00', '1970-01-01 05:00:00', 5, 52, 5, 0, 0, NULL),
(684, '2016-10-16 04:00:00', '1970-01-01 05:00:00', 5, 32, 5, 0, 0, NULL),
(685, '2016-10-16 04:00:00', '1970-01-01 05:00:00', 5, 29, 5, 0, 0, NULL),
(686, '2016-10-16 04:00:00', '1970-01-01 05:00:00', 5, 52, 5, 0, 0, NULL),
(687, '2016-10-17 15:53:28', '1970-01-01 05:00:00', 6, 3, 6, 0, 0, NULL),
(688, '2016-10-17 15:53:40', '1970-01-01 05:00:00', 6, 61, 6, 0, 0, NULL),
(689, '2016-10-17 04:00:00', '1970-01-01 05:00:00', 5, 51, 5, 0, 0, NULL),
(690, '2016-10-18 18:24:05', '1970-01-01 05:00:00', 5, 74, 5, 0, 0, NULL),
(691, '2016-10-18 18:24:19', '1970-01-01 05:00:00', 5, 49, 5, 0, 0, NULL),
(692, '2016-10-18 04:00:00', '1970-01-01 05:00:00', 5, 29, 4, 0, 0, NULL),
(693, '2016-10-19 05:44:24', '1970-01-01 05:00:00', 5, 32, 5, 0, 0, NULL),
(694, '2016-10-18 04:00:00', '1970-01-01 05:00:00', 5, 87, 5, 0, 0, NULL),
(695, '2016-10-18 04:00:00', '1970-01-01 05:00:00', 5, 61, 5, 0, 0, NULL),
(696, '2016-10-19 04:00:00', '1970-01-01 05:00:00', 5, 29, 4, 0, 0, NULL),
(697, '2016-10-19 17:23:46', '1970-01-01 05:00:00', 5, 4, 5, 0, 0, NULL),
(698, '2016-10-19 17:23:50', '1970-01-01 05:00:00', 5, 76, 5, 0, 0, NULL),
(699, '2016-10-20 16:44:56', '1970-01-01 05:00:00', 6, 18, 6, 0, 0, NULL),
(700, '2016-10-20 04:00:00', '1970-01-01 05:00:00', 5, 29, 4, 0, 0, NULL),
(701, '2016-10-20 04:00:00', '1970-01-01 05:00:00', 5, 52, 5, 0, 0, NULL),
(702, '2016-10-20 04:00:00', '1970-01-01 05:00:00', 5, 32, 5, 0, 0, NULL),
(703, '2016-10-19 04:00:00', '1970-01-01 05:00:00', 5, 52, 5, 0, 0, NULL),
(704, '2016-10-21 05:12:43', '1970-01-01 05:00:00', 5, 28, 5, 0, 0, NULL),
(705, '2016-10-21 04:00:00', '1970-01-01 05:00:00', 5, 29, 4, 0, 0, NULL),
(706, '2016-10-20 04:00:00', '1970-01-01 05:00:00', 5, 61, 6, 0, 0, NULL),
(707, '2016-10-21 19:53:44', '1970-01-01 05:00:00', 5, 48, 5, 0, 0, NULL),
(708, '2016-10-21 19:54:26', '1970-01-01 05:00:00', 5, 88, 5, 0, 0, NULL),
(709, '2016-10-21 19:54:40', '1970-01-01 05:00:00', 5, 52, 5, 0, 0, NULL),
(710, '2016-10-22 17:05:21', '1970-01-01 05:00:00', 5, 86, 5, 0, 0, NULL),
(711, '2016-10-22 17:05:39', '1970-01-01 05:00:00', 5, 55, 5, 0, 0, NULL),
(712, '2016-10-22 17:06:01', '1970-01-01 05:00:00', 5, 45, 5, 0, 0, NULL),
(713, '2016-10-22 17:06:17', '1970-01-01 05:00:00', 5, 56, 5, 0, 0, NULL),
(714, '2016-10-22 17:07:06', '1970-01-01 05:00:00', 5, 88, 5, 0, 0, NULL),
(715, '2016-10-23 20:32:34', '1970-01-01 05:00:00', 5, 32, 5, 0, 0, NULL),
(716, '2016-10-23 20:32:55', '1970-01-01 05:00:00', 5, 49, 5, 0, 0, NULL),
(717, '2016-10-23 20:33:17', '1970-01-01 05:00:00', 5, 55, 5, 0, 0, NULL),
(718, '2016-10-22 04:00:00', '1970-01-01 05:00:00', 5, 87, 5, 0, 0, NULL),
(719, '2016-10-23 20:34:50', '1970-01-01 05:00:00', 5, 79, 5, 0, 0, NULL),
(720, '2016-10-24 21:05:33', '1970-01-01 05:00:00', 6, 18, 6, 0, 0, NULL),
(721, '2016-10-24 21:39:00', '1970-01-01 05:00:00', 5, 27, 5, 0, 0, NULL),
(722, '2016-10-24 21:39:18', '1970-01-01 05:00:00', 5, 80, 5, 0, 0, NULL),
(723, '2016-10-24 04:00:00', '1970-01-01 05:00:00', 5, 29, 4, 0, 0, NULL),
(724, '2016-10-25 06:04:25', '1970-01-01 05:00:00', 5, 32, 5, 0, 0, NULL),
(725, '2016-10-23 04:00:00', '1970-01-01 05:00:00', 5, 52, 5, 0, 0, NULL),
(726, '2016-10-24 04:00:00', '1970-01-01 05:00:00', 5, 61, 5, 0, 0, NULL),
(727, '2016-10-25 04:00:00', '1970-01-01 05:00:00', 5, 29, 4, 0, 0, NULL),
(728, '2016-10-25 16:08:29', '1970-01-01 05:00:00', 5, 4, 5, 0, 0, NULL),
(729, '2016-10-25 16:09:22', '1970-01-01 05:00:00', 5, 91, 5, 0, 0, NULL),
(730, '2016-10-26 21:55:35', '1970-01-01 05:00:00', 5, 89, 5, 0, 0, NULL),
(731, '2016-10-26 21:55:46', '1970-01-01 05:00:00', 5, 30, 5, 0, 0, NULL),
(732, '2016-10-26 21:55:54', '1970-01-01 05:00:00', 5, 72, 5, 0, 0, NULL),
(733, '2016-10-26 04:00:00', '1970-01-01 05:00:00', 5, 28, 5, 0, 0, NULL),
(734, '2016-10-26 04:00:00', '1970-01-01 05:00:00', 5, 29, 4, 0, 0, NULL),
(735, '2016-10-25 04:00:00', '1970-01-01 05:00:00', 5, 52, 5, 0, 0, NULL),
(736, '2016-10-27 17:41:43', '1970-01-01 05:00:00', 6, 45, 6, 0, 0, NULL),
(737, '2016-10-27 17:42:03', '1970-01-01 05:00:00', 6, 61, 6, 0, 0, NULL),
(739, '2016-10-27 04:00:00', '1970-01-01 05:00:00', 5, 29, 4, 0, 0, NULL),
(740, '2016-10-27 19:59:55', '1970-01-01 05:00:00', 5, 51, 5, 0, 0, NULL),
(741, '2016-10-27 20:00:47', '1970-01-01 05:00:00', 5, 74, 5, 0, 0, NULL),
(742, '2016-10-28 04:00:00', '1970-01-01 05:00:00', 5, 55, 4, 0, 0, NULL),
(743, '2016-10-28 17:57:23', '1970-01-01 05:00:00', 5, 32, 5, 0, 0, NULL),
(744, '2016-10-28 17:57:38', '1970-01-01 05:00:00', 5, 1, 5, 0, 0, NULL),
(745, '2016-10-28 17:57:49', '1970-01-01 05:00:00', 5, 61, 5, 0, 0, NULL),
(746, '2016-10-29 20:20:39', '1970-01-01 05:00:00', 6, 67, 6, 0, 0, NULL),
(747, '2016-10-29 04:00:00', '1970-01-01 05:00:00', 5, 77, 5, 0, 0, NULL),
(748, '2016-10-29 04:00:00', '1970-01-01 05:00:00', 5, 55, 5, 0, 0, NULL),
(749, '2016-10-29 04:00:00', '1970-01-01 05:00:00', 5, 91, 5, 0, 0, NULL),
(750, '2016-10-31 11:50:33', '1970-01-01 05:00:00', 5, 29, 5, 0, 0, NULL),
(751, '2016-10-31 11:50:37', '1970-01-01 05:00:00', 5, 27, 5, 0, 0, NULL),
(752, '2016-10-30 04:00:00', '1970-01-01 05:00:00', 5, 32, 5, 0, 0, NULL),
(753, '2016-10-30 04:00:00', '1970-01-01 05:00:00', 5, 33, 5, 0, 0, NULL),
(754, '2016-10-28 04:00:00', '1970-01-01 05:00:00', 5, 52, 5, 0, 0, NULL),
(755, '2016-10-31 21:24:08', '1970-01-01 05:00:00', 5, 51, 5, 0, 0, NULL),
(756, '2016-10-31 21:25:04', '1970-01-01 05:00:00', 5, 3, 5, 0, 0, NULL),
(757, '2016-10-31 21:25:19', '1970-01-01 05:00:00', 5, 61, 5, 0, 0, NULL),
(758, '2016-11-01 21:40:05', '1970-01-01 05:00:00', 5, 74, 5, 0, 0, NULL),
(759, '2016-11-01 21:40:11', '1970-01-01 05:00:00', 5, 29, 5, 0, 0, NULL),
(760, '2016-11-01 21:40:31', '1970-01-01 05:00:00', 5, 1, 5, 0, 0, NULL),
(761, '2016-11-01 21:40:38', '1970-01-01 05:00:00', 5, 30, 5, 0, 0, NULL),
(762, '2016-11-01 21:40:49', '1970-01-01 05:00:00', 5, 87, 5, 0, 0, NULL),
(763, '2016-11-03 04:00:00', '1970-01-01 05:00:00', 4, 28, 4, 0, 0, NULL),
(764, '2016-11-03 04:00:00', '1970-01-01 05:00:00', 4, 29, 4, 0, 0, NULL),
(766, '2016-11-03 20:45:56', '1970-01-01 05:00:00', 6, 78, 6, 0, 0, NULL),
(767, '2016-11-02 04:00:00', '1970-01-01 05:00:00', 5, 29, 4, 0, 0, NULL),
(768, '2016-11-02 04:00:00', '1970-01-01 05:00:00', 5, 91, 5, 0, 0, NULL),
(769, '2016-11-02 04:00:00', '1970-01-01 05:00:00', 5, 4, 5, 0, 0, NULL),
(770, '2016-11-02 04:00:00', '1970-01-01 05:00:00', 5, 32, 5, 0, 0, NULL),
(771, '2016-11-03 04:00:00', '1970-01-01 05:00:00', 5, 80, 5, 0, 0, NULL),
(772, '2016-11-02 04:00:00', '1970-01-01 05:00:00', 5, 72, 5, 0, 0, NULL),
(773, '2016-11-04 04:00:00', '1970-01-01 05:00:00', 5, 32, 5, 0, 0, NULL),
(774, '2016-11-04 04:00:00', '1970-01-01 05:00:00', 5, 29, 4, 0, 0, NULL),
(775, '2016-11-04 04:00:00', '1970-01-01 05:00:00', 5, 1, 5, 0, 0, NULL),
(776, '2016-11-04 04:00:00', '1970-01-01 05:00:00', 5, 70, 5, 0, 0, NULL),
(777, '2016-11-04 04:00:00', '1970-01-01 05:00:00', 5, 73, 5, 0, 0, NULL),
(778, '2016-11-05 17:23:31', '1970-01-01 05:00:00', 5, 86, 5, 0, 0, NULL),
(779, '2016-11-05 17:23:40', '1970-01-01 05:00:00', 5, 29, 5, 0, 0, NULL),
(780, '2016-11-05 17:25:56', '1970-01-01 05:00:00', 5, 92, 5, 0, 0, NULL),
(781, '2016-11-06 00:20:53', '1970-01-01 05:00:00', 5, 91, 5, 0, 0, NULL),
(782, '2016-11-06 00:21:05', '1970-01-01 05:00:00', 5, 87, 5, 0, 0, NULL),
(783, '2016-11-06 22:31:34', '1970-01-01 05:00:00', 5, 32, 5, 0, 0, NULL),
(785, '2016-11-06 22:31:55', '1970-01-01 05:00:00', 5, 5, 5, 0, 0, NULL),
(786, '2016-11-06 04:00:00', '1970-01-01 05:00:00', 5, 29, 4, 0, 0, NULL),
(787, '2016-11-06 04:00:00', '1970-01-01 05:00:00', 5, 30, 5, 0, 0, NULL),
(788, '2016-11-06 04:00:00', '1970-01-01 05:00:00', 5, 52, 5, 0, 0, NULL),
(789, '2016-11-07 20:57:27', '1970-01-01 05:00:00', 5, 27, 5, 0, 0, NULL),
(790, '2016-11-07 20:59:04', '1970-01-01 05:00:00', 5, 80, 5, 0, 0, NULL),
(791, '2016-11-07 05:00:00', '1970-01-01 05:00:00', 5, 93, 6, 0, 0, NULL),
(792, '2016-11-07 05:00:00', '1970-01-01 05:00:00', 5, 61, 6, 0, 0, NULL),
(793, '2016-11-07 05:00:00', '1970-01-01 05:00:00', 5, 29, 5, 0, 0, NULL),
(794, '2016-11-08 20:13:04', '1970-01-01 05:00:00', 5, 32, 5, 0, 0, NULL),
(795, '2016-11-08 20:13:18', '1970-01-01 05:00:00', 5, 87, 5, 0, 0, NULL),
(796, '2016-11-08 05:00:00', '1970-01-01 05:00:00', 5, 29, 4, 0, 0, NULL),
(797, '2016-11-08 05:00:00', '1970-01-01 05:00:00', 5, 50, 4, 0, 0, NULL),
(798, '2016-11-08 20:18:33', '1970-01-01 05:00:00', 5, 94, 5, 0, 0, NULL),
(799, '2016-11-09 05:00:00', '1970-01-01 05:00:00', 5, 90, 5, 0, 0, NULL),
(800, '2016-11-09 05:00:00', '1970-01-01 05:00:00', 5, 29, 4, 0, 0, NULL),
(801, '2016-11-09 05:00:00', '1970-01-01 05:00:00', 5, 61, 5, 0, 0, NULL),
(802, '2016-11-10 05:00:00', '1970-01-01 05:00:00', 5, 29, 4, 0, 0, NULL),
(804, '2016-11-09 05:00:00', '1970-01-01 05:00:00', 5, 52, 5, 0, 0, NULL),
(805, '2016-11-09 05:00:00', '1970-01-01 05:00:00', 5, 28, 5, 0, 0, NULL),
(806, '2016-11-10 05:00:00', '1970-01-01 05:00:00', 5, 32, 5, 0, 0, NULL),
(807, '2016-11-10 05:00:00', '1970-01-01 05:00:00', 5, 51, 5, 0, 0, NULL),
(809, '2016-11-10 05:00:00', '1970-01-01 05:00:00', 5, 45, 6, 0, 0, NULL),
(810, '2016-11-10 05:00:00', '1970-01-01 05:00:00', 5, 61, 6, 0, 0, NULL),
(811, '2016-11-11 05:00:00', '1970-01-01 05:00:00', 5, 29, 4, 0, 0, NULL),
(812, '2016-11-11 22:04:12', '1970-01-01 05:00:00', 5, 32, 5, 0, 0, NULL),
(813, '2016-11-11 22:04:23', '1970-01-01 05:00:00', 5, 89, 5, 0, 0, NULL),
(814, '2016-11-11 22:04:40', '1970-01-01 05:00:00', 5, 52, 5, 0, 0, NULL),
(816, '2016-11-12 05:00:00', '1970-01-01 05:00:00', 5, 66, 5, 0, 0, NULL),
(817, '2016-11-11 05:00:00', '1970-01-01 05:00:00', 5, 62, 5, 0, 0, NULL),
(818, '2016-11-12 05:00:00', '1970-01-01 05:00:00', 4, 29, 4, 0, 0, NULL),
(819, '2016-11-12 05:00:00', '1970-01-01 05:00:00', 4, 53, 4, 0, 0, NULL),
(820, '2016-11-12 05:00:00', '1970-01-01 05:00:00', 4, 61, 4, 0, 0, NULL),
(821, '2016-11-12 05:00:00', '1970-01-01 05:00:00', 5, 80, 5, 0, 0, NULL),
(822, '2016-11-13 05:00:00', '1970-01-01 05:00:00', 5, 52, 4, 0, 0, NULL),
(823, '2016-11-13 05:00:00', '1970-01-01 05:00:00', 5, 32, 5, 0, 0, NULL),
(824, '2016-11-13 05:00:00', '1970-01-01 05:00:00', 5, 91, 5, 0, 0, NULL),
(825, '2016-11-13 05:00:00', '1970-01-01 05:00:00', 5, 29, 5, 0, 0, NULL),
(826, '2016-11-13 23:02:10', '1970-01-01 05:00:00', 5, 95, 5, 0, 0, NULL),
(827, '2016-11-14 05:00:00', '1970-01-01 05:00:00', 5, 28, 5, 0, 0, NULL),
(828, '2016-11-14 05:00:00', '1970-01-01 05:00:00', 5, 29, 4, 0, 0, NULL),
(829, '2016-11-14 05:00:00', '1970-01-01 05:00:00', 5, 51, 5, 0, 0, NULL),
(830, '2016-11-14 05:00:00', '1970-01-01 05:00:00', 5, 45, 6, 0, 0, NULL),
(831, '2016-11-15 05:00:00', '1970-01-01 05:00:00', 5, 29, 4, 0, 0, NULL),
(832, '2016-11-15 05:00:00', '1970-01-01 05:00:00', 5, 32, 4, 0, 0, NULL),
(833, '2016-11-15 05:00:00', '1970-01-01 05:00:00', 5, 89, 5, 0, 0, NULL),
(834, '2016-11-15 05:00:00', '1970-01-01 05:00:00', 5, 61, 5, 0, 0, NULL),
(835, '2016-11-15 05:00:00', '1970-01-01 05:00:00', 5, 87, 5, 0, 0, NULL),
(836, '2016-11-16 05:00:00', '1970-01-01 05:00:00', 5, 29, 4, 0, 0, NULL),
(837, '2016-11-16 21:53:41', '1970-01-01 05:00:00', 5, 32, 5, 0, 0, NULL),
(838, '2016-11-16 21:53:55', '1970-01-01 05:00:00', 5, 90, 5, 0, 0, NULL),
(839, '2016-11-16 21:54:13', '1970-01-01 05:00:00', 5, 65, 5, 0, 0, NULL),
(840, '2016-11-17 05:00:00', '1970-01-01 05:00:00', 5, 29, 4, 0, 0, NULL),
(841, '2016-11-18 20:50:43', '1970-01-01 05:00:00', 5, 27, 5, 0, 0, NULL),
(842, '2016-11-18 20:51:19', '1970-01-01 05:00:00', 5, 94, 5, 0, 0, NULL),
(843, '2016-11-18 20:51:52', '1970-01-01 05:00:00', 5, 54, 5, 0, 0, NULL),
(844, '2016-11-18 20:52:24', '1970-01-01 05:00:00', 5, 61, 5, 0, 0, NULL),
(845, '2016-11-18 05:00:00', '1970-01-01 05:00:00', 5, 29, 4, 0, 0, NULL),
(846, '2016-11-17 05:00:00', '1970-01-01 05:00:00', 5, 67, 5, 0, 0, NULL),
(847, '2016-11-17 05:00:00', '1970-01-01 05:00:00', 5, 77, 5, 0, 0, NULL),
(848, '2016-11-17 05:00:00', '1970-01-01 05:00:00', 5, 80, 5, 0, 0, NULL),
(849, '2016-11-17 05:00:00', '1970-01-01 05:00:00', 5, 30, 5, 0, 0, NULL),
(850, '2016-11-19 05:00:00', '1970-01-01 05:00:00', 5, 55, 4, 0, 0, NULL),
(851, '2016-11-19 05:00:00', '1970-01-01 05:00:00', 5, 64, 5, 0, 0, NULL),
(852, '2016-11-19 05:00:00', '1970-01-01 05:00:00', 5, 45, 5, 0, 0, NULL),
(853, '2016-11-19 05:00:00', '1970-01-01 05:00:00', 5, 73, 5, 0, 0, NULL),
(854, '2016-11-19 05:00:00', '1970-01-01 05:00:00', 5, 87, 5, 0, 0, NULL),
(855, '2016-11-20 13:29:51', '1970-01-01 05:00:00', 5, 32, 5, 0, 0, NULL),
(856, '2016-11-20 05:00:00', '1970-01-01 05:00:00', 5, 29, 5, 0, 0, NULL),
(857, '2016-11-20 22:29:42', '1970-01-01 05:00:00', 5, 94, 5, 0, 0, NULL),
(858, '2016-11-20 22:29:48', '1970-01-01 05:00:00', 5, 91, 5, 0, 0, NULL),
(859, '2016-11-20 22:30:01', '1970-01-01 05:00:00', 5, 52, 5, 0, 0, NULL),
(860, '2016-11-21 21:15:02', '1970-01-01 05:00:00', 6, 53, 6, 0, 0, NULL),
(861, '2016-11-21 05:00:00', '1970-01-01 05:00:00', 5, 55, 4, 0, 0, NULL),
(862, '2016-11-21 21:36:05', '1970-01-01 05:00:00', 5, 28, 5, 0, 0, NULL),
(863, '2016-11-21 21:36:40', '1970-01-01 05:00:00', 5, 80, 5, 0, 0, NULL),
(864, '2016-11-22 05:00:00', '1970-01-01 05:00:00', 5, 32, 4, 0, 0, NULL),
(865, '2016-11-22 05:00:00', '1970-01-01 05:00:00', 5, 29, 4, 0, 0, NULL),
(866, '2016-11-22 05:00:00', '1970-01-01 05:00:00', 5, 90, 4, 0, 0, NULL),
(867, '2016-11-22 05:00:00', '1970-01-01 05:00:00', 5, 52, 5, 0, 0, NULL),
(868, '2016-11-23 05:00:00', '1970-01-01 05:00:00', 5, 29, 4, 0, 0, NULL),
(869, '2016-11-23 21:29:59', '1970-01-01 05:00:00', 5, 27, 5, 0, 0, NULL),
(870, '2016-11-23 21:30:17', '1970-01-01 05:00:00', 5, 1, 5, 0, 0, NULL),
(872, '2016-11-23 21:30:54', '1970-01-01 05:00:00', 5, 72, 5, 0, 0, NULL),
(874, '2016-11-25 05:00:00', '1970-01-01 05:00:00', 5, 29, 4, 0, 0, NULL),
(875, '2016-11-25 05:00:00', '1970-01-01 05:00:00', 5, 32, 5, 0, 0, NULL),
(876, '2016-11-24 05:00:00', '1970-01-01 05:00:00', 5, 45, 6, 0, 0, NULL),
(877, '2016-11-24 05:00:00', '1970-01-01 05:00:00', 5, 51, 5, 0, 0, NULL),
(878, '2016-11-24 05:00:00', '1970-01-01 05:00:00', 5, 88, 5, 0, 0, NULL),
(879, '2016-11-25 22:42:56', '1970-01-01 05:00:00', 5, 94, 5, 0, 0, NULL),
(880, '2016-11-25 22:43:01', '1970-01-01 05:00:00', 5, 61, 5, 0, 0, NULL),
(881, '2016-11-25 22:43:17', '1970-01-01 05:00:00', 5, 87, 5, 0, 0, NULL),
(882, '2016-11-26 05:00:00', '1970-01-01 05:00:00', 5, 77, 5, 0, 0, NULL),
(883, '2016-11-26 05:00:00', '1970-01-01 05:00:00', 5, 55, 5, 0, 0, NULL),
(884, '2016-11-26 18:53:04', '1970-01-01 05:00:00', 6, 18, 6, 0, 0, NULL),
(885, '2016-11-26 05:00:00', '1970-01-01 05:00:00', 5, 80, 5, 0, 0, NULL),
(886, '2016-11-27 05:00:00', '1970-01-01 05:00:00', 5, 29, 5, 0, 0, NULL),
(887, '2016-11-27 05:00:00', '1970-01-01 05:00:00', 5, 5, 5, 0, 1, NULL),
(888, '2016-11-27 05:00:00', '1970-01-01 05:00:00', 5, 52, 4, 0, 0, NULL),
(889, '2016-11-27 21:38:12', '1970-01-01 05:00:00', 5, 77, 5, 0, 0, NULL),
(890, '2016-11-28 20:39:15', '1970-01-01 05:00:00', 5, 28, 5, 0, 0, NULL),
(891, '2016-11-28 20:40:19', '1970-01-01 05:00:00', 5, 51, 5, 0, 0, NULL),
(892, '2016-11-28 05:00:00', '1970-01-01 05:00:00', 5, 29, 4, 0, 0, NULL),
(893, '2016-11-28 05:00:00', '1970-01-01 05:00:00', 5, 45, 6, 0, 0, NULL),
(894, '2016-11-28 05:00:00', '1970-01-01 05:00:00', 5, 76, 6, 0, 0, NULL),
(895, '2016-11-29 20:08:32', '1970-01-01 05:00:00', 5, 32, 5, 0, 0, NULL),
(896, '2016-11-29 20:08:50', '1970-01-01 05:00:00', 5, 94, 5, 0, 0, NULL),
(897, '2016-11-29 20:08:55', '1970-01-01 05:00:00', 5, 76, 5, 0, 0, NULL),
(898, '2016-11-29 20:09:38', '1970-01-01 05:00:00', 5, 87, 5, 0, 0, NULL),
(899, '2016-11-29 05:00:00', '1970-01-01 05:00:00', 5, 29, 4, 0, 0, NULL),
(900, '2016-11-30 22:21:06', '1970-01-01 05:00:00', 5, 74, 5, 0, 0, NULL),
(901, '2016-11-30 22:21:19', '1970-01-01 05:00:00', 5, 90, 5, 0, 0, NULL),
(902, '2016-11-30 22:21:24', '1970-01-01 05:00:00', 5, 76, 5, 0, 0, NULL),
(903, '2016-11-30 22:21:41', '1970-01-01 05:00:00', 5, 80, 5, 0, 0, NULL),
(904, '2016-11-30 05:00:00', '1970-01-01 05:00:00', 5, 29, 4, 0, 0, NULL),
(905, '2016-12-01 20:10:46', '1970-01-01 05:00:00', 6, 78, 6, 0, 0, NULL),
(906, '2016-12-01 05:00:00', '1970-01-01 05:00:00', 5, 29, 4, 0, 0, NULL),
(907, '2016-12-01 05:00:00', '1970-01-01 05:00:00', 5, 77, 4, 0, 0, NULL),
(908, '2016-12-02 05:00:00', '1970-01-01 05:00:00', 5, 27, 5, 5, 0, NULL),
(909, '2016-12-02 05:00:00', '1970-01-01 05:00:00', 5, 29, 5, 5, 0, NULL),
(910, '2016-12-02 05:00:00', '1970-01-01 05:00:00', 5, 76, 5, 5, 0, NULL),
(911, '2016-12-02 05:00:00', '1970-01-01 05:00:00', 5, 65, 5, 5, 0, NULL),
(913, '2016-12-02 05:00:00', '1970-01-01 05:00:00', 5, 97, 5, 5, 0, NULL),
(914, '2016-12-01 05:00:00', '1970-01-01 05:00:00', 5, 65, 5, 5, 0, NULL),
(915, '2016-12-03 22:49:31', '1970-01-01 05:00:00', 5, 81, 5, 5, 0, NULL),
(916, '2016-12-03 22:49:47', '1970-01-01 05:00:00', 5, 88, 5, 5, 0, NULL),
(917, '2016-12-03 22:50:04', '1970-01-01 05:00:00', 5, 87, 5, 5, 0, NULL),
(918, '2016-12-03 22:50:35', '1970-01-01 05:00:00', 5, 86, 5, 5, 0, NULL),
(919, '2016-12-03 22:51:25', '1970-01-01 05:00:00', 5, 29, 5, 5, 0, NULL),
(920, '2016-12-04 10:19:29', '1970-01-01 05:00:00', 5, 32, 5, 5, 0, NULL),
(921, '2016-12-05 17:52:04', '1970-01-01 05:00:00', 6, 78, 6, 6, 0, NULL),
(922, '2016-12-05 17:52:25', '1970-01-01 05:00:00', 6, 61, 6, 6, 0, NULL),
(923, '2016-12-05 05:00:00', '1970-01-01 05:00:00', 5, 28, 5, 5, 0, NULL),
(924, '2016-12-05 05:00:00', '1970-01-01 05:00:00', 5, 29, 4, 5, 0, NULL),
(925, '2016-12-05 05:00:00', '1970-01-01 05:00:00', 5, 52, 4, 4, 0, NULL),
(926, '2016-12-04 05:00:00', '1970-01-01 05:00:00', 5, 29, 4, 4, 0, NULL),
(927, '2016-12-04 05:00:00', '1970-01-01 05:00:00', 5, 89, 4, 4, 0, NULL),
(928, '2016-12-04 05:00:00', '1970-01-01 05:00:00', 5, 30, 4, 4, 0, NULL),
(929, '2016-12-04 05:00:00', '1970-01-01 05:00:00', 5, 72, 5, 5, 0, NULL),
(930, '2016-12-01 05:00:00', '1970-01-01 05:00:00', 5, 61, 4, 4, 0, NULL),
(931, '2016-12-06 05:00:00', '1970-01-01 05:00:00', 4, 95, 4, 4, 0, NULL),
(932, '2016-12-06 05:00:00', '1970-01-01 05:00:00', 4, 47, 4, 4, 0, NULL),
(933, '2016-12-06 05:00:00', '1970-01-01 05:00:00', 4, 29, 4, 4, 0, NULL),
(934, '2016-12-06 05:00:00', '1970-01-01 05:00:00', 4, 32, 4, 4, 0, NULL),
(935, '2016-12-06 20:29:48', '1970-01-01 05:00:00', 5, 52, 5, 5, 0, NULL),
(936, '2016-12-07 05:00:00', '1970-01-01 05:00:00', 5, 29, 4, 5, 0, NULL),
(937, '2016-12-07 05:00:00', '1970-01-01 05:00:00', 5, 74, 5, 5, 0, NULL),
(938, '2016-12-07 05:00:00', '1970-01-01 05:00:00', 5, 4, 5, 5, 0, NULL),
(939, '2016-12-07 21:44:47', '1970-01-01 05:00:00', 5, 76, 5, 5, 0, NULL),
(940, '2016-12-07 21:47:31', '1970-01-01 05:00:00', 5, 98, 5, 5, 0, NULL),
(941, '2016-12-08 17:19:20', '1970-01-01 05:00:00', 6, 92, 6, 6, 0, NULL),
(942, '2016-12-08 17:19:36', '1970-01-01 05:00:00', 6, 61, 6, 6, 0, NULL),
(943, '2016-12-09 16:05:39', '1970-01-01 05:00:00', 5, 32, 5, 5, 0, NULL),
(944, '2016-12-09 16:06:01', '1970-01-01 05:00:00', 5, 1, 5, 5, 0, NULL),
(945, '2016-12-09 16:06:11', '1970-01-01 05:00:00', 5, 99, 5, 5, 0, NULL),
(946, '2016-12-09 05:00:00', '1970-01-01 05:00:00', 5, 29, 4, 5, 0, NULL),
(947, '2016-12-08 05:00:00', '1970-01-01 05:00:00', 5, 27, 4, 4, 0, NULL),
(948, '2016-12-08 05:00:00', '1970-01-01 05:00:00', 5, 29, 4, 5, 0, NULL),
(949, '2016-12-08 05:00:00', '1970-01-01 05:00:00', 5, 51, 5, 4, 0, NULL),
(954, '2016-12-10 05:00:00', '1970-01-01 05:00:00', 5, 77, 5, 4, 0, NULL),
(955, '2016-12-10 05:00:00', '1970-01-01 05:00:00', 5, 29, 5, 5, 0, NULL),
(956, '2016-12-10 05:00:00', '1970-01-01 05:00:00', 5, 49, 5, 5, 0, NULL),
(957, '2016-12-10 05:00:00', '1970-01-01 05:00:00', 5, 80, 5, 4, 0, NULL),
(958, '2016-12-09 05:00:00', '1970-01-01 05:00:00', 5, 65, 5, 4, 0, NULL),
(959, '2016-12-10 05:00:00', '1970-01-01 05:00:00', 5, 47, 5, 4, 0, NULL),
(960, '2016-12-11 20:20:00', '1970-01-01 05:00:00', 6, 93, 6, 6, 0, NULL),
(961, '2016-12-11 20:20:37', '1970-01-01 05:00:00', 6, 34, 6, 6, 0, NULL),
(962, '2016-12-12 05:00:00', '1970-01-01 05:00:00', 5, 28, 4, 4, 0, NULL),
(963, '2016-12-12 05:00:00', '1970-01-01 05:00:00', 5, 29, 4, 4, 0, NULL),
(964, '2016-12-12 05:00:00', '1970-01-01 05:00:00', 5, 51, 4, 4, 0, NULL),
(965, '2016-12-12 05:00:00', '1970-01-01 05:00:00', 6, 45, 6, 6, 0, NULL),
(966, '2016-12-12 05:00:00', '1970-01-01 05:00:00', 6, 61, 6, 6, 0, NULL),
(967, '2016-12-13 05:00:00', '1970-01-01 05:00:00', 5, 29, 4, 5, 0, NULL),
(968, '2016-12-13 05:00:00', '1970-01-01 05:00:00', 5, 1, 5, 5, 0, NULL),
(969, '2016-12-13 05:00:00', '1970-01-01 05:00:00', 5, 52, 5, 4, 0, NULL),
(970, '2016-12-13 05:00:00', '1970-01-01 05:00:00', 5, 61, 5, 5, 0, NULL),
(971, '2016-12-14 05:00:00', '1970-01-01 05:00:00', 5, 74, 5, 4, 0, NULL),
(972, '2016-12-14 05:00:00', '1970-01-01 05:00:00', 5, 29, 4, 4, 0, NULL),
(973, '2016-12-13 05:00:00', '1970-01-01 05:00:00', 5, 32, 4, 4, 0, NULL),
(974, '2016-12-11 05:00:00', '1970-01-01 05:00:00', 5, 52, 4, 4, 0, NULL),
(975, '2016-12-11 05:00:00', '1970-01-01 05:00:00', 5, 29, 5, 5, 0, NULL),
(976, '2016-12-11 05:00:00', '1970-01-01 05:00:00', 5, 77, 4, 4, 0, NULL),
(977, '2016-12-14 05:00:00', '1970-01-01 05:00:00', 5, 4, 5, 5, 0, NULL),
(978, '2016-12-14 05:00:00', '1970-01-01 05:00:00', 5, 61, 5, 5, 0, NULL),
(979, '2016-12-14 05:00:00', '1970-01-01 05:00:00', 5, 72, 4, 4, 0, NULL),
(980, '2016-12-15 05:00:00', '1970-01-01 05:00:00', 5, 27, 5, 4, 0, NULL),
(981, '2016-12-15 05:00:00', '1970-01-01 05:00:00', 5, 29, 4, 5, 0, NULL),
(982, '2016-12-15 21:03:48', '1970-01-01 05:00:00', 6, 78, 6, 6, 0, NULL),
(983, '2016-12-15 21:03:58', '1970-01-01 05:00:00', 6, 30, 6, 6, 0, NULL),
(984, '2016-12-16 05:00:00', '1970-01-01 05:00:00', 5, 29, 4, 5, 0, NULL),
(985, '2016-12-16 05:00:00', '1970-01-01 05:00:00', 5, 77, 5, 5, 0, NULL),
(986, '2016-12-16 05:00:00', '1970-01-01 05:00:00', 5, 94, 5, 4, 0, NULL),
(987, '2016-12-16 05:00:00', '1970-01-01 05:00:00', 5, 39, 5, 5, 0, NULL),
(988, '2016-12-16 05:00:00', '1970-01-01 05:00:00', 5, 100, 5, 5, 0, NULL),
(989, '2016-12-17 05:00:00', '1970-01-01 05:00:00', 5, 86, 5, 4, 0, NULL),
(990, '2016-12-18 05:00:00', '1970-01-01 05:00:00', 5, 32, 5, 4, 0, NULL),
(991, '2016-12-18 05:00:00', '1970-01-01 05:00:00', 5, 29, 5, 5, 0, NULL),
(992, '2016-12-17 05:00:00', '1970-01-01 05:00:00', 5, 92, 5, 4, 0, NULL),
(993, '2016-12-17 05:00:00', '1970-01-01 05:00:00', 5, 61, 5, 5, 0, NULL),
(994, '2016-12-17 05:00:00', '1970-01-01 05:00:00', 5, 87, 5, 4, 0, NULL),
(995, '2016-12-17 05:00:00', '1970-01-01 05:00:00', 5, 29, 5, 5, 0, NULL),
(996, '2016-12-18 20:06:20', '1970-01-01 05:00:00', 6, 5, 6, 6, 0, NULL),
(997, '2016-12-18 20:06:32', '1970-01-01 05:00:00', 6, 61, 6, 6, 0, NULL),
(998, '2016-12-18 05:00:00', '1970-01-01 05:00:00', 5, 52, 4, 4, 0, NULL),
(999, '2016-12-19 07:18:28', '1970-01-01 05:00:00', 5, 28, 5, 5, 0, NULL),
(1000, '2016-12-19 07:18:33', '1970-01-01 05:00:00', 5, 29, 5, 5, 0, NULL),
(1001, '2016-12-19 21:10:06', '1970-01-01 05:00:00', 6, 78, 6, 6, 0, NULL),
(1002, '2016-12-19 21:10:30', '1970-01-01 05:00:00', 6, 50, 6, 6, 0, NULL),
(1003, '2016-12-19 05:00:00', '1970-01-01 05:00:00', 5, 52, 5, 4, 0, NULL),
(1004, '2016-12-20 05:00:00', '1970-01-01 05:00:00', 5, 32, 5, 4, 0, NULL),
(1005, '2016-12-20 05:00:00', '1970-01-01 05:00:00', 5, 29, 4, 5, 0, NULL),
(1006, '2016-12-20 05:00:00', '1970-01-01 05:00:00', 5, 94, 5, 5, 0, NULL),
(1007, '2016-12-20 05:00:00', '1970-01-01 05:00:00', 5, 72, 5, 4, 0, NULL),
(1008, '2016-12-20 05:00:00', '1970-01-01 05:00:00', 5, 61, 5, 4, 0, NULL),
(1009, '2016-12-21 05:00:00', '1970-01-01 05:00:00', 5, 27, 5, 4, 0, NULL),
(1010, '2016-12-21 05:00:00', '1970-01-01 05:00:00', 5, 29, 5, 4, 0, NULL),
(1011, '2016-12-21 05:00:00', '1970-01-01 05:00:00', 5, 95, 5, 4, 0, NULL),
(1012, '2016-12-21 05:00:00', '1970-01-01 05:00:00', 5, 52, 5, 4, 0, NULL),
(1013, '2016-12-22 05:00:00', '1970-01-01 05:00:00', 5, 74, 5, 4, 0, NULL),
(1014, '2016-12-22 05:00:00', '1970-01-01 05:00:00', 5, 29, 4, 4, 0, NULL),
(1015, '2016-12-23 05:00:00', '1970-01-01 05:00:00', 5, 32, 5, 4, 0, NULL),
(1016, '2016-12-23 05:00:00', '1970-01-01 05:00:00', 5, 29, 5, 4, 0, NULL),
(1017, '2016-12-22 05:00:00', '1970-01-01 05:00:00', 5, 51, 5, 4, 0, NULL),
(1018, '2016-12-22 05:00:00', '1970-01-01 05:00:00', 6, 45, 6, 6, 0, NULL),
(1019, '2016-12-22 05:00:00', '1970-01-01 05:00:00', 6, 61, 6, 6, 0, NULL),
(1020, '2016-12-23 05:00:00', '1970-01-01 05:00:00', 5, 4, 5, 4, 0, NULL),
(1021, '2016-12-23 05:00:00', '1970-01-01 05:00:00', 5, 30, 4, 4, 0, NULL),
(1022, '2016-12-23 05:00:00', '1970-01-01 05:00:00', 5, 87, 5, 4, 0, NULL),
(1023, '2016-12-24 20:38:32', '1970-01-01 05:00:00', 6, 93, 6, 6, 0, NULL),
(1024, '2016-12-24 21:00:53', '1970-01-01 05:00:00', 5, 101, 5, 5, 0, NULL),
(1025, '2016-12-24 05:00:00', '1970-01-01 05:00:00', 5, 52, 5, 4, 0, NULL),
(1027, '2016-12-24 05:00:00', '1970-01-01 05:00:00', 5, 66, 5, 5, 0, NULL),
(1028, '2016-12-25 05:00:00', '1970-01-01 05:00:00', 5, 77, 5, 4, 0, NULL),
(1029, '2016-12-25 05:00:00', '1970-01-01 05:00:00', 5, 29, 5, 5, 0, NULL),
(1030, '2016-12-25 05:00:00', '1970-01-01 05:00:00', 5, 89, 5, 5, 0, NULL),
(1031, '2016-12-25 05:00:00', '1970-01-01 05:00:00', 5, 72, 5, 4, 0, NULL),
(1032, '2016-12-26 05:00:00', '1970-01-01 05:00:00', 5, 28, 5, 5, 0, NULL),
(1033, '2016-12-26 05:00:00', '1970-01-01 05:00:00', 5, 29, 5, 4, 0, NULL),
(1034, '2016-12-26 05:00:00', '1970-01-01 05:00:00', 5, 81, 5, 4, 0, NULL),
(1035, '2016-12-26 05:00:00', '1970-01-01 05:00:00', 5, 51, 5, 4, 0, NULL),
(1036, '2016-12-27 05:00:00', '1970-01-01 05:00:00', 5, 32, 5, 4, 0, NULL),
(1037, '2016-12-27 05:00:00', '1970-01-01 05:00:00', 5, 29, 5, 5, 0, NULL),
(1038, '2016-12-27 05:00:00', '1970-01-01 05:00:00', 5, 1, 5, 5, 0, NULL),
(1039, '2016-12-27 05:00:00', '1970-01-01 05:00:00', 5, 87, 5, 5, 0, NULL),
(1040, '2016-12-27 23:05:15', '1970-01-01 05:00:00', 5, 103, 5, 5, 0, NULL),
(1041, '2016-12-28 05:00:00', '1970-01-01 05:00:00', 5, 74, 5, 4, 0, NULL),
(1042, '2016-12-28 05:00:00', '1970-01-01 05:00:00', 5, 4, 5, 4, 0, NULL),
(1043, '2016-12-28 05:00:00', '1970-01-01 05:00:00', 5, 52, 5, 4, 0, NULL),
(1044, '2016-12-28 05:00:00', '1970-01-01 05:00:00', 5, 29, 5, 4, 0, NULL),
(1045, '2016-12-28 05:00:00', '1970-01-01 05:00:00', 5, 73, 5, 4, 0, NULL),
(1046, '2016-12-29 20:52:44', '1970-01-01 05:00:00', 6, 18, 6, 6, 0, NULL),
(1047, '2016-12-29 05:00:00', '1970-01-01 05:00:00', 5, 77, 5, 4, 0, NULL),
(1048, '2016-12-29 05:00:00', '1970-01-01 05:00:00', 5, 55, 5, 4, 0, NULL),
(1049, '2016-12-29 05:00:00', '1970-01-01 05:00:00', 5, 80, 5, 4, 0, NULL),
(1050, '2016-12-30 05:00:00', '1970-01-01 05:00:00', 5, 27, 4, 4, 0, NULL),
(1051, '2016-12-30 05:00:00', '1970-01-01 05:00:00', 5, 29, 5, 4, 0, NULL),
(1052, '2016-12-30 05:00:00', '1970-01-01 05:00:00', 5, 49, 5, 5, 0, NULL),
(1053, '2016-12-30 05:00:00', '1970-01-01 05:00:00', 5, 61, 5, 5, 0, NULL),
(1054, '2016-12-30 05:00:00', '1970-01-01 05:00:00', 5, 100, 5, 5, 0, NULL),
(1055, '2016-12-31 05:00:00', '1970-01-01 05:00:00', 5, 86, 5, 4, 0, NULL),
(1056, '2016-12-31 05:00:00', '1970-01-01 05:00:00', 5, 29, 4, 4, 0, NULL),
(1057, '2016-12-31 05:00:00', '1970-01-01 05:00:00', 5, 45, 5, 4, 0, NULL);
INSERT INTO `user_diet_menu_item_lnk` (`id`, `created_date_time`, `last_modified_date_time`, `fk_user_id`, `fk_diet_menu_item_id`, `fk_controlled_by_user_id`, `fk_prepared_by_user_id`, `caused_conflict`, `fk_log_id`) VALUES
(1058, '2017-01-01 05:00:00', '1970-01-01 05:00:00', 5, 75, 5, 5, 0, NULL),
(1059, '2016-12-31 05:00:00', '1970-01-01 05:00:00', 5, 52, 5, 5, 0, NULL),
(1060, '2017-01-01 19:24:14', '1970-01-01 05:00:00', 6, 5, 6, 6, 0, NULL),
(1061, '2017-01-01 19:24:27', '1970-01-01 05:00:00', 6, 61, 6, 6, 0, NULL),
(1062, '2017-01-01 05:00:00', '1970-01-01 05:00:00', 5, 29, 5, 5, 0, NULL),
(1063, '2017-01-01 05:00:00', '1970-01-01 05:00:00', 5, 98, 5, 4, 0, NULL),
(1064, '2017-01-02 05:00:00', '1970-01-01 05:00:00', 4, 28, 4, 4, 0, NULL),
(1065, '2017-01-02 18:53:48', '1970-01-01 05:00:00', 6, 53, 6, 6, 0, NULL),
(1066, '2017-01-02 19:41:32', '1970-01-01 05:00:00', 6, 50, 6, 6, 0, NULL),
(1067, '2017-01-02 05:00:00', '1970-01-01 05:00:00', 5, 55, 4, 4, 0, NULL),
(1068, '2017-01-02 05:00:00', '1970-01-01 05:00:00', 5, 52, 5, 5, 0, NULL),
(1069, '2017-01-04 05:00:00', '1970-01-01 05:00:00', 5, 27, 5, 4, 0, NULL),
(1070, '2017-01-04 05:00:00', '1970-01-01 05:00:00', 5, 29, 4, 5, 0, NULL),
(1071, '2017-01-03 05:00:00', '1970-01-01 05:00:00', 5, 29, 4, 5, 0, NULL),
(1072, '2017-01-03 05:00:00', '1970-01-01 05:00:00', 5, 75, 5, 5, 0, NULL),
(1073, '2017-01-03 05:00:00', '1970-01-01 05:00:00', 5, 49, 5, 5, 0, NULL),
(1074, '2017-01-04 05:00:00', '1970-01-01 05:00:00', 5, 61, 5, 5, 0, NULL),
(1075, '2017-01-03 05:00:00', '1970-01-01 05:00:00', 5, 61, 5, 5, 0, NULL),
(1076, '2017-01-03 05:00:00', '1970-01-01 05:00:00', 5, 87, 5, 4, 0, NULL),
(1077, '2017-01-04 19:37:40', '1970-01-01 05:00:00', 6, 4, 6, 6, 0, NULL),
(1078, '2017-01-04 05:00:00', '1970-01-01 05:00:00', 6, 98, 6, 6, 0, NULL),
(1079, '2017-01-05 15:16:36', '1970-01-01 05:00:00', 6, 64, 6, 6, 0, NULL),
(1080, '2017-01-05 15:17:36', '1970-01-01 05:00:00', 6, 29, 6, 6, 0, NULL),
(1081, '2017-01-05 05:00:00', '1970-01-01 05:00:00', 5, 92, 5, 4, 0, NULL),
(1082, '2017-01-05 05:00:00', '1970-01-01 05:00:00', 5, 103, 5, 5, 0, NULL),
(1083, '2017-01-06 05:00:00', '1970-01-01 05:00:00', 5, 29, 4, 5, 0, NULL),
(1084, '2017-01-06 05:00:00', '1970-01-01 05:00:00', 5, 94, 5, 4, 0, NULL),
(1085, '2017-01-06 05:00:00', '1970-01-01 05:00:00', 5, 76, 5, 5, 0, NULL),
(1086, '2017-01-06 05:00:00', '1970-01-01 05:00:00', 5, 65, 5, 5, 0, NULL),
(1087, '2017-01-06 05:00:00', '1970-01-01 05:00:00', 5, 75, 5, 5, 0, NULL),
(1088, '2017-01-05 05:00:00', '1970-01-01 05:00:00', 5, 51, 4, 4, 0, NULL),
(1089, '2017-01-08 05:00:00', '1970-01-01 05:00:00', 5, 77, 5, 5, 0, NULL),
(1090, '2017-01-07 05:00:00', '1970-01-01 05:00:00', 5, 29, 5, 5, 0, NULL),
(1091, '2017-01-07 05:00:00', '1970-01-01 05:00:00', 5, 18, 5, 4, 0, NULL),
(1092, '2017-01-07 05:00:00', '1970-01-01 05:00:00', 5, 75, 5, 5, 0, NULL),
(1093, '2017-01-07 05:00:00', '1970-01-01 05:00:00', 5, 52, 5, 4, 0, NULL),
(1094, '2017-01-08 20:22:00', '1970-01-01 05:00:00', 6, 95, 6, 6, 0, NULL),
(1095, '2017-01-08 22:15:11', '1970-01-01 05:00:00', 6, 34, 6, 6, 0, NULL),
(1097, '2017-01-09 19:47:53', '1970-01-01 05:00:00', 6, 92, 6, 6, 0, NULL),
(1098, '2017-01-09 05:00:00', '1970-01-01 05:00:00', 5, 27, 4, 4, 0, NULL),
(1099, '2017-01-09 05:00:00', '1970-01-01 05:00:00', 5, 29, 4, 5, 0, NULL),
(1100, '2017-01-09 05:00:00', '1970-01-01 05:00:00', 5, 51, 5, 5, 0, NULL),
(1101, '2017-01-08 05:00:00', '1970-01-01 05:00:00', 5, 52, 5, 4, 0, NULL),
(1102, '2017-01-08 05:00:00', '1970-01-01 05:00:00', 5, 29, 5, 5, 0, NULL),
(1103, '2017-01-10 05:00:00', '1970-01-01 05:00:00', 5, 75, 5, 5, 0, NULL),
(1104, '2017-01-10 05:00:00', '1970-01-01 05:00:00', 5, 29, 4, 5, 0, NULL),
(1105, '2017-01-10 05:00:00', '1970-01-01 05:00:00', 5, 4, 5, 5, 0, NULL),
(1106, '2017-01-10 05:00:00', '1970-01-01 05:00:00', 5, 61, 5, 5, 0, NULL),
(1107, '2017-01-12 05:00:00', '1970-01-01 05:00:00', 5, 28, 5, 5, 0, NULL),
(1108, '2017-01-12 05:00:00', '1970-01-01 05:00:00', 5, 29, 4, 4, 0, NULL),
(1110, '2017-01-11 05:00:00', '1970-01-01 05:00:00', 5, 75, 5, 5, 0, NULL),
(1111, '2017-01-11 05:00:00', '1970-01-01 05:00:00', 5, 29, 4, 5, 0, NULL),
(1112, '2017-01-11 05:00:00', '1970-01-01 05:00:00', 5, 1, 5, 5, 0, NULL),
(1113, '2017-01-11 05:00:00', '1970-01-01 05:00:00', 5, 30, 4, 4, 0, NULL),
(1114, '2017-01-11 05:00:00', '1970-01-01 05:00:00', 5, 52, 4, 4, 0, NULL),
(1115, '2017-01-10 05:00:00', '1970-01-01 05:00:00', 5, 52, 5, 5, 0, NULL),
(1116, '2017-01-12 05:00:00', '1970-01-01 05:00:00', 4, 53, 4, 4, 0, NULL),
(1117, '2017-01-12 05:00:00', '1970-01-01 05:00:00', 4, 50, 4, 4, 0, NULL),
(1118, '2017-01-12 05:00:00', '1970-01-01 05:00:00', 4, 80, 4, 4, 0, NULL),
(1119, '2017-01-13 05:00:00', '1970-01-01 05:00:00', 4, 66, 4, 4, 0, NULL),
(1120, '2017-01-13 05:00:00', '1970-01-01 05:00:00', 4, 29, 4, 4, 0, NULL),
(1121, '2017-01-13 05:00:00', '1970-01-01 05:00:00', 5, 61, 5, 5, 0, NULL),
(1122, '2017-01-13 05:00:00', '1970-01-01 05:00:00', 5, 89, 5, 5, 0, NULL),
(1123, '2017-01-13 05:00:00', '1970-01-01 05:00:00', 5, 87, 5, 4, 0, NULL),
(1124, '2017-01-15 05:00:00', '1970-01-01 05:00:00', 5, 3, 5, 4, 0, NULL),
(1125, '2017-01-15 05:00:00', '1970-01-01 05:00:00', 5, 61, 5, 5, 0, NULL),
(1126, '2017-01-15 05:00:00', '1970-01-01 05:00:00', 5, 51, 5, 4, 0, NULL),
(1127, '2017-01-15 05:00:00', '1970-01-01 05:00:00', 5, 27, 5, 4, 0, NULL),
(1128, '2017-01-15 05:00:00', '1970-01-01 05:00:00', 5, 29, 5, 5, 0, NULL),
(1129, '2017-01-17 05:00:00', '1970-01-01 05:00:00', 5, 29, 4, 5, 0, NULL),
(1130, '2017-01-17 05:00:00', '1970-01-01 05:00:00', 5, 28, 4, 4, 0, NULL),
(1131, '2017-01-17 05:00:00', '1970-01-01 05:00:00', 5, 1, 4, 4, 0, NULL),
(1132, '2017-01-17 05:00:00', '1970-01-01 05:00:00', 5, 30, 4, 4, 0, NULL),
(1133, '2017-01-17 05:00:00', '1970-01-01 05:00:00', 5, 52, 4, 4, 0, NULL),
(1134, '2017-01-16 05:00:00', '1970-01-01 05:00:00', 5, 29, 5, 5, 0, NULL),
(1135, '2017-01-16 05:00:00', '1970-01-01 05:00:00', 5, 18, 6, 6, 0, NULL),
(1136, '2017-01-16 05:00:00', '1970-01-01 05:00:00', 5, 61, 6, 6, 0, NULL),
(1137, '2017-01-16 05:00:00', '1970-01-01 05:00:00', 5, 52, 4, 4, 0, NULL),
(1138, '2017-01-16 05:00:00', '1970-01-01 05:00:00', 5, 75, 4, 4, 0, NULL),
(1139, '2017-01-18 05:00:00', '1970-01-01 05:00:00', 5, 29, 4, 5, 0, NULL),
(1140, '2017-01-18 05:00:00', '1970-01-01 05:00:00', 5, 61, 5, 5, 0, NULL),
(1141, '2017-01-18 05:00:00', '1970-01-01 05:00:00', 5, 90, 5, 5, 0, NULL),
(1142, '2017-01-18 05:00:00', '1970-01-01 05:00:00', 5, 64, 5, 4, 0, NULL),
(1143, '2017-01-18 05:00:00', '1970-01-01 05:00:00', 5, 98, 5, 5, 0, NULL),
(1144, '2017-01-20 05:00:00', '1970-01-01 05:00:00', 5, 29, 4, 5, 0, NULL),
(1145, '2017-01-19 05:00:00', '1970-01-01 05:00:00', 5, 29, 4, 5, 0, NULL),
(1146, '2017-01-20 05:00:00', '1970-01-01 05:00:00', 5, 104, 5, 5, 0, NULL),
(1147, '2017-01-19 05:00:00', '1970-01-01 05:00:00', 5, 27, 5, 4, 0, NULL),
(1148, '2017-01-19 05:00:00', '1970-01-01 05:00:00', 5, 51, 4, 4, 0, NULL),
(1149, '2017-01-19 05:00:00', '1970-01-01 05:00:00', 5, 45, 6, 4, 0, NULL),
(1150, '2017-01-20 05:00:00', '1970-01-01 05:00:00', 5, 49, 5, 5, 0, NULL),
(1151, '2017-01-19 05:00:00', '1970-01-01 05:00:00', 5, 61, 6, 4, 0, NULL),
(1152, '2017-01-21 05:00:00', '1970-01-01 05:00:00', 5, 29, 4, 4, 0, NULL),
(1153, '2017-01-21 05:00:00', '1970-01-01 05:00:00', 5, 106, 5, 4, 0, NULL),
(1154, '2017-01-22 05:00:00', '1970-01-01 05:00:00', 5, 28, 5, 5, 0, NULL),
(1155, '2017-01-21 05:00:00', '1970-01-01 05:00:00', 5, 95, 5, 4, 0, NULL),
(1156, '2017-01-21 05:00:00', '1970-01-01 05:00:00', 5, 52, 5, 4, 0, NULL),
(1157, '2017-01-22 05:00:00', '1970-01-01 05:00:00', 5, 29, 5, 4, 0, NULL),
(1158, '2017-01-22 05:00:00', '1970-01-01 05:00:00', 5, 98, 4, 4, 0, NULL),
(1159, '2017-01-22 05:00:00', '1970-01-01 05:00:00', 5, 93, 5, 5, 0, NULL),
(1160, '2017-01-22 05:00:00', '1970-01-01 05:00:00', 5, 88, 5, 5, 0, NULL),
(1161, '2017-01-23 05:00:00', '1970-01-01 05:00:00', 5, 27, 4, 4, 0, NULL),
(1162, '2017-01-23 05:00:00', '1970-01-01 05:00:00', 5, 92, 5, 5, 0, NULL),
(1163, '2017-01-23 05:00:00', '1970-01-01 05:00:00', 5, 29, 5, 5, 0, NULL),
(1164, '2017-01-23 05:00:00', '1970-01-01 05:00:00', 5, 51, 5, 4, 0, NULL),
(1165, '2017-01-25 05:00:00', '1970-01-01 05:00:00', 5, 64, 5, 4, 0, NULL),
(1167, '2017-01-25 05:00:00', '1970-01-01 05:00:00', 5, 29, 4, 4, 0, NULL),
(1168, '2017-01-24 05:00:00', '1970-01-01 05:00:00', 5, 29, 4, 5, 0, NULL),
(1169, '2017-01-25 05:00:00', '1970-01-01 05:00:00', 5, 4, 5, 4, 0, NULL),
(1170, '2017-01-25 05:00:00', '1970-01-01 05:00:00', 5, 76, 4, 4, 0, NULL),
(1171, '2017-01-25 05:00:00', '1970-01-01 05:00:00', 5, 98, 5, 4, 0, NULL),
(1172, '2017-01-26 05:00:00', '1970-01-01 05:00:00', 5, 18, 6, 6, 0, NULL),
(1173, '2017-01-26 05:00:00', '1970-01-01 05:00:00', 5, 29, 4, 5, 0, NULL),
(1174, '2017-01-26 05:00:00', '1970-01-01 05:00:00', 5, 28, 5, 4, 0, NULL),
(1175, '2017-01-26 05:00:00', '1970-01-01 05:00:00', 5, 70, 4, 4, 0, NULL),
(1176, '2017-01-27 05:00:00', '1970-01-01 05:00:00', 5, 55, 4, 4, 0, NULL),
(1177, '2017-01-27 05:00:00', '1970-01-01 05:00:00', 5, 1, 5, 4, 0, NULL),
(1179, '2017-01-27 05:00:00', '1970-01-01 05:00:00', 5, 87, 5, 4, 0, NULL),
(1181, '2017-01-27 05:00:00', '1970-01-01 05:00:00', 5, 76, 5, 4, 0, NULL),
(1182, '2017-01-27 05:00:00', '1970-01-01 05:00:00', 5, 104, 4, 4, 0, NULL),
(1183, '2017-01-28 05:00:00', '1970-01-01 05:00:00', 5, 81, 5, 4, 0, NULL),
(1184, '2017-01-28 05:00:00', '1970-01-01 05:00:00', 5, 51, 5, 4, 0, NULL),
(1185, '2017-01-28 05:00:00', '1970-01-01 05:00:00', 5, 27, 5, 4, 0, NULL),
(1186, '2017-01-28 05:00:00', '1970-01-01 05:00:00', 5, 55, 5, 4, 0, NULL),
(1187, '2017-01-30 22:38:49', '1970-01-01 05:00:00', 5, 28, 5, 5, 0, NULL),
(1188, '2017-01-29 05:00:00', '1970-01-01 05:00:00', 5, 5, 5, 5, 0, NULL),
(1189, '2017-01-30 05:00:00', '1970-01-01 05:00:00', 5, 53, 6, 6, 0, NULL),
(1190, '2017-01-30 05:00:00', '1970-01-01 05:00:00', 5, 29, 4, 4, 0, NULL),
(1191, '2017-01-30 05:00:00', '1970-01-01 05:00:00', 5, 30, 6, 6, 0, NULL),
(1192, '2017-01-30 05:00:00', '1970-01-01 05:00:00', 5, 52, 6, 4, 0, NULL),
(1193, '2017-01-29 05:00:00', '1970-01-01 05:00:00', 5, 32, 4, 4, 0, NULL),
(1194, '2017-01-29 05:00:00', '1970-01-01 05:00:00', 5, 29, 6, 6, 0, NULL),
(1195, '2017-01-31 05:00:00', '1970-01-01 05:00:00', 5, 32, 6, 4, 0, NULL),
(1196, '2017-02-01 05:00:00', '1970-01-01 05:00:00', 5, 27, 5, 4, 0, NULL),
(1198, '2017-01-31 05:00:00', '1970-01-01 05:00:00', 5, 94, 5, 5, 0, NULL),
(1199, '2017-01-31 05:00:00', '1970-01-01 05:00:00', 5, 76, 4, 4, 0, NULL),
(1200, '2017-01-31 05:00:00', '1970-01-01 05:00:00', 5, 52, 5, 4, 0, NULL),
(1201, '2017-02-01 05:00:00', '1970-01-01 05:00:00', 5, 4, 5, 5, 0, NULL),
(1203, '2017-02-01 05:00:00', '1970-01-01 05:00:00', 5, 98, 5, 4, 0, NULL),
(1204, '2017-02-02 21:28:37', '1970-01-01 05:00:00', 6, 92, 6, 6, 0, NULL),
(1205, '2017-02-02 05:00:00', '1970-01-01 05:00:00', 5, 51, 4, 4, 0, NULL),
(1206, '2017-02-02 05:00:00', '1970-01-01 05:00:00', 5, 104, 5, 4, 0, NULL),
(1207, '2017-02-02 05:00:00', '1970-01-01 05:00:00', 5, 109, 6, 6, 0, NULL),
(1208, '2017-02-02 05:00:00', '1970-01-01 05:00:00', 5, 110, 5, 4, 0, NULL),
(1209, '2017-02-01 05:00:00', '1970-01-01 05:00:00', 5, 110, 5, 4, 0, NULL),
(1210, '2017-01-31 05:00:00', '1970-01-01 05:00:00', 5, 110, 5, 4, 0, NULL),
(1211, '2017-02-03 05:00:00', '1970-01-01 05:00:00', 5, 30, 5, 5, 0, NULL),
(1212, '2017-02-03 05:00:00', '1970-01-01 05:00:00', 5, 28, 5, 5, 0, NULL),
(1213, '2017-02-03 05:00:00', '1970-01-01 05:00:00', 5, 29, 4, 5, 0, NULL),
(1214, '2017-02-03 05:00:00', '1970-01-01 05:00:00', 5, 89, 5, 5, 0, NULL),
(1215, '2017-02-04 05:00:00', '1970-01-01 05:00:00', 5, 106, 5, 4, 0, NULL),
(1216, '2017-02-04 05:00:00', '1970-01-01 05:00:00', 5, 29, 5, 4, 0, NULL),
(1217, '2017-02-04 05:00:00', '1970-01-01 05:00:00', 5, 2, 5, 5, 0, NULL),
(1218, '2017-02-04 05:00:00', '1970-01-01 05:00:00', 5, 76, 5, 5, 0, NULL),
(1219, '2017-02-06 05:00:00', '1970-01-01 05:00:00', 5, 27, 4, 4, 0, NULL),
(1220, '2017-02-06 05:00:00', '1970-01-01 05:00:00', 5, 29, 4, 5, 0, NULL),
(1221, '2017-02-06 05:00:00', '1970-01-01 05:00:00', 5, 51, 4, 4, 0, NULL),
(1222, '2017-02-05 05:00:00', '1970-01-01 05:00:00', 5, 95, 5, 4, 0, NULL),
(1223, '2017-02-05 05:00:00', '1970-01-01 05:00:00', 5, 98, 4, 4, 0, NULL),
(1224, '2017-02-05 05:00:00', '1970-01-01 05:00:00', 5, 111, 5, 5, 0, NULL),
(1225, '2017-02-05 05:00:00', '1970-01-01 05:00:00', 5, 104, 5, 5, 0, NULL),
(1226, '2017-02-07 05:00:00', '1970-01-01 05:00:00', 5, 104, 5, 5, 0, NULL),
(1227, '2017-02-06 05:00:00', '1970-01-01 05:00:00', 5, 18, 6, 4, 0, NULL),
(1228, '2017-02-08 05:00:00', '1970-01-01 05:00:00', 5, 28, 5, 4, 0, NULL),
(1229, '2017-02-08 05:00:00', '1970-01-01 05:00:00', 5, 29, 4, 5, 0, NULL),
(1230, '2017-02-07 05:00:00', '1970-01-01 05:00:00', 5, 29, 4, 5, 0, NULL),
(1231, '2017-02-07 05:00:00', '1970-01-01 05:00:00', 5, 94, 5, 4, 0, NULL),
(1232, '2017-02-07 05:00:00', '1970-01-01 05:00:00', 5, 109, 5, 5, 0, NULL),
(1233, '2017-02-07 05:00:00', '1970-01-01 05:00:00', 5, 52, 5, 4, 0, NULL),
(1234, '2017-02-09 05:00:00', '1970-01-01 05:00:00', 5, 106, 4, 4, 0, NULL),
(1236, '2017-02-09 05:00:00', '1970-01-01 05:00:00', 5, 29, 4, 4, 0, NULL),
(1237, '2017-02-08 05:00:00', '1970-01-01 05:00:00', 5, 4, 5, 5, 0, NULL),
(1238, '2017-02-08 05:00:00', '1970-01-01 05:00:00', 5, 109, 5, 5, 0, NULL),
(1239, '2017-02-08 05:00:00', '1970-01-01 05:00:00', 5, 98, 5, 4, 0, NULL),
(1240, '2017-02-09 20:39:35', '1970-01-01 05:00:00', 6, 2, 6, 6, 0, NULL),
(1241, '2017-02-09 20:40:34', '1970-01-01 05:00:00', 6, 80, 6, 6, 0, NULL),
(1242, '2017-02-09 20:40:51', '1970-01-01 05:00:00', 6, 50, 6, 6, 0, NULL),
(1243, '2017-02-10 05:00:00', '1970-01-01 05:00:00', 5, 76, 5, 5, 0, NULL),
(1244, '2017-02-10 05:00:00', '1970-01-01 05:00:00', 5, 52, 5, 4, 0, NULL),
(1245, '2017-02-10 05:00:00', '1970-01-01 05:00:00', 5, 112, 5, 4, 0, NULL),
(1246, '2017-02-11 05:00:00', '1970-01-01 05:00:00', 5, 27, 5, 4, 0, NULL),
(1247, '2017-02-11 05:00:00', '1970-01-01 05:00:00', 5, 51, 5, 4, 0, NULL),
(1248, '2017-02-11 05:00:00', '1970-01-01 05:00:00', 5, 29, 5, 4, 0, NULL),
(1249, '2017-02-11 05:00:00', '1970-01-01 05:00:00', 6, 53, 6, 6, 0, NULL),
(1250, '2017-02-12 05:00:00', '1970-01-01 05:00:00', 5, 104, 5, 4, 0, NULL),
(1251, '2017-02-12 05:00:00', '1970-01-01 05:00:00', 5, 5, 5, 4, 0, NULL),
(1252, '2017-02-13 17:06:59', '1970-01-01 05:00:00', 6, 2, 6, 6, 0, NULL),
(1253, '2017-02-13 05:00:00', '1970-01-01 05:00:00', 5, 28, 5, 5, 0, NULL),
(1254, '2017-02-13 05:00:00', '1970-01-01 05:00:00', 5, 29, 4, 5, 0, NULL),
(1255, '2017-02-13 05:00:00', '1970-01-01 05:00:00', 5, 52, 5, 4, 0, NULL),
(1256, '2017-02-13 05:00:00', '1970-01-01 05:00:00', 5, 109, 4, 4, 0, NULL),
(1257, '2017-02-14 05:00:00', '1970-01-01 05:00:00', 5, 104, 5, 4, 0, NULL),
(1258, '2017-02-14 05:00:00', '1970-01-01 05:00:00', 5, 29, 5, 4, 0, NULL),
(1259, '2017-02-14 17:42:24', '1970-01-01 05:00:00', 6, 1, 6, 6, 0, NULL),
(1260, '2017-02-15 05:00:00', '1970-01-01 05:00:00', 5, 27, 5, 4, 0, NULL),
(1261, '2017-02-15 05:00:00', '1970-01-01 05:00:00', 5, 29, 4, 5, 0, NULL),
(1262, '2017-02-15 05:00:00', '1970-01-01 05:00:00', 5, 4, 5, 5, 0, NULL),
(1263, '2017-02-15 05:00:00', '1970-01-01 05:00:00', 5, 61, 5, 5, 0, NULL),
(1264, '2017-02-15 05:00:00', '1970-01-01 05:00:00', 5, 98, 5, 4, 0, NULL),
(1265, '2017-02-10 05:00:00', '1970-01-01 05:00:00', 5, 29, 4, 4, 0, NULL),
(1266, '2017-02-14 05:00:00', '1970-01-01 05:00:00', 5, 52, 5, 4, 0, NULL),
(1267, '2017-02-16 17:57:41', '1970-01-01 05:00:00', 6, 18, 6, 6, 0, NULL),
(1268, '2017-02-16 05:00:00', '1970-01-01 05:00:00', 5, 28, 5, 4, 0, NULL),
(1269, '2017-02-16 05:00:00', '1970-01-01 05:00:00', 5, 29, 4, 5, 0, NULL),
(1270, '2017-02-16 05:00:00', '1970-01-01 05:00:00', 5, 109, 6, 6, 0, NULL),
(1271, '2017-02-16 05:00:00', '1970-01-01 05:00:00', 5, 51, 5, 4, 0, NULL),
(1272, '2017-02-17 05:00:00', '1970-01-01 05:00:00', 5, 104, 5, 4, 0, NULL),
(1273, '2017-02-17 05:00:00', '1970-01-01 05:00:00', 5, 29, 4, 5, 0, NULL),
(1274, '2017-02-17 05:00:00', '1970-01-01 05:00:00', 5, 97, 5, 4, 0, NULL),
(1275, '2017-02-17 05:00:00', '1970-01-01 05:00:00', 5, 61, 5, 5, 0, NULL),
(1276, '2017-02-17 05:00:00', '1970-01-01 05:00:00', 5, 52, 5, 4, 0, NULL),
(1277, '2017-02-19 16:03:16', '1970-01-01 05:00:00', 6, 29, 6, 6, 0, NULL),
(1278, '2017-02-19 05:00:00', '1970-01-01 05:00:00', 5, 104, 5, 4, 0, NULL),
(1279, '2017-02-19 05:00:00', '1970-01-01 05:00:00', 5, 95, 5, 4, 0, NULL),
(1280, '2017-02-19 05:00:00', '1970-01-01 05:00:00', 5, 109, 5, 5, 0, NULL),
(1281, '2017-02-19 05:00:00', '1970-01-01 05:00:00', 5, 98, 4, 4, 0, NULL),
(1282, '2017-02-20 05:00:00', '1970-01-01 05:00:00', 5, 113, 5, 5, 0, NULL),
(1283, '2017-02-21 05:00:00', '1970-01-01 05:00:00', 5, 114, 5, 5, 0, NULL),
(1284, '2017-02-21 05:00:00', '1970-01-01 05:00:00', 5, 113, 5, 5, 0, NULL),
(1285, '2017-02-20 05:00:00', '1970-01-01 05:00:00', 5, 88, 5, 5, 0, NULL),
(1286, '2017-02-21 16:44:47', '1970-01-01 05:00:00', 5, 116, 5, 5, 0, NULL),
(1287, '2017-02-20 05:00:00', '1970-01-01 05:00:00', 5, 117, 5, 5, 0, NULL),
(1288, '2017-02-22 05:00:00', '1970-01-01 05:00:00', 5, 114, 5, 5, 0, NULL),
(1289, '2017-02-22 05:00:00', '1970-01-01 05:00:00', 5, 113, 5, 5, 0, NULL),
(1290, '2017-02-22 05:00:00', '1970-01-01 05:00:00', 5, 73, 5, 5, 0, NULL),
(1291, '2017-02-21 05:00:00', '1970-01-01 05:00:00', 5, 73, 5, 5, 0, NULL),
(1292, '2017-02-22 05:00:00', '1970-01-01 05:00:00', 5, 29, 5, 5, 0, NULL),
(1293, '2017-02-22 05:00:00', '1970-01-01 05:00:00', 5, 52, 5, 5, 0, NULL),
(1295, '2017-02-23 05:00:00', '1970-01-01 05:00:00', 5, 114, 5, 4, 0, NULL),
(1296, '2017-02-23 05:00:00', '1970-01-01 05:00:00', 5, 52, 5, 4, 0, NULL),
(1297, '2017-02-23 05:00:00', '1970-01-01 05:00:00', 5, 92, 5, 4, 0, NULL),
(1298, '2017-02-24 05:00:00', '1970-01-01 05:00:00', 5, 104, 5, 4, 0, NULL),
(1299, '2017-02-24 05:00:00', '1970-01-01 05:00:00', 5, 94, 5, 4, 0, NULL),
(1300, '2017-02-24 05:00:00', '1970-01-01 05:00:00', 5, 76, 5, 5, 0, NULL),
(1302, '2017-02-24 05:00:00', '1970-01-01 05:00:00', 5, 52, 4, 4, 0, NULL),
(1303, '2017-02-25 10:17:02', '1970-01-01 05:00:00', 5, 28, 5, 5, 0, NULL),
(1304, '2017-02-25 21:14:14', '1970-01-01 05:00:00', 6, 67, 6, 6, 0, NULL),
(1305, '2017-02-26 05:00:00', '1970-01-01 05:00:00', 5, 5, 5, 4, 0, NULL),
(1306, '2017-02-26 05:00:00', '1970-01-01 05:00:00', 5, 55, 4, 4, 0, NULL),
(1307, '2017-02-26 05:00:00', '1970-01-01 05:00:00', 5, 109, 5, 5, 0, NULL),
(1308, '2017-02-26 05:00:00', '1970-01-01 05:00:00', 5, 98, 4, 4, 0, NULL),
(1309, '2017-02-25 05:00:00', '1970-01-01 05:00:00', 5, 109, 5, 5, 0, NULL),
(1310, '2017-02-26 05:00:00', '1970-01-01 05:00:00', 5, 104, 5, 4, 0, NULL),
(1311, '2017-02-25 05:00:00', '1970-01-01 05:00:00', 5, 29, 4, 4, 0, NULL),
(1312, '2017-02-25 05:00:00', '1970-01-01 05:00:00', 5, 87, 5, 4, 0, NULL),
(1313, '2017-02-27 08:54:38', '1970-01-01 05:00:00', 5, 28, 5, 5, 0, NULL),
(1314, '2017-02-27 05:00:00', '1970-01-01 05:00:00', 5, 29, 4, 5, 0, NULL),
(1315, '2017-02-27 18:38:06', '1970-01-01 05:00:00', 6, 3, 6, 6, 0, NULL),
(1317, '2017-02-27 05:00:00', '1970-01-01 05:00:00', 5, 109, 6, 6, 0, NULL),
(1318, '2017-02-27 05:00:00', '1970-01-01 05:00:00', 5, 51, 5, 4, 0, NULL),
(1319, '2017-02-28 11:54:31', '1970-01-01 05:00:00', 6, 110, 6, 6, 0, NULL),
(1320, '2017-03-01 05:00:00', '1970-01-01 05:00:00', 5, 27, 4, 4, 0, NULL),
(1321, '2017-03-01 05:00:00', '1970-01-01 05:00:00', 5, 72, 4, 4, 0, NULL),
(1322, '2017-03-01 05:00:00', '1970-01-01 05:00:00', 5, 109, 5, 5, 0, NULL),
(1323, '2017-03-01 05:00:00', '1970-01-01 05:00:00', 5, 110, 4, 4, 0, NULL),
(1324, '2017-03-01 21:16:50', '1970-01-01 05:00:00', 5, 118, 5, 5, 0, NULL),
(1325, '2017-02-28 05:00:00', '1970-01-01 05:00:00', 5, 104, 5, 4, 0, NULL),
(1326, '2017-02-28 05:00:00', '1970-01-01 05:00:00', 5, 76, 5, 5, 0, NULL),
(1327, '2017-02-28 05:00:00', '1970-01-01 05:00:00', 5, 94, 5, 4, 0, NULL),
(1328, '2017-03-02 05:00:00', '1970-01-01 05:00:00', 5, 27, 4, 4, 0, NULL),
(1329, '2017-03-02 05:00:00', '1970-01-01 05:00:00', 5, 29, 4, 5, 0, NULL),
(1330, '2017-03-02 20:57:43', '1970-01-01 05:00:00', 6, 107, 6, 6, 0, NULL),
(1331, '2017-03-02 20:58:16', '1970-01-01 05:00:00', 6, 34, 6, 6, 0, NULL),
(1332, '2017-03-02 20:58:37', '1970-01-01 05:00:00', 6, 80, 6, 6, 0, NULL),
(1333, '2017-03-03 06:10:10', '1970-01-01 05:00:00', 6, 32, 6, 6, 0, NULL),
(1334, '2017-03-03 05:00:00', '1970-01-01 05:00:00', 5, 52, 5, 4, 0, NULL),
(1335, '2017-03-03 05:00:00', '1970-01-01 05:00:00', 5, 112, 5, 4, 0, NULL),
(1336, '2017-03-03 05:00:00', '1970-01-01 05:00:00', 5, 29, 4, 4, 0, NULL),
(1337, '2017-03-03 05:00:00', '1970-01-01 05:00:00', 5, 109, 5, 5, 0, NULL),
(1338, '2017-03-04 05:00:00', '1970-01-01 05:00:00', 5, 27, 5, 4, 0, NULL),
(1339, '2017-03-04 05:00:00', '1970-01-01 05:00:00', 5, 29, 5, 4, 0, NULL),
(1340, '2017-03-04 05:00:00', '1970-01-01 05:00:00', 5, 45, 5, 4, 0, NULL),
(1341, '2017-03-04 05:00:00', '1970-01-01 05:00:00', 5, 76, 5, 5, 0, NULL),
(1342, '2017-03-04 05:00:00', '1970-01-01 05:00:00', 5, 51, 5, 5, 0, NULL),
(1343, '2017-03-05 20:42:12', '1970-01-01 05:00:00', 6, 29, 6, 6, 0, NULL),
(1344, '2017-03-05 05:00:00', '1970-01-01 05:00:00', 5, 32, 5, 4, 0, NULL),
(1345, '2017-03-05 05:00:00', '1970-01-01 05:00:00', 5, 95, 5, 4, 0, NULL),
(1346, '2017-03-05 05:00:00', '1970-01-01 05:00:00', 5, 30, 5, 5, 0, NULL),
(1347, '2017-03-05 05:00:00', '1970-01-01 05:00:00', 5, 98, 5, 4, 0, NULL),
(1348, '2017-03-06 17:39:57', '1970-01-01 05:00:00', 6, 18, 6, 6, 0, NULL),
(1349, '2017-03-06 05:00:00', '1970-01-01 05:00:00', 5, 28, 4, 4, 0, NULL),
(1350, '2017-03-06 05:00:00', '1970-01-01 05:00:00', 5, 29, 4, 5, 0, NULL),
(1351, '2017-03-06 05:00:00', '1970-01-01 05:00:00', 5, 52, 4, 4, 0, NULL),
(1352, '2017-03-06 05:00:00', '1970-01-01 05:00:00', 5, 109, 5, 5, 0, NULL),
(1353, '2017-03-08 05:00:00', '1970-01-01 05:00:00', 5, 28, 5, 5, 0, NULL),
(1354, '2017-03-08 05:00:00', '1970-01-01 05:00:00', 5, 29, 4, 5, 0, NULL),
(1355, '2017-03-08 05:00:00', '1970-01-01 05:00:00', 5, 4, 5, 4, 0, NULL),
(1356, '2017-03-08 05:00:00', '1970-01-01 05:00:00', 5, 109, 5, 5, 0, NULL),
(1357, '2017-03-09 18:56:57', '1970-01-01 05:00:00', 6, 81, 6, 6, 0, NULL),
(1358, '2017-03-09 18:57:11', '1970-01-01 05:00:00', 6, 34, 6, 6, 0, NULL),
(1359, '2017-03-09 20:38:57', '1970-01-01 05:00:00', 6, 51, 6, 6, 0, NULL),
(1360, '2017-03-09 05:00:00', '1970-01-01 05:00:00', 5, 27, 5, 4, 0, NULL),
(1361, '2017-03-09 05:00:00', '1970-01-01 05:00:00', 5, 29, 4, 5, 0, NULL),
(1362, '2017-03-07 05:00:00', '1970-01-01 05:00:00', 5, 29, 4, 5, 0, NULL),
(1363, '2017-03-10 06:18:52', '1970-01-01 05:00:00', 6, 74, 6, 6, 0, NULL),
(1364, '2017-03-10 05:00:00', '1970-01-01 05:00:00', 5, 29, 5, 4, 0, NULL),
(1365, '2017-03-10 05:00:00', '1970-01-01 05:00:00', 5, 88, 5, 5, 0, NULL),
(1367, '2017-03-10 05:00:00', '1970-01-01 05:00:00', 5, 52, 5, 4, 0, NULL),
(1369, '2017-03-10 05:00:00', '1970-01-01 05:00:00', 5, 119, 5, 4, 0, NULL),
(1370, '2017-03-12 05:00:00', '1970-01-01 05:00:00', 5, 104, 5, 4, 0, NULL),
(1371, '2017-03-12 05:00:00', '1970-01-01 05:00:00', 5, 29, 5, 5, 0, NULL),
(1372, '2017-03-12 05:00:00', '1970-01-01 05:00:00', 5, 5, 5, 4, 0, NULL),
(1373, '2017-03-12 05:00:00', '1970-01-01 05:00:00', 5, 61, 5, 5, 0, NULL),
(1374, '2017-03-12 05:00:00', '1970-01-01 05:00:00', 5, 98, 4, 4, 0, NULL),
(1375, '2017-03-11 05:00:00', '1970-01-01 05:00:00', 5, 53, 5, 4, 0, NULL),
(1376, '2017-03-11 05:00:00', '1970-01-01 05:00:00', 5, 109, 5, 5, 0, NULL),
(1377, '2017-03-11 05:00:00', '1970-01-01 05:00:00', 5, 29, 4, 4, 0, NULL),
(1378, '2017-03-11 05:00:00', '1970-01-01 05:00:00', 5, 120, 5, 5, 0, NULL),
(1379, '2017-03-13 16:27:30', '1970-01-01 05:00:00', 6, 2, 6, 6, 0, NULL),
(1380, '2017-03-13 04:00:00', '1970-01-01 05:00:00', 5, 28, 5, 4, 0, NULL),
(1381, '2017-03-13 04:00:00', '1970-01-01 05:00:00', 5, 51, 5, 4, 0, NULL),
(1382, '2017-03-14 04:00:00', '1970-01-01 05:00:00', 5, 104, 4, 4, 0, NULL),
(1383, '2017-03-14 04:00:00', '1970-01-01 05:00:00', 5, 29, 4, 5, 0, NULL),
(1384, '2017-03-14 04:00:00', '1970-01-01 05:00:00', 5, 90, 4, 4, 0, NULL),
(1385, '2017-03-14 04:00:00', '1970-01-01 05:00:00', 5, 109, 5, 5, 0, NULL),
(1386, '2017-03-14 04:00:00', '1970-01-01 05:00:00', 5, 52, 4, 4, 0, NULL),
(1387, '2017-03-13 04:00:00', '1970-01-01 05:00:00', 5, 29, 6, 6, 0, NULL),
(1388, '2017-03-16 04:00:00', '1970-01-01 05:00:00', 5, 28, 5, 4, 0, NULL),
(1389, '2017-03-16 04:00:00', '1970-01-01 05:00:00', 5, 29, 4, 5, 0, NULL),
(1390, '2017-03-15 04:00:00', '1970-01-01 05:00:00', 5, 49, 4, 4, 0, NULL),
(1391, '2017-03-15 04:00:00', '1970-01-01 05:00:00', 5, 29, 4, 5, 0, NULL),
(1392, '2017-03-15 04:00:00', '1970-01-01 05:00:00', 5, 30, 4, 4, 0, NULL),
(1393, '2017-03-15 04:00:00', '1970-01-01 05:00:00', 5, 74, 5, 4, 0, NULL),
(1394, '2017-03-15 04:00:00', '1970-01-01 05:00:00', 5, 98, 5, 4, 0, NULL),
(1395, '2017-03-16 18:39:36', '1970-01-01 05:00:00', 6, 18, 6, 6, 0, NULL),
(1396, '2017-03-16 20:28:50', '1970-01-01 05:00:00', 6, 34, 6, 6, 0, NULL),
(1397, '2017-03-16 20:29:47', '1970-01-01 05:00:00', 6, 80, 6, 6, 0, NULL),
(1398, '2017-03-17 14:31:58', '1970-01-01 05:00:00', 6, 74, 6, 6, 0, NULL),
(1399, '2017-03-18 04:00:00', '1970-01-01 05:00:00', 5, 27, 5, 4, 0, NULL),
(1400, '2017-03-17 04:00:00', '1970-01-01 05:00:00', 5, 51, 5, 4, 0, NULL),
(1401, '2017-03-17 04:00:00', '1970-01-01 05:00:00', 5, 121, 5, 4, 0, NULL),
(1402, '2017-03-17 04:00:00', '1970-01-01 05:00:00', 5, 29, 4, 6, 0, NULL),
(1403, '2017-03-17 04:00:00', '1970-01-01 05:00:00', 5, 88, 4, 4, 0, NULL),
(1404, '2017-03-18 04:00:00', '1970-01-01 05:00:00', 5, 29, 4, 5, 0, NULL),
(1405, '2017-03-18 04:00:00', '1970-01-01 05:00:00', 5, 2, 5, 4, 0, NULL),
(1406, '2017-03-18 04:00:00', '1970-01-01 05:00:00', 5, 34, 5, 4, 0, NULL),
(1407, '2017-03-18 04:00:00', '1970-01-01 05:00:00', 5, 87, 5, 4, 0, NULL),
(1408, '2017-03-19 04:00:00', '1970-01-01 05:00:00', 5, 104, 5, 4, 0, NULL),
(1409, '2017-03-20 12:19:35', '1970-01-01 05:00:00', 6, 29, 6, 6, 0, NULL),
(1410, '2017-03-20 17:58:50', '1970-01-01 05:00:00', 6, 53, 6, 6, 0, NULL),
(1411, '2017-03-20 04:00:00', '1970-01-01 05:00:00', 5, 28, 5, 4, 0, NULL),
(1412, '2017-03-20 04:00:00', '1970-01-01 05:00:00', 5, 52, 4, 4, 0, NULL),
(1413, '2017-03-21 04:00:00', '1970-01-01 05:00:00', 5, 104, 5, 4, 0, NULL),
(1414, '2017-03-22 04:00:00', '1970-01-01 05:00:00', 5, 28, 5, 4, 0, NULL),
(1415, '2017-03-22 04:00:00', '1970-01-01 05:00:00', 5, 29, 4, 5, 0, NULL),
(1416, '2017-03-22 04:00:00', '1970-01-01 05:00:00', 5, 118, 5, 4, 0, NULL),
(1417, '2017-03-22 04:00:00', '1970-01-01 05:00:00', 5, 30, 4, 4, 0, NULL),
(1418, '2017-03-22 04:00:00', '1970-01-01 05:00:00', 5, 98, 5, 4, 0, NULL),
(1419, '2017-03-21 04:00:00', '1970-01-01 05:00:00', 5, 29, 4, 5, 0, NULL),
(1420, '2017-03-21 04:00:00', '1970-01-01 05:00:00', 5, 97, 5, 4, 0, NULL),
(1421, '2017-03-21 04:00:00', '1970-01-01 05:00:00', 5, 52, 4, 4, 0, NULL),
(1422, '2017-03-21 04:00:00', '1970-01-01 05:00:00', 5, 109, 5, 5, 0, NULL),
(1423, '2017-03-23 04:00:00', '1970-01-01 05:00:00', 5, 64, 5, 4, 0, NULL),
(1424, '2017-03-23 04:00:00', '1970-01-01 05:00:00', 5, 29, 4, 5, 0, NULL),
(1425, '2017-03-23 16:57:43', '1970-01-01 05:00:00', 6, 3, 6, 6, 0, NULL),
(1426, '2017-03-25 04:00:00', '1970-01-01 05:00:00', 5, 28, 5, 4, 0, NULL),
(1428, '2017-03-24 04:00:00', '1970-01-01 05:00:00', 5, 29, 4, 5, 0, NULL),
(1429, '2017-03-24 04:00:00', '1970-01-01 05:00:00', 5, 64, 5, 4, 0, NULL),
(1430, '2017-03-24 04:00:00', '1970-01-01 05:00:00', 5, 1, 5, 4, 0, NULL),
(1431, '2017-03-24 04:00:00', '1970-01-01 05:00:00', 5, 52, 5, 4, 0, NULL),
(1432, '2017-03-23 04:00:00', '1970-01-01 05:00:00', 5, 51, 5, 4, 0, NULL),
(1433, '2017-03-24 04:00:00', '1970-01-01 05:00:00', 5, 103, 5, 5, 0, NULL),
(1434, '2017-03-25 19:30:13', '1970-01-01 05:00:00', 6, 67, 6, 6, 0, NULL),
(1435, '2017-03-25 19:44:28', '1970-01-01 05:00:00', 6, 34, 6, 6, 0, NULL),
(1436, '2017-03-27 10:51:17', '1970-01-01 05:00:00', 6, 110, 6, 6, 0, NULL),
(1437, '2017-03-27 04:00:00', '1970-01-01 05:00:00', 5, 27, 5, 4, 0, NULL),
(1438, '2017-03-27 04:00:00', '1970-01-01 05:00:00', 5, 3, 5, 4, 0, NULL),
(1439, '2017-03-27 04:00:00', '1970-01-01 05:00:00', 5, 76, 5, 5, 0, NULL),
(1440, '2017-03-25 04:00:00', '1970-01-01 05:00:00', 5, 29, 4, 4, 0, NULL),
(1441, '2017-03-26 04:00:00', '1970-01-01 05:00:00', 5, 95, 5, 4, 0, NULL),
(1442, '2017-03-26 04:00:00', '1970-01-01 05:00:00', 5, 104, 5, 4, 0, NULL),
(1443, '2017-03-26 04:00:00', '1970-01-01 05:00:00', 5, 29, 5, 4, 0, NULL),
(1444, '2017-03-26 04:00:00', '1970-01-01 05:00:00', 5, 103, 5, 5, 0, NULL),
(1445, '2017-03-26 04:00:00', '1970-01-01 05:00:00', 5, 98, 5, 4, 0, NULL),
(1446, '2017-03-27 04:00:00', '1970-01-01 05:00:00', 5, 51, 4, 4, 0, NULL),
(1447, '2017-03-29 04:00:00', '1970-01-01 05:00:00', 5, 28, 5, 4, 0, NULL),
(1448, '2017-03-29 04:00:00', '1970-01-01 05:00:00', 5, 29, 4, 5, 0, NULL),
(1449, '2017-03-29 04:00:00', '1970-01-01 05:00:00', 5, 4, 5, 5, 0, NULL),
(1450, '2017-03-29 04:00:00', '1970-01-01 05:00:00', 5, 76, 5, 5, 0, NULL),
(1451, '2017-03-29 04:00:00', '1970-01-01 05:00:00', 5, 98, 5, 4, 0, NULL),
(1452, '2017-03-28 04:00:00', '1970-01-01 05:00:00', 5, 95, 5, 5, 0, NULL),
(1453, '2017-03-28 04:00:00', '1970-01-01 05:00:00', 5, 27, 5, 4, 0, NULL),
(1454, '2017-03-28 04:00:00', '1970-01-01 05:00:00', 5, 109, 4, 4, 0, NULL),
(1455, '2017-03-28 04:00:00', '1970-01-01 05:00:00', 5, 29, 4, 5, 0, NULL),
(1456, '2017-03-28 04:00:00', '1970-01-01 05:00:00', 5, 52, 4, 4, 0, NULL),
(1457, '2017-03-30 17:33:48', '1970-01-01 05:00:00', 6, 78, 6, 6, 0, NULL),
(1458, '2017-03-30 17:33:54', '1970-01-01 05:00:00', 6, 34, 6, 6, 0, NULL),
(1459, '2017-03-30 04:00:00', '1970-01-01 05:00:00', 5, 77, 5, 4, 0, NULL),
(1460, '2017-03-30 04:00:00', '1970-01-01 05:00:00', 5, 29, 4, 5, 0, NULL),
(1462, '2017-03-30 04:00:00', '1970-01-01 05:00:00', 5, 52, 5, 5, 0, NULL),
(1463, '2017-03-31 04:00:00', '1970-01-01 05:00:00', 5, 104, 5, 4, 0, NULL),
(1464, '2017-03-31 04:00:00', '1970-01-01 05:00:00', 5, 29, 4, 5, 0, NULL),
(1465, '2017-03-31 04:00:00', '1970-01-01 05:00:00', 5, 94, 5, 4, 0, NULL),
(1467, '2017-03-31 04:00:00', '1970-01-01 05:00:00', 5, 61, 5, 5, 0, NULL),
(1468, '2017-03-31 04:00:00', '1970-01-01 05:00:00', 5, 51, 4, 4, 0, NULL),
(1469, '2017-04-01 04:00:00', '1970-01-01 05:00:00', 5, 28, 5, 5, 0, NULL),
(1470, '2017-04-02 04:00:00', '1970-01-01 05:00:00', 5, 5, 5, 4, 0, NULL),
(1471, '2017-04-02 04:00:00', '1970-01-01 05:00:00', 5, 76, 5, 5, 0, NULL),
(1472, '2017-04-02 04:00:00', '1970-01-01 05:00:00', 5, 98, 5, 4, 0, NULL),
(1473, '2017-04-02 04:00:00', '1970-01-01 05:00:00', 5, 104, 5, 4, 0, NULL),
(1474, '2017-04-02 04:00:00', '1970-01-01 05:00:00', 5, 29, 5, 5, 0, NULL),
(1475, '2017-04-01 04:00:00', '1970-01-01 05:00:00', 5, 92, 5, 4, 0, NULL),
(1476, '2017-04-01 04:00:00', '1970-01-01 05:00:00', 5, 76, 5, 5, 0, NULL),
(1477, '2017-04-01 04:00:00', '1970-01-01 05:00:00', 5, 29, 5, 5, 0, NULL),
(1478, '2017-04-01 04:00:00', '1970-01-01 05:00:00', 5, 87, 5, 4, 0, NULL),
(1480, '2017-04-03 16:49:48', '1970-01-01 05:00:00', 6, 67, 6, 6, 0, NULL),
(1481, '2017-04-03 04:00:00', '1970-01-01 05:00:00', 5, 27, 5, 4, 0, NULL),
(1482, '2017-04-03 04:00:00', '1970-01-01 05:00:00', 5, 52, 5, 4, 0, NULL),
(1483, '2017-04-03 04:00:00', '1970-01-01 05:00:00', 5, 79, 4, 4, 0, NULL),
(1484, '2017-04-04 04:00:00', '1970-01-01 05:00:00', 6, 49, 6, 6, 0, NULL),
(1486, '2017-04-04 04:00:00', '1970-01-01 05:00:00', 5, 29, 4, 5, 0, NULL),
(1487, '2017-04-04 04:00:00', '1970-01-01 05:00:00', 5, 51, 4, 4, 0, NULL),
(1488, '2017-04-04 04:00:00', '1970-01-01 05:00:00', 5, 109, 5, 5, 0, NULL),
(1489, '2017-04-05 04:00:00', '1970-01-01 05:00:00', 5, 28, 5, 4, 0, NULL),
(1490, '2017-04-04 04:00:00', '1970-01-01 05:00:00', 5, 104, 5, 4, 0, NULL),
(1491, '2017-04-05 04:00:00', '1970-01-01 05:00:00', 5, 29, 4, 5, 0, NULL),
(1492, '2017-04-05 04:00:00', '1970-01-01 05:00:00', 5, 4, 5, 4, 0, NULL),
(1493, '2017-04-05 04:00:00', '1970-01-01 05:00:00', 5, 98, 4, 4, 0, NULL),
(1494, '2017-04-06 16:12:09', '1970-01-01 05:00:00', 6, 110, 6, 6, 0, NULL),
(1495, '2017-04-06 16:21:40', '1970-01-01 05:00:00', 6, 124, 6, 6, 0, NULL),
(1496, '2017-04-06 18:15:32', '1970-01-01 05:00:00', 6, 34, 6, 6, 0, NULL),
(1497, '2017-04-06 19:11:47', '1970-01-01 05:00:00', 6, 87, 6, 6, 0, NULL),
(1498, '2017-04-06 04:00:00', '1970-01-01 05:00:00', 5, 64, 5, 4, 0, NULL),
(1499, '2017-04-07 19:08:37', '1970-01-01 05:00:00', 6, 28, 6, 6, 0, NULL),
(1500, '2017-04-07 04:00:00', '1970-01-01 05:00:00', 5, 110, 5, 4, 0, NULL),
(1501, '2017-04-07 04:00:00', '1970-01-01 05:00:00', 5, 112, 5, 4, 0, NULL),
(1502, '2017-04-07 04:00:00', '1970-01-01 05:00:00', 5, 51, 4, 4, 0, NULL),
(1503, '2017-04-08 04:00:00', '1970-01-01 05:00:00', 5, 45, 5, 5, 0, NULL),
(1504, '2017-04-08 04:00:00', '1970-01-01 05:00:00', 5, 30, 4, 4, 0, NULL),
(1505, '2017-04-08 04:00:00', '1970-01-01 05:00:00', 5, 104, 5, 4, 0, NULL),
(1506, '2017-04-08 04:00:00', '1970-01-01 05:00:00', 5, 52, 5, 5, 0, NULL),
(1507, '2017-04-09 16:31:33', '1970-01-01 05:00:00', 6, 95, 6, 6, 0, NULL),
(1508, '2017-04-09 19:36:42', '1970-01-01 05:00:00', 6, 83, 6, 6, 0, NULL),
(1509, '2017-04-10 04:00:00', '1970-01-01 05:00:00', 5, 28, 5, 4, 0, NULL),
(1510, '2017-04-09 04:00:00', '1970-01-01 05:00:00', 5, 75, 5, 4, 0, NULL),
(1511, '2017-04-09 04:00:00', '1970-01-01 05:00:00', 5, 52, 4, 4, 0, NULL),
(1512, '2017-04-10 16:38:56', '1970-01-01 05:00:00', 5, 53, 5, 5, 0, NULL),
(1513, '2017-04-10 04:00:00', '1970-01-01 05:00:00', 5, 125, 4, 4, 0, NULL),
(1515, '2017-04-11 04:00:00', '1970-01-01 05:00:00', 5, 64, 5, 4, 0, NULL),
(1516, '2017-04-12 04:00:00', '1970-01-01 05:00:00', 5, 27, 5, 4, 0, NULL),
(1517, '2017-04-11 04:00:00', '1970-01-01 05:00:00', 5, 94, 5, 5, 0, NULL),
(1518, '2017-04-11 04:00:00', '1970-01-01 05:00:00', 5, 30, 4, 4, 0, NULL),
(1519, '2017-04-11 04:00:00', '1970-01-01 05:00:00', 5, 52, 4, 4, 0, NULL),
(1520, '2017-04-11 04:00:00', '1970-01-01 05:00:00', 5, 127, 4, 4, 0, NULL),
(1521, '2017-04-10 04:00:00', '1970-01-01 05:00:00', 5, 51, 4, 4, 0, NULL),
(1525, '2017-04-13 04:00:00', '1970-01-01 05:00:00', 5, 28, 5, 5, 0, NULL),
(1527, '2017-04-12 04:00:00', '1970-01-01 05:00:00', 5, 98, 5, 4, 0, NULL),
(1528, '2017-04-12 04:00:00', '1970-01-01 05:00:00', 5, 30, 4, 4, 0, NULL),
(1530, '2017-04-12 04:00:00', '1970-01-01 05:00:00', 5, 128, 5, 5, 1, 238),
(1531, '2017-04-14 04:00:00', '1970-01-01 05:00:00', 5, 94, 5, 5, 0, NULL),
(1532, '2017-04-14 04:00:00', '1970-01-01 05:00:00', 5, 61, 4, 4, 0, NULL),
(1533, '2017-04-14 04:00:00', '1970-01-01 05:00:00', 5, 51, 5, 4, 0, NULL),
(1534, '2017-04-14 04:00:00', '1970-01-01 05:00:00', 5, 104, 5, 5, 0, NULL),
(1535, '2017-04-13 04:00:00', '1970-01-01 05:00:00', 5, 18, 5, 5, 0, NULL),
(1536, '2017-04-13 04:00:00', '1970-01-01 05:00:00', 5, 30, 5, 4, 0, NULL),
(1537, '2017-04-15 04:00:00', '1970-01-01 05:00:00', 5, 27, 5, 4, 0, NULL),
(1538, '2017-04-15 19:43:04', '1970-01-01 05:00:00', 6, 123, 6, 6, 0, NULL),
(1539, '2017-04-15 19:43:16', '1970-01-01 05:00:00', 6, 2, 6, 6, 0, NULL),
(1540, '2017-04-15 20:32:04', '1970-01-01 05:00:00', 6, 47, 6, 6, 0, NULL),
(1541, '2017-04-15 20:32:27', '1970-01-01 05:00:00', 6, 87, 6, 6, 0, NULL),
(1542, '2017-04-16 14:47:39', '1970-01-01 05:00:00', 6, 32, 6, 6, 0, NULL),
(1543, '2017-04-16 14:48:11', '1970-01-01 05:00:00', 6, 29, 6, 6, 0, NULL),
(1544, '2017-04-16 04:00:00', '1970-01-01 05:00:00', 5, 5, 5, 5, 0, NULL),
(1545, '2017-04-16 04:00:00', '1970-01-01 05:00:00', 5, 44, 5, 5, 0, NULL),
(1546, '2017-04-16 04:00:00', '1970-01-01 05:00:00', 5, 52, 5, 5, 1, 246),
(1547, '2017-04-17 12:40:13', '1970-01-01 05:00:00', 6, 29, 6, 6, 0, NULL),
(1548, '2017-04-17 04:00:00', '1970-01-01 05:00:00', 5, 28, 5, 5, 0, NULL),
(1549, '2017-04-17 04:00:00', '1970-01-01 05:00:00', 5, 18, 5, 5, 0, NULL),
(1550, '2017-04-17 04:00:00', '1970-01-01 05:00:00', 5, 88, 5, 5, 0, NULL),
(1551, '2017-04-17 04:00:00', '1970-01-01 05:00:00', 5, 52, 5, 4, 0, NULL),
(1552, '2017-04-17 04:00:00', '1970-01-01 05:00:00', 5, 79, 4, 4, 0, NULL),
(1553, '2017-04-18 04:00:00', '1970-01-01 05:00:00', 5, 29, 4, 5, 0, NULL),
(1554, '2017-04-18 04:00:00', '1970-01-01 05:00:00', 5, 104, 5, 5, 0, NULL),
(1555, '2017-04-18 04:00:00', '1970-01-01 05:00:00', 5, 94, 5, 5, 0, NULL),
(1556, '2017-04-18 04:00:00', '1970-01-01 05:00:00', 5, 76, 5, 5, 0, NULL),
(1557, '2017-04-18 04:00:00', '1970-01-01 05:00:00', 5, 51, 4, 4, 0, NULL),
(1558, '2017-04-19 04:00:00', '1970-01-01 05:00:00', 5, 28, 5, 5, 0, NULL),
(1559, '2017-04-19 04:00:00', '1970-01-01 05:00:00', 5, 29, 4, 5, 0, NULL),
(1560, '2017-04-19 04:00:00', '1970-01-01 05:00:00', 5, 118, 5, 4, 0, NULL),
(1561, '2017-04-19 04:00:00', '1970-01-01 05:00:00', 5, 98, 5, 4, 0, NULL),
(1562, '2017-04-19 04:00:00', '1970-01-01 05:00:00', 5, 79, 4, 4, 0, NULL),
(1563, '2017-04-20 16:38:26', '1970-01-01 05:00:00', 6, 2, 6, 6, 0, NULL),
(1564, '2017-04-20 04:00:00', '1970-01-01 05:00:00', 5, 29, 4, 5, 0, NULL),
(1565, '2017-04-20 04:00:00', '1970-01-01 05:00:00', 5, 64, 4, 4, 0, NULL),
(1566, '2017-04-20 04:00:00', '1970-01-01 05:00:00', 5, 87, 5, 4, 0, NULL),
(1567, '2017-04-20 04:00:00', '1970-01-01 05:00:00', 5, 109, 6, 6, 0, NULL),
(1568, '2017-04-21 19:03:56', '1970-01-01 05:00:00', 6, 1, 6, 6, 0, NULL),
(1570, '2017-04-22 04:00:00', '1970-01-01 05:00:00', 5, 106, 5, 5, 0, NULL),
(1571, '2017-04-22 04:00:00', '1970-01-01 05:00:00', 5, 55, 5, 5, 0, NULL),
(1572, '2017-04-22 04:00:00', '1970-01-01 05:00:00', 5, 45, 5, 5, 0, NULL),
(1573, '2017-04-21 04:00:00', '1970-01-01 05:00:00', 5, 29, 4, 5, 0, NULL),
(1574, '2017-04-21 04:00:00', '1970-01-01 05:00:00', 5, 27, 4, 4, 0, NULL),
(1575, '2017-04-21 04:00:00', '1970-01-01 05:00:00', 5, 109, 6, 6, 0, NULL),
(1576, '2017-04-21 04:00:00', '1970-01-01 05:00:00', 5, 72, 5, 4, 0, NULL),
(1577, '2017-04-23 04:00:00', '1970-01-01 05:00:00', 5, 104, 5, 4, 0, NULL),
(1578, '2017-04-23 04:00:00', '1970-01-01 05:00:00', 5, 29, 5, 5, 0, NULL),
(1579, '2017-04-23 04:00:00', '1970-01-01 05:00:00', 5, 33, 5, 5, 0, NULL),
(1580, '2017-04-23 04:00:00', '1970-01-01 05:00:00', 5, 30, 5, 5, 0, NULL),
(1581, '2017-04-23 04:00:00', '1970-01-01 05:00:00', 5, 98, 5, 5, 0, NULL),
(1582, '2017-04-22 04:00:00', '1970-01-01 05:00:00', 5, 76, 4, 4, 0, NULL),
(1583, '2017-04-22 04:00:00', '1970-01-01 05:00:00', 5, 52, 5, 4, 0, NULL),
(1584, '2017-04-24 04:00:00', '1970-01-01 05:00:00', 5, 28, 5, 5, 1, 257),
(1585, '2017-04-24 15:52:14', '1970-01-01 05:00:00', 6, 78, 6, 6, 0, NULL),
(1586, '2017-04-24 15:52:39', '1970-01-01 05:00:00', 6, 34, 6, 6, 0, NULL),
(1587, '2017-04-24 04:00:00', '1970-01-01 05:00:00', 5, 51, 5, 4, 0, NULL),
(1588, '2017-04-25 04:00:00', '1970-01-01 05:00:00', 4, 1, 4, 4, 0, NULL),
(1589, '2017-04-25 04:00:00', '1970-01-01 05:00:00', 4, 61, 4, 4, 0, NULL),
(1590, '2017-04-25 04:00:00', '1970-01-01 05:00:00', 5, 64, 5, 4, 0, NULL),
(1591, '2017-04-25 04:00:00', '1970-01-01 05:00:00', 5, 29, 4, 5, 0, NULL),
(1592, '2017-04-25 04:00:00', '1970-01-01 05:00:00', 5, 52, 5, 4, 0, NULL),
(1593, '2017-04-24 04:00:00', '1970-01-01 05:00:00', 5, 29, 4, 4, 0, NULL),
(1594, '2017-04-26 04:00:00', '1970-01-01 05:00:00', 5, 104, 5, 4, 0, NULL),
(1595, '2017-04-26 04:00:00', '1970-01-01 05:00:00', 5, 29, 4, 5, 0, NULL),
(1596, '2017-04-26 04:00:00', '1970-01-01 05:00:00', 5, 4, 5, 5, 0, NULL),
(1597, '2017-04-26 04:00:00', '1970-01-01 05:00:00', 5, 76, 4, 4, 0, NULL),
(1598, '2017-04-26 04:00:00', '1970-01-01 05:00:00', 5, 98, 5, 4, 0, NULL),
(1599, '2017-04-27 17:36:53', '1970-01-01 05:00:00', 6, 45, 6, 6, 0, NULL),
(1600, '2017-04-27 17:37:50', '1970-01-01 05:00:00', 6, 73, 6, 6, 0, NULL),
(1601, '2017-04-27 04:00:00', '1970-01-01 05:00:00', 5, 29, 4, 5, 0, NULL),
(1603, '2017-04-27 04:00:00', '1970-01-01 05:00:00', 5, 106, 5, 5, 0, NULL),
(1604, '2017-04-27 19:29:18', '1970-01-01 05:00:00', 6, 80, 6, 6, 0, NULL),
(1605, '2017-04-28 05:54:36', '1970-01-01 05:00:00', 6, 32, 6, 6, 0, NULL),
(1606, '2017-04-28 04:00:00', '1970-01-01 05:00:00', 5, 29, 4, 5, 0, NULL),
(1607, '2017-04-28 04:00:00', '1970-01-01 05:00:00', 5, 1, 5, 5, 0, NULL),
(1608, '2017-04-28 04:00:00', '1970-01-01 05:00:00', 5, 51, 4, 4, 0, NULL),
(1609, '2017-04-28 04:00:00', '1970-01-01 05:00:00', 5, 76, 4, 4, 0, NULL),
(1610, '2017-04-29 04:00:00', '1970-01-01 05:00:00', 5, 27, 4, 4, 0, NULL),
(1611, '2017-04-29 04:00:00', '1970-01-01 05:00:00', 5, 110, 5, 5, 0, NULL),
(1612, '2017-04-30 18:15:41', '1970-01-01 05:00:00', 6, 5, 6, 6, 0, NULL),
(1613, '2017-04-30 04:00:00', '1970-01-01 05:00:00', 5, 110, 5, 5, 0, NULL),
(1614, '2017-04-30 04:00:00', '1970-01-01 05:00:00', 5, 98, 5, 5, 1, 263),
(1615, '2017-04-30 04:00:00', '1970-01-01 05:00:00', 5, 129, 5, 5, 0, NULL),
(1616, '2017-04-30 04:00:00', '1970-01-01 05:00:00', 5, 32, 5, 4, 0, NULL),
(1617, '2017-05-01 04:00:00', '1970-01-01 05:00:00', 5, 28, 5, 5, 0, NULL),
(1618, '2017-05-01 18:30:58', '1970-01-01 05:00:00', 6, 29, 6, 6, 0, NULL),
(1619, '2017-05-01 18:31:19', '1970-01-01 05:00:00', 6, 18, 6, 6, 0, NULL),
(1620, '2017-05-01 18:32:00', '1970-01-01 05:00:00', 6, 61, 6, 6, 0, NULL),
(1621, '2017-05-01 04:00:00', '1970-01-01 05:00:00', 5, 52, 5, 5, 0, NULL),
(1622, '2017-05-02 04:00:00', '1970-01-01 05:00:00', 5, 104, 5, 5, 0, NULL),
(1623, '2017-05-02 04:00:00', '1970-01-01 05:00:00', 5, 29, 4, 5, 0, NULL),
(1624, '2017-05-02 16:31:57', '1970-01-01 05:00:00', 6, 1, 6, 6, 0, NULL),
(1625, '2017-05-02 16:32:08', '1970-01-01 05:00:00', 6, 61, 6, 6, 0, NULL),
(1626, '2017-05-02 04:00:00', '1970-01-01 05:00:00', 5, 52, 5, 4, 0, NULL),
(1627, '2017-05-03 04:00:00', '1970-01-01 05:00:00', 5, 27, 5, 4, 0, NULL),
(1628, '2017-05-03 04:00:00', '1970-01-01 05:00:00', 5, 29, 4, 5, 0, NULL),
(1629, '2017-05-03 04:00:00', '1970-01-01 05:00:00', 5, 4, 5, 5, 1, 271),
(1630, '2017-05-03 04:00:00', '1970-01-01 05:00:00', 5, 98, 5, 4, 0, NULL),
(1631, '2017-05-04 04:00:00', '1970-01-01 05:00:00', 5, 28, 5, 5, 0, NULL),
(1632, '2017-05-04 04:00:00', '1970-01-01 05:00:00', 5, 29, 4, 5, 0, NULL),
(1633, '2017-05-04 18:16:59', '1970-01-01 05:00:00', 6, 2, 6, 6, 0, NULL),
(1634, '2017-05-04 18:17:12', '1970-01-01 05:00:00', 6, 50, 6, 6, 0, NULL),
(1635, '2017-05-04 04:00:00', '1970-01-01 05:00:00', 5, 51, 5, 4, 0, NULL),
(1637, '2017-05-05 04:00:00', '1970-01-01 05:00:00', 5, 29, 4, 5, 0, NULL),
(1638, '2017-05-05 04:00:00', '1970-01-01 05:00:00', 5, 104, 5, 5, 0, NULL),
(1639, '2017-05-05 04:00:00', '1970-01-01 05:00:00', 5, 94, 5, 5, 0, NULL),
(1640, '2017-05-05 04:00:00', '1970-01-01 05:00:00', 5, 30, 4, 4, 0, NULL),
(1641, '2017-05-05 04:00:00', '1970-01-01 05:00:00', 5, 72, 5, 5, 0, NULL),
(1642, '2017-05-06 18:16:37', '1970-01-01 05:00:00', 6, 127, 6, 6, 0, NULL),
(1643, '2017-05-06 04:00:00', '1970-01-01 05:00:00', 5, 77, 5, 5, 0, NULL),
(1644, '2017-05-06 04:00:00', '1970-01-01 05:00:00', 5, 18, 5, 5, 0, NULL),
(1645, '2017-05-06 04:00:00', '1970-01-01 05:00:00', 5, 61, 5, 5, 0, NULL),
(1646, '2017-05-06 04:00:00', '1970-01-01 05:00:00', 5, 52, 5, 5, 0, NULL),
(1647, '2017-05-07 04:00:00', '1970-01-01 05:00:00', 5, 29, 5, 5, 0, NULL),
(1648, '2017-05-07 04:00:00', '1970-01-01 05:00:00', 5, 33, 5, 5, 0, NULL),
(1649, '2017-05-07 04:00:00', '1970-01-01 05:00:00', 5, 66, 5, 5, 0, NULL),
(1650, '2017-05-07 04:00:00', '1970-01-01 05:00:00', 5, 30, 5, 5, 0, NULL),
(1651, '2017-05-07 04:00:00', '1970-01-01 05:00:00', 5, 98, 5, 4, 0, NULL),
(1652, '2017-05-08 12:10:34', '1970-01-01 05:00:00', 5, 28, 5, 5, 0, NULL),
(1653, '2017-05-08 04:00:00', '1970-01-01 05:00:00', 5, 29, 4, 5, 0, NULL),
(1654, '2017-05-09 04:00:00', '1970-01-01 05:00:00', 5, 64, 5, 4, 0, NULL),
(1655, '2017-05-09 04:00:00', '1970-01-01 05:00:00', 5, 55, 4, 5, 0, NULL),
(1656, '2017-05-08 04:00:00', '1970-01-01 05:00:00', 5, 81, 5, 4, 0, NULL),
(1658, '2017-05-08 04:00:00', '1970-01-01 05:00:00', 5, 44, 5, 5, 0, NULL),
(1659, '2017-05-08 04:00:00', '1970-01-01 05:00:00', 5, 51, 5, 5, 0, NULL),
(1660, '2017-05-09 18:33:36', '1970-01-01 05:00:00', 6, 94, 6, 6, 0, NULL),
(1661, '2017-05-09 18:34:03', '1970-01-01 05:00:00', 6, 111, 6, 6, 0, NULL),
(1662, '2017-05-09 04:00:00', '1970-01-01 05:00:00', 5, 52, 4, 4, 0, NULL),
(1663, '2017-05-10 04:00:00', '1970-01-01 05:00:00', 5, 27, 5, 4, 0, NULL),
(1664, '2017-05-10 04:00:00', '1970-01-01 05:00:00', 5, 29, 4, 5, 0, NULL),
(1665, '2017-05-10 04:00:00', '1970-01-01 05:00:00', 5, 4, 5, 5, 0, NULL),
(1666, '2017-05-10 04:00:00', '1970-01-01 05:00:00', 5, 76, 4, 4, 0, NULL),
(1667, '2017-05-10 04:00:00', '1970-01-01 05:00:00', 5, 98, 4, 4, 0, NULL),
(1668, '2017-05-12 04:00:00', '1970-01-01 05:00:00', 5, 28, 5, 5, 0, NULL),
(1669, '2017-05-12 04:00:00', '1970-01-01 05:00:00', 5, 29, 4, 5, 0, NULL),
(1670, '2017-05-12 04:00:00', '1970-01-01 05:00:00', 5, 51, 5, 4, 0, NULL),
(1671, '2017-05-12 04:00:00', '1970-01-01 05:00:00', 5, 94, 4, 4, 0, NULL),
(1672, '2017-05-12 04:00:00', '1970-01-01 05:00:00', 5, 61, 4, 4, 0, NULL),
(1673, '2017-05-11 04:00:00', '1970-01-01 05:00:00', 5, 27, 5, 4, 0, NULL),
(1674, '2017-05-11 04:00:00', '1970-01-01 05:00:00', 5, 29, 4, 5, 0, NULL),
(1675, '2017-05-11 04:00:00', '1970-01-01 05:00:00', 5, 4, 5, 5, 0, NULL),
(1676, '2017-05-11 04:00:00', '1970-01-01 05:00:00', 5, 76, 5, 5, 0, NULL),
(1677, '2017-05-11 04:00:00', '1970-01-01 05:00:00', 5, 98, 4, 4, 0, NULL),
(1678, '2017-05-13 04:00:00', '1970-01-01 05:00:00', 5, 27, 5, 4, 0, NULL),
(1679, '2017-05-13 04:00:00', '1970-01-01 05:00:00', 5, 29, 4, 4, 0, NULL),
(1680, '2017-05-13 04:00:00', '1970-01-01 05:00:00', 5, 52, 5, 4, 0, NULL),
(1681, '2017-05-13 04:00:00', '1970-01-01 05:00:00', 5, 92, 5, 4, 0, NULL),
(1682, '2017-05-13 04:00:00', '1970-01-01 05:00:00', 5, 61, 5, 5, 0, NULL),
(1684, '2017-05-14 04:00:00', '1970-01-01 05:00:00', 5, 104, 5, 4, 0, NULL),
(1685, '2017-05-14 04:00:00', '1970-01-01 05:00:00', 5, 29, 5, 4, 0, NULL),
(1686, '2017-05-14 04:00:00', '1970-01-01 05:00:00', 5, 5, 5, 4, 0, NULL),
(1687, '2017-05-15 16:25:01', '1970-01-01 05:00:00', 6, 53, 6, 6, 0, NULL),
(1688, '2017-05-15 16:25:30', '1970-01-01 05:00:00', 6, 109, 6, 6, 0, NULL),
(1689, '2017-05-15 04:00:00', '1970-01-01 05:00:00', 5, 52, 4, 4, 0, NULL),
(1690, '2017-05-15 04:00:00', '1970-01-01 05:00:00', 5, 29, 4, 5, 0, NULL),
(1691, '2017-05-16 04:00:00', '1970-01-01 05:00:00', 5, 104, 5, 5, 0, NULL),
(1692, '2017-05-15 04:00:00', '1970-01-01 05:00:00', 5, 28, 4, 4, 0, NULL),
(1693, '2017-05-16 04:00:00', '1970-01-01 05:00:00', 5, 29, 4, 5, 0, NULL),
(1694, '2017-05-16 04:00:00', '1970-01-01 05:00:00', 5, 94, 5, 5, 0, NULL),
(1695, '2017-05-16 04:00:00', '1970-01-01 05:00:00', 5, 51, 5, 4, 0, NULL),
(1696, '2017-05-16 04:00:00', '1970-01-01 05:00:00', 5, 61, 4, 4, 0, NULL),
(1697, '2017-05-17 04:00:00', '1970-01-01 05:00:00', 5, 28, 5, 5, 0, NULL),
(1698, '2017-05-17 04:00:00', '1970-01-01 05:00:00', 5, 118, 5, 5, 1, 278),
(1699, '2017-05-17 04:00:00', '1970-01-01 05:00:00', 5, 98, 5, 4, 0, NULL),
(1700, '2017-05-18 16:16:04', '1970-01-01 05:00:00', 6, 3, 6, 6, 0, NULL),
(1701, '2017-05-18 18:49:59', '1970-01-01 05:00:00', 6, 87, 6, 6, 0, NULL),
(1702, '2017-05-18 18:53:59', '1970-01-01 05:00:00', 6, 39, 6, 6, 0, NULL),
(1703, '2017-05-18 04:00:00', '1970-01-01 05:00:00', 5, 29, 4, 5, 0, NULL),
(1704, '2017-05-18 04:00:00', '1970-01-01 05:00:00', 5, 64, 5, 5, 0, NULL),
(1705, '2017-05-19 16:25:49', '1970-01-01 05:00:00', 6, 130, 6, 6, 0, NULL),
(1706, '2017-05-19 16:25:55', '1970-01-01 05:00:00', 6, 109, 6, 6, 0, NULL),
(1707, '2017-05-20 04:00:00', '1970-01-01 05:00:00', 5, 66, 5, 5, 0, NULL),
(1708, '2017-05-19 04:00:00', '1970-01-01 05:00:00', 5, 72, 4, 4, 0, NULL),
(1709, '2017-05-19 04:00:00', '1970-01-01 05:00:00', 6, 27, 6, 6, 0, NULL),
(1710, '2017-05-19 04:00:00', '1970-01-01 05:00:00', 6, 29, 6, 6, 0, NULL),
(1712, '2017-05-20 17:50:10', '1970-01-01 05:00:00', 6, 55, 6, 6, 0, NULL),
(1713, '2017-05-20 04:00:00', '1970-01-01 05:00:00', 5, 18, 5, 5, 0, NULL),
(1714, '2017-05-20 04:00:00', '1970-01-01 05:00:00', 5, 76, 5, 5, 0, NULL),
(1715, '2017-05-20 04:00:00', '1970-01-01 05:00:00', 5, 52, 5, 4, 0, NULL),
(1716, '2017-05-21 04:00:00', '1970-01-01 05:00:00', 5, 98, 5, 4, 0, NULL),
(1717, '2017-05-21 04:00:00', '1970-01-01 05:00:00', 5, 29, 5, 5, 0, NULL),
(1718, '2017-05-21 04:00:00', '1970-01-01 05:00:00', 5, 95, 5, 4, 0, NULL),
(1720, '2017-05-21 04:00:00', '1970-01-01 05:00:00', 5, 30, 4, 4, 0, NULL),
(1721, '2017-05-21 04:00:00', '1970-01-01 05:00:00', 5, 104, 5, 4, 0, NULL),
(1723, '2017-05-22 04:00:00', '1970-01-01 05:00:00', 5, 28, 5, 5, 0, NULL),
(1724, '2017-05-22 04:00:00', '1970-01-01 05:00:00', 5, 29, 4, 5, 0, NULL),
(1725, '2017-05-22 04:00:00', '1970-01-01 05:00:00', 5, 45, 5, 4, 0, NULL),
(1726, '2017-05-22 04:00:00', '1970-01-01 05:00:00', 5, 51, 4, 4, 0, NULL),
(1727, '2017-05-22 04:00:00', '1970-01-01 05:00:00', 5, 44, 4, 4, 0, NULL),
(1728, '2017-05-23 04:00:00', '1970-01-01 05:00:00', 5, 64, 4, 4, 0, NULL),
(1729, '2017-05-23 13:16:10', '1970-01-01 05:00:00', 6, 55, 6, 6, 0, NULL),
(1730, '2017-05-23 04:00:00', '1970-01-01 05:00:00', 5, 49, 4, 4, 0, NULL),
(1731, '2017-05-23 04:00:00', '1970-01-01 05:00:00', 5, 73, 4, 4, 0, NULL),
(1732, '2017-05-23 04:00:00', '1970-01-01 05:00:00', 5, 52, 4, 4, 0, NULL),
(1733, '2017-05-24 04:00:00', '1970-01-01 05:00:00', 5, 27, 4, 4, 0, NULL),
(1734, '2017-05-24 04:00:00', '1970-01-01 05:00:00', 5, 72, 5, 4, 0, NULL),
(1735, '2017-05-25 17:24:30', '1970-01-01 05:00:00', 6, 55, 6, 6, 0, NULL),
(1736, '2017-05-25 17:24:47', '1970-01-01 05:00:00', 6, 78, 6, 6, 0, NULL),
(1737, '2017-05-25 17:24:50', '1970-01-01 05:00:00', 6, 109, 6, 6, 0, NULL),
(1738, '2017-05-26 04:00:00', '1970-01-01 05:00:00', 5, 94, 5, 4, 0, NULL),
(1739, '2017-05-26 04:00:00', '1970-01-01 05:00:00', 5, 73, 5, 5, 0, NULL),
(1740, '2017-05-25 04:00:00', '1970-01-01 05:00:00', 5, 28, 5, 5, 0, NULL),
(1744, '2017-05-26 04:00:00', '1970-01-01 05:00:00', 5, 29, 5, 5, 0, NULL),
(1745, '2017-05-26 04:00:00', '1970-01-01 05:00:00', 5, 51, 5, 4, 0, NULL),
(1746, '2017-05-26 04:00:00', '1970-01-01 05:00:00', 5, 104, 5, 5, 0, NULL),
(1747, '2017-05-25 04:00:00', '1970-01-01 05:00:00', 5, 52, 5, 5, 0, NULL),
(1748, '2017-05-28 04:00:00', '1970-01-01 05:00:00', 5, 5, 5, 4, 0, NULL),
(1749, '2017-05-27 04:00:00', '1970-01-01 05:00:00', 5, 45, 5, 4, 0, NULL),
(1750, '2017-05-28 04:00:00', '1970-01-01 05:00:00', 5, 72, 5, 4, 0, NULL),
(1751, '2017-05-28 04:00:00', '1970-01-01 05:00:00', 5, 29, 5, 4, 0, NULL),
(1752, '2017-05-27 04:00:00', '1970-01-01 05:00:00', 5, 77, 4, 4, 0, NULL),
(1753, '2017-05-27 04:00:00', '1970-01-01 05:00:00', 5, 51, 5, 4, 0, NULL),
(1754, '2017-05-27 04:00:00', '1970-01-01 05:00:00', 5, 131, 5, 4, 0, NULL),
(1755, '2017-05-28 04:00:00', '1970-01-01 05:00:00', 5, 73, 5, 5, 0, NULL),
(1756, '2017-05-29 16:47:37', '1970-01-01 05:00:00', 6, 18, 6, 6, 0, NULL),
(1757, '2017-05-29 16:48:55', '1970-01-01 05:00:00', 6, 109, 6, 6, 0, NULL),
(1758, '2017-05-30 04:00:00', '1970-01-01 05:00:00', 5, 104, 5, 5, 0, NULL),
(1759, '2017-05-30 04:00:00', '1970-01-01 05:00:00', 5, 29, 4, 5, 0, NULL),
(1760, '2017-05-30 04:00:00', '1970-01-01 05:00:00', 5, 94, 5, 4, 0, NULL),
(1761, '2017-05-30 04:00:00', '1970-01-01 05:00:00', 5, 109, 5, 5, 0, NULL),
(1762, '2017-05-30 04:00:00', '1970-01-01 05:00:00', 5, 51, 5, 4, 0, NULL),
(1763, '2017-05-31 04:00:00', '1970-01-01 05:00:00', 5, 27, 5, 4, 0, NULL);
INSERT INTO `user_diet_menu_item_lnk` (`id`, `created_date_time`, `last_modified_date_time`, `fk_user_id`, `fk_diet_menu_item_id`, `fk_controlled_by_user_id`, `fk_prepared_by_user_id`, `caused_conflict`, `fk_log_id`) VALUES
(1764, '2017-05-31 04:00:00', '1970-01-01 05:00:00', 5, 29, 4, 5, 0, NULL),
(1765, '2017-05-31 04:00:00', '1970-01-01 05:00:00', 5, 4, 5, 4, 0, NULL),
(1766, '2017-05-31 04:00:00', '1970-01-01 05:00:00', 5, 88, 5, 5, 0, NULL),
(1767, '2017-05-31 04:00:00', '1970-01-01 05:00:00', 5, 98, 5, 4, 0, NULL),
(1768, '2017-06-01 17:59:23', '1970-01-01 05:00:00', 6, 3, 6, 6, 0, NULL),
(1769, '2017-06-01 17:59:29', '1970-01-01 05:00:00', 6, 109, 6, 6, 0, NULL),
(1771, '2017-06-01 04:00:00', '1970-01-01 05:00:00', 5, 28, 5, 5, 0, NULL),
(1772, '2017-06-01 04:00:00', '1970-01-01 05:00:00', 5, 29, 4, 5, 0, NULL),
(1773, '2017-06-01 04:00:00', '1970-01-01 05:00:00', 5, 87, 4, 4, 0, NULL),
(1774, '2017-06-01 04:00:00', '1970-01-01 05:00:00', 5, 79, 4, 4, 0, NULL),
(1775, '2017-06-02 04:00:00', '1970-01-01 05:00:00', 5, 29, 4, 5, 0, NULL),
(1776, '2017-06-02 04:00:00', '1970-01-01 05:00:00', 5, 49, 4, 5, 0, NULL),
(1777, '2017-06-02 04:00:00', '1970-01-01 05:00:00', 5, 51, 5, 4, 0, NULL),
(1778, '2017-06-02 04:00:00', '1970-01-01 05:00:00', 5, 104, 5, 5, 0, NULL),
(1779, '2017-06-02 04:00:00', '1970-01-01 05:00:00', 5, 73, 4, 5, 0, NULL),
(1780, '2017-06-04 04:00:00', '1970-01-01 05:00:00', 5, 95, 5, 4, 0, NULL),
(1781, '2017-06-04 04:00:00', '1970-01-01 05:00:00', 5, 30, 4, 4, 0, NULL),
(1782, '2017-06-04 04:00:00', '1970-01-01 05:00:00', 5, 29, 5, 5, 0, NULL),
(1783, '2017-06-04 04:00:00', '1970-01-01 05:00:00', 5, 104, 5, 4, 0, NULL),
(1784, '2017-06-03 04:00:00', '1970-01-01 05:00:00', 5, 53, 5, 4, 0, NULL),
(1785, '2017-06-05 04:00:00', '1970-01-01 05:00:00', 5, 28, 5, 5, 0, NULL),
(1786, '2017-06-05 04:00:00', '1970-01-01 05:00:00', 5, 81, 5, 4, 0, NULL),
(1787, '2017-06-05 04:00:00', '1970-01-01 05:00:00', 5, 30, 4, 4, 0, NULL),
(1788, '2017-06-05 04:00:00', '1970-01-01 05:00:00', 5, 51, 4, 4, 0, NULL),
(1789, '2017-06-06 04:00:00', '1970-01-01 05:00:00', 5, 64, 5, 5, 0, NULL),
(1790, '2017-06-06 04:00:00', '1970-01-01 05:00:00', 5, 125, 4, 4, 0, NULL),
(1791, '2017-06-06 04:00:00', '1970-01-01 05:00:00', 5, 4, 5, 5, 0, NULL),
(1792, '2017-06-07 04:00:00', '1970-01-01 05:00:00', 5, 27, 5, 5, 0, NULL),
(1793, '2017-06-07 04:00:00', '1970-01-01 05:00:00', 5, 29, 4, 5, 0, NULL),
(1794, '2017-06-08 04:00:00', '1970-01-01 05:00:00', 5, 75, 5, 5, 0, NULL),
(1795, '2017-06-08 04:00:00', '1970-01-01 05:00:00', 5, 29, 4, 5, 0, NULL),
(1796, '2017-06-08 16:17:55', '1970-01-01 05:00:00', 5, 18, 5, 5, 0, NULL),
(1797, '2017-06-08 16:18:07', '1970-01-01 05:00:00', 5, 61, 5, 5, 0, NULL),
(1798, '2017-06-08 04:00:00', '1970-01-01 05:00:00', 5, 79, 4, 4, 0, NULL),
(1799, '2017-06-08 04:00:00', '1970-01-01 05:00:00', 5, 72, 4, 4, 0, NULL),
(1800, '2017-06-09 04:00:00', '1970-01-01 05:00:00', 5, 77, 4, 4, 0, NULL),
(1801, '2017-06-09 04:00:00', '1970-01-01 05:00:00', 5, 29, 4, 4, 0, NULL),
(1802, '2017-06-09 04:00:00', '1970-01-01 05:00:00', 5, 5, 5, 5, 0, NULL),
(1803, '2017-06-09 04:00:00', '1970-01-01 05:00:00', 5, 73, 5, 5, 0, NULL),
(1804, '2017-06-09 04:00:00', '1970-01-01 05:00:00', 5, 51, 4, 4, 0, NULL),
(1805, '2017-06-10 04:00:00', '1970-01-01 05:00:00', 5, 28, 5, 5, 0, NULL),
(1806, '2017-06-12 20:24:21', '1970-01-01 05:00:00', 6, 18, 6, 6, 0, NULL),
(1807, '2017-06-12 20:27:24', '1970-01-01 05:00:00', 6, 109, 6, 6, 0, NULL),
(1808, '2017-06-13 04:00:00', '1970-01-01 05:00:00', 5, 104, 5, 5, 0, NULL),
(1809, '2017-06-12 04:00:00', '1970-01-01 05:00:00', 5, 28, 4, 4, 0, NULL),
(1810, '2017-06-12 04:00:00', '1970-01-01 05:00:00', 5, 29, 4, 4, 0, NULL),
(1811, '2017-06-11 04:00:00', '1970-01-01 05:00:00', 5, 52, 5, 4, 0, NULL),
(1812, '2017-06-13 19:16:44', '1970-01-01 05:00:00', 6, 49, 6, 6, 0, NULL),
(1814, '2017-06-13 20:17:11', '1970-01-01 05:00:00', 6, 52, 6, 6, 0, NULL),
(1815, '2017-06-13 20:23:54', '1970-01-01 05:00:00', 6, 34, 6, 6, 0, NULL),
(1816, '2017-06-14 04:00:00', '1970-01-01 05:00:00', 5, 4, 5, 4, 0, NULL),
(1817, '2017-06-14 04:00:00', '1970-01-01 05:00:00', 5, 98, 4, 4, 0, NULL),
(1818, '2017-06-14 04:00:00', '1970-01-01 05:00:00', 6, 74, 6, 6, 0, NULL),
(1819, '2017-06-14 04:00:00', '1970-01-01 05:00:00', 6, 110, 6, 6, 0, NULL),
(1820, '2017-06-15 04:00:00', '1970-01-01 05:00:00', 5, 45, 5, 4, 0, NULL),
(1821, '2017-06-15 04:00:00', '1970-01-01 05:00:00', 5, 87, 5, 4, 0, NULL),
(1822, '2017-06-15 04:00:00', '1970-01-01 05:00:00', 5, 28, 4, 4, 0, NULL),
(1823, '2017-06-15 04:00:00', '1970-01-01 05:00:00', 5, 29, 4, 4, 0, NULL),
(1824, '2017-06-15 04:00:00', '1970-01-01 05:00:00', 5, 88, 4, 4, 0, NULL),
(1825, '2017-06-16 04:00:00', '1970-01-01 05:00:00', 5, 27, 4, 4, 0, NULL),
(1826, '2017-06-16 04:00:00', '1970-01-01 05:00:00', 5, 49, 5, 5, 0, NULL),
(1827, '2017-06-16 04:00:00', '1970-01-01 05:00:00', 5, 132, 4, 4, 0, NULL),
(1828, '2017-06-17 04:00:00', '1970-01-01 05:00:00', 5, 77, 5, 5, 0, NULL),
(1829, '2017-06-17 04:00:00', '1970-01-01 05:00:00', 5, 53, 5, 5, 0, NULL),
(1830, '2017-06-17 04:00:00', '1970-01-01 05:00:00', 5, 131, 4, 4, 0, NULL),
(1831, '2017-06-17 04:00:00', '1970-01-01 05:00:00', 5, 52, 4, 4, 0, NULL),
(1832, '2017-06-18 04:00:00', '1970-01-01 05:00:00', 6, 116, 6, 6, 0, NULL),
(1833, '2017-06-19 16:58:30', '1970-01-01 05:00:00', 6, 45, 6, 6, 0, NULL),
(1834, '2017-06-19 16:58:40', '1970-01-01 05:00:00', 6, 109, 6, 6, 0, NULL),
(1835, '2017-06-19 04:00:00', '1970-01-01 05:00:00', 5, 87, 4, 4, 0, NULL),
(1836, '2017-06-19 04:00:00', '1970-01-01 05:00:00', 5, 29, 4, 5, 0, NULL),
(1837, '2017-06-19 04:00:00', '1970-01-01 05:00:00', 5, 104, 5, 5, 0, NULL),
(1838, '2017-06-18 04:00:00', '1970-01-01 05:00:00', 5, 5, 5, 4, 0, NULL),
(1840, '2017-06-20 04:00:00', '1970-01-01 05:00:00', 5, 64, 5, 5, 0, NULL),
(1842, '2017-06-20 04:00:00', '1970-01-01 05:00:00', 5, 29, 4, 5, 0, NULL),
(1844, '2017-06-18 04:00:00', '1970-01-01 05:00:00', 5, 98, 4, 4, 0, NULL),
(1845, '2017-06-21 04:00:00', '1970-01-01 05:00:00', 5, 28, 5, 5, 0, NULL),
(1846, '2017-06-21 04:00:00', '1970-01-01 05:00:00', 5, 29, 4, 5, 0, NULL),
(1848, '2017-06-22 04:00:00', '1970-01-01 05:00:00', 6, 124, 6, 6, 0, NULL),
(1849, '2017-06-22 04:00:00', '1970-01-01 05:00:00', 5, 29, 4, 4, 0, NULL),
(1850, '2017-06-22 04:00:00', '1970-01-01 05:00:00', 5, 77, 5, 4, 0, NULL),
(1851, '2017-06-22 04:00:00', '1970-01-01 05:00:00', 5, 52, 4, 5, 0, NULL),
(1852, '2017-06-23 04:00:00', '1970-01-01 05:00:00', 5, 70, 4, 4, 0, NULL),
(1853, '2017-06-23 04:00:00', '1970-01-01 05:00:00', 5, 106, 4, 4, 0, NULL),
(1854, '2017-06-23 04:00:00', '1970-01-01 05:00:00', 5, 133, 4, 4, 0, NULL),
(1855, '2017-06-21 04:00:00', '1970-01-01 05:00:00', 5, 134, 4, 4, 0, NULL),
(1856, '2017-06-24 14:21:23', '1970-01-01 05:00:00', 6, 29, 6, 6, 0, NULL),
(1858, '2017-06-24 04:00:00', '1970-01-01 05:00:00', 5, 27, 4, 4, 0, NULL),
(1860, '2017-06-24 04:00:00', '1970-01-01 05:00:00', 5, 131, 4, 4, 0, NULL),
(1861, '2017-06-24 04:00:00', '1970-01-01 05:00:00', 5, 52, 5, 5, 0, NULL),
(1862, '2017-06-24 04:00:00', '1970-01-01 05:00:00', 5, 135, 4, 4, 0, NULL),
(1863, '2017-06-25 04:00:00', '1970-01-01 05:00:00', 5, 29, 5, 5, 0, NULL),
(1864, '2017-06-25 04:00:00', '1970-01-01 05:00:00', 5, 63, 4, 4, 0, NULL),
(1865, '2017-06-25 04:00:00', '1970-01-01 05:00:00', 5, 104, 5, 5, 0, NULL),
(1866, '2017-06-25 04:00:00', '1970-01-01 05:00:00', 5, 109, 4, 4, 0, NULL),
(1869, '2017-06-25 04:00:00', '1970-01-01 05:00:00', 5, 98, 5, 4, 0, NULL),
(1870, '2017-06-26 04:00:00', '1970-01-01 05:00:00', 4, 28, 4, 4, 0, NULL),
(1871, '2017-06-26 04:00:00', '1970-01-01 05:00:00', 4, 55, 4, 4, 0, NULL),
(1872, '2017-06-26 04:00:00', '1970-01-01 05:00:00', 4, 45, 4, 4, 0, NULL),
(1874, '2017-06-26 04:00:00', '1970-01-01 05:00:00', 4, 44, 4, 4, 0, NULL),
(1875, '2017-06-26 04:00:00', '1970-01-01 05:00:00', 4, 120, 4, 4, 0, NULL),
(1876, '2017-06-27 04:00:00', '1970-01-01 05:00:00', 4, 104, 4, 4, 0, NULL),
(1877, '2017-06-27 04:00:00', '1970-01-01 05:00:00', 4, 132, 4, 4, 0, NULL),
(1878, '2017-06-27 04:00:00', '1970-01-01 05:00:00', 4, 1, 4, 4, 0, NULL),
(1879, '2017-06-27 04:00:00', '1970-01-01 05:00:00', 4, 30, 4, 4, 0, NULL),
(1880, '2017-06-27 04:00:00', '1970-01-01 05:00:00', 5, 52, 5, 5, 0, NULL),
(1881, '2017-06-28 20:59:38', '1970-01-01 05:00:00', 6, 55, 6, 6, 0, NULL),
(1882, '2017-06-28 04:00:00', '1970-01-01 05:00:00', 6, 136, 6, 6, 0, NULL),
(1883, '2017-06-29 16:22:50', '1970-01-01 05:00:00', 6, 114, 6, 6, 0, NULL),
(1884, '2017-06-29 16:23:00', '1970-01-01 05:00:00', 6, 116, 6, 6, 0, NULL),
(1885, '2017-06-29 19:04:09', '1970-01-01 05:00:00', 6, 1, 6, 6, 0, NULL),
(1886, '2017-06-29 19:04:19', '1970-01-01 05:00:00', 6, 34, 6, 6, 0, NULL),
(1887, '2017-06-29 19:06:46', '1970-01-01 05:00:00', 6, 79, 6, 6, 0, NULL),
(1888, '2017-06-29 04:00:00', '1970-01-01 05:00:00', 6, 52, 6, 6, 0, NULL),
(1889, '2017-06-30 13:34:06', '1970-01-01 05:00:00', 6, 114, 6, 6, 0, NULL),
(1892, '2017-06-30 04:00:00', '1970-01-01 05:00:00', 6, 116, 6, 6, 1, 319),
(1893, '2017-06-30 04:00:00', '1970-01-01 05:00:00', 6, 79, 6, 6, 0, NULL),
(1894, '2017-06-30 04:00:00', '1970-01-01 05:00:00', 6, 137, 6, 6, 0, NULL),
(1895, '2017-06-30 04:00:00', '1970-01-01 05:00:00', 6, 138, 6, 6, 0, NULL),
(1896, '2017-06-30 21:04:14', '1970-01-01 05:00:00', 6, 52, 6, 6, 0, NULL),
(1897, '2017-07-01 10:36:24', '1970-01-01 05:00:00', 6, 114, 6, 6, 0, NULL),
(1898, '2017-07-01 13:58:34', '1970-01-01 05:00:00', 6, 139, 6, 6, 0, NULL),
(1899, '2017-07-01 21:09:58', '1970-01-01 05:00:00', 6, 140, 6, 6, 0, NULL),
(1900, '2017-07-01 21:10:16', '1970-01-01 05:00:00', 6, 138, 6, 6, 0, NULL),
(1901, '2017-07-01 21:10:29', '1970-01-01 05:00:00', 6, 120, 6, 6, 0, NULL),
(1902, '2017-07-01 21:13:02', '1970-01-01 05:00:00', 6, 79, 6, 6, 0, NULL),
(1903, '2017-07-02 10:35:45', '1970-01-01 05:00:00', 6, 114, 6, 6, 0, NULL),
(1904, '2017-07-02 21:18:02', '1970-01-01 05:00:00', 6, 116, 6, 6, 0, NULL),
(1905, '2017-07-02 21:18:18', '1970-01-01 05:00:00', 6, 137, 6, 6, 0, NULL),
(1906, '2017-07-02 21:18:45', '1970-01-01 05:00:00', 6, 109, 6, 6, 0, NULL),
(1907, '2017-07-02 21:19:07', '1970-01-01 05:00:00', 6, 120, 6, 6, 0, NULL),
(1908, '2017-07-03 08:47:12', '1970-01-01 05:00:00', 6, 114, 6, 6, 0, NULL),
(1909, '2017-07-03 19:24:48', '1970-01-01 05:00:00', 6, 125, 6, 6, 0, NULL),
(1910, '2017-07-03 19:25:46', '1970-01-01 05:00:00', 6, 79, 6, 6, 0, NULL),
(1911, '2017-07-03 04:00:00', '1970-01-01 05:00:00', 6, 94, 6, 6, 0, NULL),
(1912, '2017-07-03 04:00:00', '1970-01-01 05:00:00', 6, 35, 6, 6, 0, NULL),
(1913, '2017-07-05 04:00:00', '1970-01-01 05:00:00', 5, 104, 5, 4, 0, NULL),
(1915, '2017-07-04 04:00:00', '1970-01-01 05:00:00', 6, 116, 6, 6, 0, NULL),
(1916, '2017-07-04 04:00:00', '1970-01-01 05:00:00', 6, 120, 6, 6, 0, NULL),
(1917, '2017-07-04 04:00:00', '1970-01-01 05:00:00', 6, 141, 6, 6, 0, NULL),
(1918, '2017-07-04 04:00:00', '1970-01-01 05:00:00', 6, 109, 6, 6, 0, NULL),
(1919, '2017-07-03 04:00:00', '1970-01-01 05:00:00', 6, 138, 6, 6, 0, NULL),
(1920, '2017-07-05 04:00:00', '1970-01-01 05:00:00', 5, 110, 5, 4, 0, NULL),
(1921, '2017-07-05 04:00:00', '1970-01-01 05:00:00', 5, 1, 5, 4, 0, NULL),
(1922, '2017-07-05 04:00:00', '1970-01-01 05:00:00', 5, 73, 5, 5, 0, NULL),
(1925, '2017-07-05 04:00:00', '1970-01-01 05:00:00', 5, 72, 5, 4, 0, NULL),
(1927, '2017-07-06 04:00:00', '1970-01-01 05:00:00', 5, 28, 5, 5, 0, NULL),
(1928, '2017-07-06 04:00:00', '1970-01-01 05:00:00', 5, 29, 5, 5, 0, NULL),
(1929, '2017-07-06 04:00:00', '1970-01-01 05:00:00', 5, 45, 5, 5, 0, NULL),
(1930, '2017-07-06 04:00:00', '1970-01-01 05:00:00', 5, 52, 5, 4, 0, NULL),
(1931, '2017-07-06 04:00:00', '1970-01-01 05:00:00', 5, 142, 4, 4, 0, NULL),
(1932, '2017-07-07 04:00:00', '1970-01-01 05:00:00', 5, 27, 5, 4, 0, NULL),
(1933, '2017-07-07 04:00:00', '1970-01-01 05:00:00', 5, 5, 5, 4, 0, NULL),
(1934, '2017-07-07 04:00:00', '1970-01-01 05:00:00', 5, 73, 5, 4, 0, NULL),
(1935, '2017-07-07 04:00:00', '1970-01-01 05:00:00', 5, 51, 5, 5, 0, NULL),
(1936, '2017-07-07 04:00:00', '1970-01-01 05:00:00', 5, 143, 5, 5, 0, NULL),
(1937, '2017-07-08 04:00:00', '1970-01-01 05:00:00', 5, 28, 5, 5, 0, NULL),
(1938, '2017-07-08 04:00:00', '1970-01-01 05:00:00', 5, 63, 5, 4, 0, NULL),
(1939, '2017-07-08 04:00:00', '1970-01-01 05:00:00', 5, 131, 5, 4, 0, NULL),
(1940, '2017-07-08 04:00:00', '1970-01-01 05:00:00', 5, 143, 5, 4, 0, NULL),
(1941, '2017-07-08 04:00:00', '1970-01-01 05:00:00', 5, 65, 5, 4, 0, NULL),
(1942, '2017-07-09 04:00:00', '1970-01-01 05:00:00', 5, 104, 5, 5, 0, NULL),
(1943, '2017-07-09 04:00:00', '1970-01-01 05:00:00', 5, 125, 4, 4, 0, NULL),
(1944, '2017-07-09 04:00:00', '1970-01-01 05:00:00', 5, 97, 4, 4, 0, NULL),
(1945, '2017-07-09 04:00:00', '1970-01-01 05:00:00', 5, 30, 4, 4, 0, NULL),
(1946, '2017-07-09 04:00:00', '1970-01-01 05:00:00', 5, 117, 5, 5, 0, NULL),
(1947, '2017-07-10 04:00:00', '1970-01-01 05:00:00', 5, 77, 5, 4, 0, NULL),
(1948, '2017-07-10 04:00:00', '1970-01-01 05:00:00', 5, 63, 5, 5, 0, NULL),
(1949, '2017-07-10 04:00:00', '1970-01-01 05:00:00', 5, 132, 4, 4, 0, NULL),
(1950, '2017-07-10 04:00:00', '1970-01-01 05:00:00', 5, 76, 5, 5, 0, NULL),
(1951, '2017-07-10 04:00:00', '1970-01-01 05:00:00', 5, 52, 5, 5, 0, NULL),
(1952, '2017-07-11 04:00:00', '1970-01-01 05:00:00', 6, 125, 6, 6, 0, NULL),
(1953, '2017-07-11 04:00:00', '1970-01-01 05:00:00', 6, 4, 6, 6, 0, NULL),
(1954, '2017-07-11 04:00:00', '1970-01-01 05:00:00', 6, 142, 6, 6, 0, NULL),
(1955, '2017-07-11 04:00:00', '1970-01-01 05:00:00', 6, 52, 6, 6, 0, NULL),
(1956, '2017-07-12 09:12:45', '1970-01-01 05:00:00', 6, 27, 6, 6, 0, NULL),
(1957, '2017-07-13 04:00:00', '1970-01-01 05:00:00', 5, 28, 5, 5, 0, NULL),
(1958, '2017-07-13 04:00:00', '1970-01-01 05:00:00', 5, 55, 5, 5, 0, NULL),
(1959, '2017-07-13 04:00:00', '1970-01-01 05:00:00', 5, 53, 5, 5, 0, NULL),
(1960, '2017-07-13 04:00:00', '1970-01-01 05:00:00', 5, 88, 4, 4, 0, NULL),
(1961, '2017-07-13 04:00:00', '1970-01-01 05:00:00', 5, 52, 5, 5, 0, NULL),
(1962, '2017-07-12 04:00:00', '1970-01-01 05:00:00', 5, 109, 5, 5, 0, NULL),
(1964, '2017-07-12 04:00:00', '1970-01-01 05:00:00', 5, 116, 5, 5, 0, NULL),
(1965, '2017-07-12 04:00:00', '1970-01-01 05:00:00', 5, 14, 5, 5, 0, NULL),
(1968, '2017-07-12 04:00:00', '1970-01-01 05:00:00', 5, 98, 5, 4, 0, NULL),
(1969, '2017-07-14 04:00:00', '1970-01-01 05:00:00', 5, 66, 5, 5, 0, NULL),
(1970, '2017-07-14 20:44:27', '1970-01-01 05:00:00', 6, 116, 6, 6, 0, NULL),
(1971, '2017-07-14 20:45:30', '1970-01-01 05:00:00', 6, 5, 6, 6, 0, NULL),
(1972, '2017-07-14 20:46:49', '1970-01-01 05:00:00', 6, 73, 6, 6, 0, NULL),
(1973, '2017-07-14 20:47:08', '1970-01-01 05:00:00', 6, 52, 6, 6, 0, NULL),
(1974, '2017-07-15 13:32:34', '1970-01-01 05:00:00', 6, 86, 6, 6, 0, NULL),
(1975, '2017-07-15 13:32:43', '1970-01-01 05:00:00', 6, 29, 6, 6, 0, NULL),
(1976, '2017-07-15 20:13:59', '1970-01-01 05:00:00', 6, 135, 6, 6, 0, NULL),
(1977, '2017-07-15 20:14:17', '1970-01-01 05:00:00', 6, 142, 6, 6, 0, NULL),
(1978, '2017-07-15 20:14:39', '1970-01-01 05:00:00', 6, 35, 6, 6, 0, NULL),
(1979, '2017-07-16 14:25:57', '1970-01-01 05:00:00', 6, 74, 6, 6, 0, NULL),
(1980, '2017-07-16 17:43:30', '1970-01-01 05:00:00', 6, 55, 6, 6, 0, NULL),
(1981, '2017-07-16 17:43:48', '1970-01-01 05:00:00', 6, 49, 6, 6, 0, NULL),
(1982, '2017-07-16 17:44:52', '1970-01-01 05:00:00', 6, 73, 6, 6, 0, NULL),
(1983, '2017-07-16 04:00:00', '1970-01-01 05:00:00', 6, 120, 6, 6, 1, 337),
(1984, '2017-07-17 19:28:10', '1970-01-01 05:00:00', 6, 75, 6, 6, 0, NULL),
(1985, '2017-07-17 19:29:06', '1970-01-01 05:00:00', 6, 127, 6, 6, 0, NULL),
(1986, '2017-07-17 19:29:29', '1970-01-01 05:00:00', 6, 18, 6, 6, 0, NULL),
(1987, '2017-07-17 19:29:44', '1970-01-01 05:00:00', 6, 88, 6, 6, 0, NULL),
(1988, '2017-07-17 19:30:08', '1970-01-01 05:00:00', 6, 52, 6, 6, 0, NULL),
(1989, '2017-07-18 11:28:39', '1970-01-01 05:00:00', 6, 27, 6, 6, 0, NULL),
(1990, '2017-07-18 20:51:39', '1970-01-01 05:00:00', 6, 116, 6, 6, 0, NULL),
(1991, '2017-07-18 20:54:05', '1970-01-01 05:00:00', 6, 144, 6, 6, 0, NULL),
(1992, '2017-07-18 20:54:23', '1970-01-01 05:00:00', 6, 138, 6, 6, 0, NULL),
(1993, '2017-07-18 20:54:30', '1970-01-01 05:00:00', 6, 120, 6, 6, 0, NULL),
(1994, '2017-07-19 15:55:11', '1970-01-01 05:00:00', 6, 116, 6, 6, 0, NULL),
(1995, '2017-07-19 04:00:00', '1970-01-01 05:00:00', 6, 66, 6, 6, 0, NULL),
(1997, '2017-07-19 04:00:00', '1970-01-01 05:00:00', 6, 142, 6, 6, 0, NULL),
(1998, '2017-07-19 04:00:00', '1970-01-01 05:00:00', 6, 1, 6, 6, 0, NULL),
(2000, '2017-07-19 04:00:00', '1970-01-01 05:00:00', 6, 56, 6, 6, 0, NULL),
(2001, '2017-07-19 04:00:00', '1970-01-01 05:00:00', 6, 52, 6, 6, 0, NULL),
(2002, '2017-07-20 15:11:07', '1970-01-01 05:00:00', 6, 28, 6, 6, 0, NULL),
(2003, '2017-07-20 15:11:11', '1970-01-01 05:00:00', 6, 116, 6, 6, 0, NULL),
(2004, '2017-07-20 19:04:45', '1970-01-01 05:00:00', 6, 65, 6, 6, 0, NULL),
(2005, '2017-07-21 04:00:00', '1970-01-01 05:00:00', 5, 29, 4, 4, 0, NULL),
(2006, '2017-07-21 04:00:00', '1970-01-01 05:00:00', 5, 95, 5, 4, 0, NULL),
(2007, '2017-07-21 04:00:00', '1970-01-01 05:00:00', 5, 109, 5, 5, 0, NULL),
(2008, '2017-07-21 04:00:00', '1970-01-01 05:00:00', 5, 52, 5, 4, 0, NULL),
(2009, '2017-07-21 04:00:00', '1970-01-01 05:00:00', 5, 104, 4, 4, 0, NULL),
(2010, '2017-07-23 04:00:00', '1970-01-01 05:00:00', 5, 28, 5, 5, 0, NULL),
(2011, '2017-07-22 04:00:00', '1970-01-01 05:00:00', 5, 77, 4, 4, 0, NULL),
(2012, '2017-07-22 04:00:00', '1970-01-01 05:00:00', 5, 63, 5, 5, 0, NULL),
(2013, '2017-07-22 04:00:00', '1970-01-01 05:00:00', 5, 131, 5, 4, 0, NULL),
(2017, '2017-07-22 04:00:00', '1970-01-01 05:00:00', 5, 72, 5, 4, 0, NULL),
(2018, '2017-07-23 18:30:49', '1970-01-01 05:00:00', 6, 97, 6, 6, 0, NULL),
(2019, '2017-07-23 18:31:02', '1970-01-01 05:00:00', 6, 109, 6, 6, 0, NULL),
(2020, '2017-07-23 04:00:00', '1970-01-01 05:00:00', 5, 52, 5, 5, 0, NULL),
(2021, '2017-07-23 04:00:00', '1970-01-01 05:00:00', 5, 143, 4, 4, 0, NULL),
(2022, '2017-07-24 04:00:00', '1970-01-01 05:00:00', 5, 28, 5, 5, 0, NULL),
(2023, '2017-07-22 04:00:00', '1970-01-01 05:00:00', 5, 29, 4, 4, 0, NULL),
(2024, '2017-07-24 04:00:00', '1970-01-01 05:00:00', 5, 52, 4, 4, 0, NULL),
(2025, '2017-07-24 04:00:00', '1970-01-01 05:00:00', 5, 145, 4, 4, 0, NULL),
(2026, '2017-07-24 04:00:00', '1970-01-01 05:00:00', 5, 109, 5, 5, 0, NULL),
(2027, '2017-07-24 04:00:00', '1970-01-01 05:00:00', 5, 110, 4, 4, 0, NULL),
(2028, '2017-07-25 04:00:00', '1970-01-01 05:00:00', 5, 125, 4, 4, 0, NULL),
(2029, '2017-07-25 04:00:00', '1970-01-01 05:00:00', 5, 1, 5, 4, 0, NULL),
(2030, '2017-07-25 04:00:00', '1970-01-01 05:00:00', 5, 65, 5, 4, 0, NULL),
(2031, '2017-07-25 04:00:00', '1970-01-01 05:00:00', 5, 75, 4, 4, 0, NULL),
(2032, '2017-07-25 04:00:00', '1970-01-01 05:00:00', 5, 142, 5, 5, 0, NULL),
(2033, '2017-07-27 04:00:00', '1970-01-01 05:00:00', 5, 5, 5, 5, 0, NULL),
(2034, '2017-07-27 04:00:00', '1970-01-01 05:00:00', 5, 76, 5, 5, 0, NULL),
(2035, '2017-07-27 04:00:00', '1970-01-01 05:00:00', 5, 132, 5, 4, 0, NULL),
(2036, '2017-07-26 04:00:00', '1970-01-01 05:00:00', 5, 2, 5, 5, 0, NULL),
(2037, '2017-07-28 04:00:00', '1970-01-01 05:00:00', 5, 28, 5, 5, 0, NULL),
(2038, '2017-07-28 04:00:00', '1970-01-01 05:00:00', 5, 29, 5, 5, 0, NULL),
(2040, '2017-07-27 04:00:00', '1970-01-01 05:00:00', 5, 104, 5, 4, 0, NULL),
(2041, '2017-07-26 04:00:00', '1970-01-01 05:00:00', 5, 77, 5, 4, 0, NULL),
(2042, '2017-07-26 04:00:00', '1970-01-01 05:00:00', 5, 29, 5, 4, 0, NULL),
(2043, '2017-07-26 04:00:00', '1970-01-01 05:00:00', 5, 109, 5, 5, 0, NULL),
(2044, '2017-07-26 04:00:00', '1970-01-01 05:00:00', 5, 52, 5, 4, 0, NULL),
(2050, '2017-07-27 04:00:00', '1970-01-01 05:00:00', 5, 72, 5, 4, 0, NULL),
(2052, '2017-07-28 04:00:00', '1970-01-01 05:00:00', 6, 63, 6, 6, 1, 353),
(2053, '2017-07-28 04:00:00', '1970-01-01 05:00:00', 6, 109, 6, 6, 0, NULL),
(2054, '2017-07-29 04:00:00', '1970-01-01 05:00:00', 5, 66, 5, 5, 0, NULL),
(2055, '2017-07-29 04:00:00', '1970-01-01 05:00:00', 5, 148, 5, 4, 0, NULL),
(2056, '2017-07-29 04:00:00', '1970-01-01 05:00:00', 5, 146, 5, 4, 0, NULL),
(2057, '2017-07-29 04:00:00', '1970-01-01 05:00:00', 5, 131, 5, 5, 0, NULL),
(2058, '2017-07-29 04:00:00', '1970-01-01 05:00:00', 5, 117, 5, 5, 0, NULL),
(2059, '2017-07-30 04:00:00', '1970-01-01 05:00:00', 5, 147, 5, 4, 0, NULL),
(2060, '2017-07-30 04:00:00', '1970-01-01 05:00:00', 5, 148, 5, 4, 0, NULL),
(2061, '2017-07-30 04:00:00', '1970-01-01 05:00:00', 5, 146, 5, 4, 0, NULL),
(2062, '2017-07-30 04:00:00', '1970-01-01 05:00:00', 5, 109, 5, 5, 0, NULL),
(2063, '2017-07-30 04:00:00', '1970-01-01 05:00:00', 5, 120, 5, 4, 0, NULL),
(2064, '2017-08-02 04:00:00', '1970-01-01 05:00:00', 5, 147, 5, 4, 0, NULL),
(2065, '2017-08-01 04:00:00', '1970-01-01 05:00:00', 5, 147, 5, 4, 0, NULL),
(2066, '2017-07-31 04:00:00', '1970-01-01 05:00:00', 5, 147, 5, 4, 0, NULL),
(2067, '2017-08-02 04:00:00', '1970-01-01 05:00:00', 5, 148, 5, 4, 0, NULL),
(2068, '2017-08-01 04:00:00', '1970-01-01 05:00:00', 5, 148, 5, 4, 0, NULL),
(2069, '2017-07-31 04:00:00', '1970-01-01 05:00:00', 5, 148, 5, 4, 0, NULL),
(2070, '2017-08-02 04:00:00', '1970-01-01 05:00:00', 5, 146, 5, 4, 0, NULL),
(2071, '2017-08-01 04:00:00', '1970-01-01 05:00:00', 5, 146, 5, 4, 0, NULL),
(2072, '2017-07-31 04:00:00', '1970-01-01 05:00:00', 5, 146, 5, 4, 0, NULL),
(2073, '2017-08-02 04:00:00', '1970-01-01 05:00:00', 5, 149, 5, 4, 0, NULL),
(2074, '2017-08-01 04:00:00', '1970-01-01 05:00:00', 5, 149, 5, 4, 0, NULL),
(2075, '2017-07-31 04:00:00', '1970-01-01 05:00:00', 5, 149, 5, 4, 0, NULL),
(2076, '2017-07-31 04:00:00', '1970-01-01 05:00:00', 5, 52, 5, 5, 0, NULL),
(2077, '2017-08-01 04:00:00', '1970-01-01 05:00:00', 5, 52, 5, 4, 0, NULL),
(2078, '2017-08-02 04:00:00', '1970-01-01 05:00:00', 5, 52, 5, 4, 0, NULL),
(2079, '2017-08-03 04:00:00', '1970-01-01 05:00:00', 5, 147, 5, 4, 0, NULL),
(2080, '2017-08-04 04:00:00', '1970-01-01 05:00:00', 5, 147, 5, 4, 0, NULL),
(2081, '2017-08-03 04:00:00', '1970-01-01 05:00:00', 5, 148, 5, 4, 0, NULL),
(2082, '2017-08-03 04:00:00', '1970-01-01 05:00:00', 5, 146, 5, 4, 0, NULL),
(2083, '2017-08-03 04:00:00', '1970-01-01 05:00:00', 5, 149, 5, 4, 0, NULL),
(2084, '2017-08-03 04:00:00', '1970-01-01 05:00:00', 5, 65, 5, 4, 0, NULL),
(2085, '2017-08-04 04:00:00', '1970-01-01 05:00:00', 5, 148, 5, 4, 0, NULL),
(2086, '2017-08-04 04:00:00', '1970-01-01 05:00:00', 5, 146, 5, 4, 0, NULL),
(2087, '2017-08-04 04:00:00', '1970-01-01 05:00:00', 5, 149, 5, 4, 0, NULL),
(2088, '2017-08-04 04:00:00', '1970-01-01 05:00:00', 5, 120, 5, 5, 0, NULL),
(2089, '2017-08-05 04:00:00', '1970-01-01 05:00:00', 5, 147, 5, 4, 0, NULL),
(2090, '2017-08-05 04:00:00', '1970-01-01 05:00:00', 5, 125, 5, 4, 0, NULL),
(2091, '2017-08-05 04:00:00', '1970-01-01 05:00:00', 5, 18, 5, 4, 0, NULL),
(2092, '2017-08-05 04:00:00', '1970-01-01 05:00:00', 5, 131, 5, 4, 0, NULL),
(2093, '2017-08-05 04:00:00', '1970-01-01 05:00:00', 5, 52, 5, 4, 0, NULL),
(2094, '2017-08-07 04:00:00', '1970-01-01 05:00:00', 5, 77, 5, 4, 0, NULL),
(2095, '2017-08-07 04:00:00', '1970-01-01 05:00:00', 5, 3, 5, 4, 0, NULL),
(2097, '2017-08-06 04:00:00', '1970-01-01 05:00:00', 5, 104, 5, 4, 0, NULL),
(2098, '2017-08-07 04:00:00', '1970-01-01 05:00:00', 5, 109, 5, 5, 0, NULL),
(2099, '2017-08-06 04:00:00', '1970-01-01 05:00:00', 5, 109, 5, 5, 0, NULL),
(2100, '2017-08-06 04:00:00', '1970-01-01 05:00:00', 5, 150, 5, 4, 0, NULL),
(2101, '2017-08-08 04:00:00', '1970-01-01 05:00:00', 5, 104, 5, 4, 0, NULL),
(2102, '2017-08-09 04:00:00', '1970-01-01 05:00:00', 5, 28, 5, 5, 0, NULL),
(2103, '2017-08-09 04:00:00', '1970-01-01 05:00:00', 5, 29, 5, 5, 0, NULL),
(2104, '2017-08-08 04:00:00', '1970-01-01 05:00:00', 5, 5, 5, 5, 0, NULL),
(2105, '2017-08-08 04:00:00', '1970-01-01 05:00:00', 5, 109, 5, 5, 0, NULL),
(2106, '2017-08-08 04:00:00', '1970-01-01 05:00:00', 5, 62, 4, 4, 0, NULL),
(2107, '2017-08-08 04:00:00', '1970-01-01 05:00:00', 5, 72, 5, 4, 0, NULL),
(2108, '2017-08-10 04:00:00', '1970-01-01 05:00:00', 5, 27, 5, 4, 0, NULL),
(2109, '2017-08-10 04:00:00', '1970-01-01 05:00:00', 5, 29, 5, 5, 0, NULL),
(2110, '2017-08-10 04:00:00', '1970-01-01 05:00:00', 5, 18, 5, 5, 0, NULL),
(2111, '2017-08-10 04:00:00', '1970-01-01 05:00:00', 5, 30, 5, 5, 0, NULL),
(2112, '2017-08-10 04:00:00', '1970-01-01 05:00:00', 5, 52, 5, 4, 0, NULL),
(2113, '2017-08-09 04:00:00', '1970-01-01 05:00:00', 5, 63, 5, 5, 0, NULL),
(2114, '2017-08-09 04:00:00', '1970-01-01 05:00:00', 5, 109, 5, 5, 0, NULL),
(2115, '2017-08-09 04:00:00', '1970-01-01 05:00:00', 5, 52, 5, 4, 0, NULL),
(2116, '2017-08-07 04:00:00', '1970-01-01 05:00:00', 5, 110, 5, 4, 0, NULL),
(2117, '2017-08-07 04:00:00', '1970-01-01 05:00:00', 5, 52, 5, 4, 0, NULL),
(2118, '2017-08-06 04:00:00', '1970-01-01 05:00:00', 5, 29, 5, 4, 0, NULL),
(2119, '2017-08-06 04:00:00', '1970-01-01 05:00:00', 5, 52, 5, 4, 0, NULL),
(2120, '2017-08-12 04:00:00', '1970-01-01 05:00:00', 5, 28, 5, 4, 0, NULL),
(2121, '2017-08-12 04:00:00', '1970-01-01 05:00:00', 5, 110, 5, 4, 0, NULL),
(2122, '2017-08-12 04:00:00', '1970-01-01 05:00:00', 5, 18, 5, 5, 0, NULL),
(2123, '2017-08-12 04:00:00', '1970-01-01 05:00:00', 5, 88, 5, 5, 0, NULL),
(2124, '2017-08-12 04:00:00', '1970-01-01 05:00:00', 5, 120, 5, 5, 0, NULL),
(2125, '2017-08-11 04:00:00', '1970-01-01 05:00:00', 5, 1, 5, 4, 0, NULL),
(2127, '2017-08-11 04:00:00', '1970-01-01 05:00:00', 5, 75, 5, 4, 0, NULL),
(2128, '2017-08-11 04:00:00', '1970-01-01 05:00:00', 5, 116, 5, 4, 0, NULL),
(2129, '2017-08-11 04:00:00', '1970-01-01 05:00:00', 5, 109, 5, 5, 0, NULL),
(2130, '2017-08-11 04:00:00', '1970-01-01 05:00:00', 5, 52, 5, 4, 0, NULL),
(2131, '2017-08-13 04:00:00', '1970-01-01 05:00:00', 5, 75, 5, 5, 0, NULL),
(2132, '2017-08-13 04:00:00', '1970-01-01 05:00:00', 5, 29, 5, 4, 0, NULL),
(2134, '2017-08-15 04:00:00', '1970-01-01 05:00:00', 5, 132, 5, 4, 0, NULL),
(2135, '2017-08-15 04:00:00', '1970-01-01 05:00:00', 5, 75, 5, 4, 0, NULL),
(2136, '2017-08-15 04:00:00', '1970-01-01 05:00:00', 5, 63, 5, 4, 0, NULL),
(2137, '2017-08-15 04:00:00', '1970-01-01 05:00:00', 5, 109, 5, 5, 0, NULL),
(2138, '2017-08-15 04:00:00', '1970-01-01 05:00:00', 5, 52, 5, 4, 0, NULL),
(2139, '2017-08-14 04:00:00', '1970-01-01 05:00:00', 5, 75, 5, 4, 0, NULL),
(2141, '2017-08-14 04:00:00', '1970-01-01 05:00:00', 5, 76, 5, 5, 0, NULL),
(2142, '2017-08-14 04:00:00', '1970-01-01 05:00:00', 5, 152, 5, 4, 0, NULL),
(2143, '2017-08-13 04:00:00', '1970-01-01 05:00:00', 5, 36, 5, 5, 0, NULL),
(2144, '2017-08-14 04:00:00', '1970-01-01 05:00:00', 5, 92, 5, 5, 0, NULL),
(2145, '2017-08-13 04:00:00', '1970-01-01 05:00:00', 5, 88, 5, 5, 0, NULL),
(2146, '2017-08-13 04:00:00', '1970-01-01 05:00:00', 5, 65, 5, 4, 0, NULL),
(2147, '2017-08-14 04:00:00', '1970-01-01 05:00:00', 5, 153, 5, 5, 0, NULL),
(2148, '2017-08-16 04:00:00', '1970-01-01 05:00:00', 5, 28, 5, 5, 0, NULL),
(2149, '2017-08-16 04:00:00', '1970-01-01 05:00:00', 4, 29, 4, 4, 0, NULL),
(2150, '2017-08-16 04:00:00', '1970-01-01 05:00:00', 4, 145, 4, 4, 0, NULL),
(2151, '2017-08-16 04:00:00', '1970-01-01 05:00:00', 6, 52, 6, 6, 0, NULL),
(2152, '2017-08-17 04:00:00', '1970-01-01 05:00:00', 5, 27, 4, 4, 0, NULL),
(2153, '2017-08-17 04:00:00', '1970-01-01 05:00:00', 5, 111, 4, 4, 0, NULL),
(2154, '2017-08-17 04:00:00', '1970-01-01 05:00:00', 5, 154, 5, 5, 0, NULL),
(2155, '2017-08-17 04:00:00', '1970-01-01 05:00:00', 6, 52, 6, 6, 0, NULL),
(2157, '2017-08-18 04:00:00', '1970-01-01 05:00:00', 4, 86, 4, 4, 0, NULL),
(2158, '2017-08-18 04:00:00', '1970-01-01 05:00:00', 4, 83, 4, 4, 0, NULL),
(2159, '2017-08-18 04:00:00', '1970-01-01 05:00:00', 4, 2, 4, 4, 0, NULL),
(2160, '2017-08-18 04:00:00', '1970-01-01 05:00:00', 4, 72, 4, 4, 0, NULL),
(2161, '2017-08-19 04:00:00', '1970-01-01 05:00:00', 4, 75, 4, 4, 0, NULL),
(2162, '2017-08-19 19:59:38', '1970-01-01 05:00:00', 6, 139, 6, 6, 0, NULL),
(2163, '2017-08-19 19:59:56', '1970-01-01 05:00:00', 6, 63, 6, 6, 0, NULL),
(2164, '2017-08-19 20:00:05', '1970-01-01 05:00:00', 6, 131, 6, 6, 0, NULL),
(2165, '2017-08-19 04:00:00', '1970-01-01 05:00:00', 6, 120, 6, 6, 0, NULL),
(2166, '2017-08-20 18:17:36', '1970-01-01 05:00:00', 6, 32, 6, 6, 0, NULL),
(2167, '2017-08-20 18:17:59', '1970-01-01 05:00:00', 6, 150, 6, 6, 0, NULL),
(2168, '2017-08-20 04:00:00', '1970-01-01 05:00:00', 6, 70, 6, 6, 0, NULL),
(2169, '2017-08-20 04:00:00', '1970-01-01 05:00:00', 6, 109, 6, 6, 0, NULL),
(2170, '2017-08-22 18:43:06', '1970-01-01 05:00:00', 6, 139, 6, 6, 0, NULL),
(2171, '2017-08-22 18:43:22', '1970-01-01 05:00:00', 6, 5, 6, 6, 0, NULL),
(2172, '2017-08-22 18:43:28', '1970-01-01 05:00:00', 6, 109, 6, 6, 0, NULL),
(2173, '2017-08-22 04:00:00', '1970-01-01 05:00:00', 6, 80, 6, 6, 0, NULL),
(2174, '2017-08-23 20:36:20', '1970-01-01 05:00:00', 6, 7, 6, 6, 0, NULL),
(2175, '2017-08-23 20:36:37', '1970-01-01 05:00:00', 6, 109, 6, 6, 0, NULL),
(2176, '2017-08-23 20:37:56', '1970-01-01 05:00:00', 6, 52, 6, 6, 0, NULL),
(2177, '2017-08-24 08:07:52', '1970-01-01 05:00:00', 6, 27, 6, 6, 0, NULL),
(2178, '2017-08-24 18:59:17', '1970-01-01 05:00:00', 6, 18, 6, 6, 0, NULL),
(2179, '2017-08-24 18:59:27', '1970-01-01 05:00:00', 6, 73, 6, 6, 0, NULL),
(2180, '2017-08-24 18:59:46', '1970-01-01 05:00:00', 6, 52, 6, 6, 0, NULL),
(2182, '2017-08-25 04:00:00', '1970-01-01 05:00:00', 5, 63, 4, 4, 0, NULL),
(2183, '2017-08-25 04:00:00', '1970-01-01 05:00:00', 5, 52, 5, 5, 0, NULL),
(2184, '2017-08-26 18:46:22', '1970-01-01 05:00:00', 6, 81, 6, 6, 0, NULL),
(2185, '2017-08-27 16:30:08', '1970-01-01 05:00:00', 6, 74, 6, 6, 0, NULL),
(2186, '2017-08-27 16:30:25', '1970-01-01 05:00:00', 6, 33, 6, 6, 0, NULL),
(2187, '2017-08-27 16:32:53', '1970-01-01 05:00:00', 6, 156, 6, 6, 0, NULL),
(2188, '2017-08-27 18:58:10', '1970-01-01 05:00:00', 6, 65, 6, 6, 0, NULL),
(2189, '2017-08-28 18:26:06', '1970-01-01 05:00:00', 6, 28, 6, 6, 0, NULL),
(2190, '2017-08-28 18:26:54', '1970-01-01 05:00:00', 6, 110, 6, 6, 0, NULL),
(2191, '2017-08-28 18:27:01', '1970-01-01 05:00:00', 6, 18, 6, 6, 0, NULL),
(2192, '2017-08-28 18:27:32', '1970-01-01 05:00:00', 6, 76, 6, 6, 0, NULL),
(2193, '2017-08-28 19:30:34', '1970-01-01 05:00:00', 6, 52, 6, 6, 0, NULL),
(2194, '2017-08-29 18:33:23', '1970-01-01 05:00:00', 6, 49, 6, 6, 0, NULL),
(2195, '2017-08-29 18:33:29', '1970-01-01 05:00:00', 6, 109, 6, 6, 0, NULL),
(2196, '2017-08-30 04:00:00', '1970-01-01 05:00:00', 5, 104, 5, 5, 0, NULL),
(2197, '2017-08-30 04:00:00', '1970-01-01 05:00:00', 5, 55, 4, 4, 0, NULL),
(2198, '2017-08-30 04:00:00', '1970-01-01 05:00:00', 5, 5, 5, 5, 0, NULL),
(2199, '2017-08-30 04:00:00', '1970-01-01 05:00:00', 5, 109, 5, 5, 0, NULL),
(2200, '2017-08-30 04:00:00', '1970-01-01 05:00:00', 5, 51, 5, 5, 0, NULL),
(2201, '2017-08-29 04:00:00', '1970-01-01 05:00:00', 5, 51, 5, 5, 0, NULL),
(2202, '2017-09-01 04:00:00', '1970-01-01 05:00:00', 5, 32, 5, 4, 0, NULL),
(2203, '2017-09-01 04:00:00', '1970-01-01 05:00:00', 5, 29, 4, 4, 0, NULL),
(2204, '2017-08-31 04:00:00', '1970-01-01 05:00:00', 5, 104, 5, 5, 0, NULL),
(2205, '2017-08-31 04:00:00', '1970-01-01 05:00:00', 5, 55, 4, 4, 0, NULL),
(2206, '2017-08-31 04:00:00', '1970-01-01 05:00:00', 5, 81, 5, 5, 0, NULL),
(2207, '2017-08-31 04:00:00', '1970-01-01 05:00:00', 5, 76, 5, 5, 0, NULL),
(2208, '2017-08-31 04:00:00', '1970-01-01 05:00:00', 5, 87, 5, 4, 0, NULL),
(2209, '2017-08-31 04:00:00', '1970-01-01 05:00:00', 5, 79, 4, 4, 0, NULL),
(2210, '2017-09-01 04:00:00', '1970-01-01 05:00:00', 5, 63, 5, 5, 0, NULL),
(2211, '2017-09-01 04:00:00', '1970-01-01 05:00:00', 5, 30, 4, 4, 0, NULL),
(2213, '2017-09-02 04:00:00', '1970-01-01 05:00:00', 5, 28, 4, 4, 0, NULL),
(2214, '2017-09-02 04:00:00', '1970-01-01 05:00:00', 5, 29, 4, 4, 0, NULL),
(2216, '2017-09-02 04:00:00', '1970-01-01 05:00:00', 5, 53, 5, 5, 0, NULL),
(2217, '2017-09-02 04:00:00', '1970-01-01 05:00:00', 5, 131, 4, 4, 0, NULL),
(2218, '2017-09-02 04:00:00', '1970-01-01 05:00:00', 5, 52, 4, 4, 0, NULL),
(2219, '2017-09-04 04:00:00', '1970-01-01 05:00:00', 5, 28, 5, 5, 0, NULL),
(2220, '2017-09-04 04:00:00', '1970-01-01 05:00:00', 5, 29, 4, 5, 0, NULL),
(2221, '2017-09-03 04:00:00', '1970-01-01 05:00:00', 5, 4, 5, 5, 0, NULL),
(2222, '2017-09-03 04:00:00', '1970-01-01 05:00:00', 5, 75, 5, 4, 0, NULL),
(2223, '2017-09-03 04:00:00', '1970-01-01 05:00:00', 5, 109, 5, 5, 0, NULL),
(2224, '2017-09-03 04:00:00', '1970-01-01 05:00:00', 5, 52, 4, 4, 0, NULL),
(2225, '2017-09-05 04:00:00', '1970-01-01 05:00:00', 5, 27, 5, 4, 0, NULL),
(2226, '2017-09-05 04:00:00', '1970-01-01 05:00:00', 5, 29, 4, 5, 0, NULL),
(2227, '2017-09-05 04:00:00', '1970-01-01 05:00:00', 5, 49, 5, 4, 0, NULL),
(2228, '2017-09-04 04:00:00', '1970-01-01 05:00:00', 5, 2, 5, 4, 0, NULL),
(2229, '2017-09-04 04:00:00', '1970-01-01 05:00:00', 5, 109, 5, 5, 0, NULL),
(2230, '2017-09-04 04:00:00', '1970-01-01 05:00:00', 5, 79, 4, 4, 0, NULL),
(2231, '2017-09-05 04:00:00', '1970-01-01 05:00:00', 5, 73, 5, 4, 0, NULL),
(2232, '2017-09-05 04:00:00', '1970-01-01 05:00:00', 5, 52, 4, 4, 0, NULL),
(2233, '2017-09-06 04:00:00', '1970-01-01 05:00:00', 5, 75, 5, 5, 0, NULL),
(2234, '2017-09-06 04:00:00', '1970-01-01 05:00:00', 5, 143, 4, 4, 0, NULL),
(2235, '2017-09-06 04:00:00', '1970-01-01 05:00:00', 5, 94, 5, 4, 0, NULL),
(2236, '2017-09-06 04:00:00', '1970-01-01 05:00:00', 5, 109, 5, 5, 0, NULL),
(2237, '2017-09-06 04:00:00', '1970-01-01 05:00:00', 5, 52, 4, 4, 0, NULL),
(2238, '2017-09-07 04:00:00', '1970-01-01 05:00:00', 5, 28, 5, 5, 0, NULL),
(2239, '2017-09-07 04:00:00', '1970-01-01 05:00:00', 5, 29, 4, 5, 0, NULL),
(2240, '2017-09-07 04:00:00', '1970-01-01 05:00:00', 5, 53, 5, 4, 0, NULL),
(2241, '2017-09-07 04:00:00', '1970-01-01 05:00:00', 5, 109, 5, 5, 0, NULL),
(2242, '2017-09-07 04:00:00', '1970-01-01 05:00:00', 5, 72, 5, 4, 0, NULL),
(2243, '2017-09-07 04:00:00', '1970-01-01 05:00:00', 5, 62, 4, 4, 0, NULL),
(2245, '2017-09-08 04:00:00', '1970-01-01 05:00:00', 5, 63, 5, 5, 0, NULL),
(2246, '2017-09-08 04:00:00', '1970-01-01 05:00:00', 5, 109, 5, 5, 0, NULL),
(2247, '2017-09-08 04:00:00', '1970-01-01 05:00:00', 5, 52, 5, 4, 0, NULL),
(2249, '2017-09-08 04:00:00', '1970-01-01 05:00:00', 5, 74, 5, 4, 0, NULL),
(2250, '2017-09-08 04:00:00', '1970-01-01 05:00:00', 5, 55, 4, 4, 0, NULL),
(2251, '2017-09-08 04:00:00', '1970-01-01 05:00:00', 5, 62, 4, 4, 0, NULL),
(2253, '2017-09-10 04:00:00', '1970-01-01 05:00:00', 5, 49, 5, 5, 0, NULL),
(2254, '2017-09-10 04:00:00', '1970-01-01 05:00:00', 5, 30, 4, 4, 0, NULL),
(2255, '2017-09-10 04:00:00', '1970-01-01 05:00:00', 5, 132, 5, 5, 0, NULL),
(2256, '2017-09-11 04:00:00', '1970-01-01 05:00:00', 5, 29, 4, 4, 0, NULL),
(2257, '2017-09-11 04:00:00', '1970-01-01 05:00:00', 5, 18, 5, 5, 0, NULL),
(2258, '2017-09-11 04:00:00', '1970-01-01 05:00:00', 5, 30, 4, 4, 0, NULL),
(2259, '2017-09-11 04:00:00', '1970-01-01 05:00:00', 5, 65, 4, 4, 0, NULL),
(2260, '2017-09-12 04:00:00', '1970-01-01 05:00:00', 5, 29, 4, 5, 0, NULL),
(2261, '2017-09-12 04:00:00', '1970-01-01 05:00:00', 5, 5, 5, 5, 0, NULL),
(2262, '2017-09-12 04:00:00', '1970-01-01 05:00:00', 5, 76, 4, 4, 0, NULL),
(2263, '2017-09-12 04:00:00', '1970-01-01 05:00:00', 5, 52, 4, 4, 0, NULL),
(2264, '2017-09-13 04:00:00', '1970-01-01 05:00:00', 5, 27, 4, 5, 0, NULL),
(2265, '2017-09-13 04:00:00', '1970-01-01 05:00:00', 5, 29, 4, 5, 0, NULL),
(2266, '2017-09-13 04:00:00', '1970-01-01 05:00:00', 5, 53, 5, 4, 0, NULL),
(2267, '2017-09-13 04:00:00', '1970-01-01 05:00:00', 5, 61, 5, 5, 0, NULL),
(2268, '2017-09-13 04:00:00', '1970-01-01 05:00:00', 5, 52, 4, 4, 0, NULL),
(2269, '2017-09-14 04:00:00', '1970-01-01 05:00:00', 5, 28, 5, 5, 0, NULL),
(2270, '2017-09-14 04:00:00', '1970-01-01 05:00:00', 5, 127, 4, 5, 0, NULL),
(2271, '2017-09-14 04:00:00', '1970-01-01 05:00:00', 5, 144, 4, 4, 0, NULL),
(2272, '2017-09-14 04:00:00', '1970-01-01 05:00:00', 5, 109, 5, 5, 0, NULL),
(2273, '2017-09-14 04:00:00', '1970-01-01 05:00:00', 5, 52, 5, 5, 0, NULL),
(2274, '2017-09-14 04:00:00', '1970-01-01 05:00:00', 5, 60, 5, 5, 0, NULL),
(2275, '2017-09-15 04:00:00', '1970-01-01 05:00:00', 5, 109, 5, 5, 0, NULL),
(2276, '2017-09-15 04:00:00', '1970-01-01 05:00:00', 5, 63, 5, 5, 0, NULL),
(2277, '2017-09-15 04:00:00', '1970-01-01 05:00:00', 5, 75, 4, 4, 0, NULL),
(2278, '2017-09-15 04:00:00', '1970-01-01 05:00:00', 5, 52, 4, 4, 0, NULL),
(2279, '2017-09-15 04:00:00', '1970-01-01 05:00:00', 5, 157, 4, 4, 0, NULL),
(2280, '2017-09-16 04:00:00', '1970-01-01 05:00:00', 5, 2, 5, 4, 0, NULL),
(2281, '2017-09-16 04:00:00', '1970-01-01 05:00:00', 5, 131, 5, 4, 0, NULL),
(2282, '2017-09-16 04:00:00', '1970-01-01 05:00:00', 5, 52, 4, 4, 0, NULL),
(2283, '2017-09-16 04:00:00', '1970-01-01 05:00:00', 5, 66, 4, 4, 0, NULL),
(2284, '2017-09-09 04:00:00', '1970-01-01 05:00:00', 5, 66, 4, 4, 0, NULL),
(2285, '2017-09-18 04:00:00', '1970-01-01 05:00:00', 5, 29, 4, 5, 0, NULL),
(2286, '2017-09-18 04:00:00', '1970-01-01 05:00:00', 5, 2, 4, 4, 0, NULL),
(2287, '2017-09-18 04:00:00', '1970-01-01 05:00:00', 5, 30, 4, 4, 0, NULL),
(2288, '2017-09-17 04:00:00', '1970-01-01 05:00:00', 5, 104, 4, 4, 0, NULL),
(2289, '2017-09-17 04:00:00', '1970-01-01 05:00:00', 5, 49, 4, 4, 0, NULL),
(2290, '2017-09-17 04:00:00', '1970-01-01 05:00:00', 5, 29, 4, 4, 0, NULL),
(2291, '2017-09-17 04:00:00', '1970-01-01 05:00:00', 5, 109, 5, 5, 0, NULL),
(2292, '2017-09-17 04:00:00', '1970-01-01 05:00:00', 5, 72, 4, 4, 0, NULL),
(2293, '2017-09-16 04:00:00', '1970-01-01 05:00:00', 5, 110, 4, 4, 0, NULL),
(2294, '2017-09-18 04:00:00', '1970-01-01 05:00:00', 5, 28, 4, 4, 0, NULL),
(2295, '2017-09-18 04:00:00', '1970-01-01 05:00:00', 5, 79, 4, 4, 0, NULL),
(2296, '2017-09-19 04:00:00', '1970-01-01 05:00:00', 5, 104, 5, 4, 0, NULL),
(2297, '2017-09-19 04:00:00', '1970-01-01 05:00:00', 5, 29, 4, 5, 0, NULL),
(2298, '2017-09-20 04:00:00', '1970-01-01 05:00:00', 5, 5, 5, 5, 0, NULL),
(2299, '2017-09-20 04:00:00', '1970-01-01 05:00:00', 5, 73, 5, 5, 0, NULL),
(2300, '2017-09-20 04:00:00', '1970-01-01 05:00:00', 5, 52, 4, 4, 0, NULL),
(2301, '2017-09-21 04:00:00', '1970-01-01 05:00:00', 5, 74, 5, 4, 0, NULL),
(2302, '2017-09-21 04:00:00', '1970-01-01 05:00:00', 5, 29, 4, 5, 0, NULL),
(2303, '2017-09-20 04:00:00', '1970-01-01 05:00:00', 5, 75, 6, 4, 0, NULL),
(2304, '2017-09-20 04:00:00', '1970-01-01 05:00:00', 5, 29, 4, 4, 0, NULL),
(2305, '2017-09-19 04:00:00', '1970-01-01 05:00:00', 5, 144, 6, 4, 0, NULL),
(2306, '2017-09-19 04:00:00', '1970-01-01 05:00:00', 5, 65, 6, 4, 0, NULL),
(2307, '2017-09-19 04:00:00', '1970-01-01 05:00:00', 5, 50, 6, 4, 0, NULL),
(2308, '2017-09-22 04:00:00', '1970-01-01 05:00:00', 5, 32, 4, 4, 0, NULL),
(2309, '2017-09-22 04:00:00', '1970-01-01 05:00:00', 5, 55, 4, 4, 0, NULL),
(2310, '2017-09-22 04:00:00', '1970-01-01 05:00:00', 5, 63, 5, 5, 0, NULL),
(2311, '2017-09-22 04:00:00', '1970-01-01 05:00:00', 5, 109, 5, 5, 0, NULL),
(2312, '2017-09-22 04:00:00', '1970-01-01 05:00:00', 5, 79, 4, 4, 0, NULL),
(2313, '2017-09-21 04:00:00', '1970-01-01 05:00:00', 5, 53, 5, 5, 0, NULL),
(2314, '2017-09-21 04:00:00', '1970-01-01 05:00:00', 5, 109, 5, 5, 0, NULL),
(2315, '2017-09-21 04:00:00', '1970-01-01 05:00:00', 5, 87, 4, 4, 0, NULL),
(2316, '2017-09-26 04:00:00', '1970-01-01 05:00:00', 5, 28, 5, 4, 0, NULL),
(2317, '2017-09-26 04:00:00', '1970-01-01 05:00:00', 5, 29, 4, 5, 0, NULL),
(2318, '2017-09-25 04:00:00', '1970-01-01 05:00:00', 5, 64, 6, 4, 0, NULL),
(2319, '2017-09-26 04:00:00', '1970-01-01 05:00:00', 5, 5, 5, 5, 0, NULL),
(2320, '2017-09-26 04:00:00', '1970-01-01 05:00:00', 5, 76, 5, 5, 0, NULL),
(2321, '2017-09-25 04:00:00', '1970-01-01 05:00:00', 5, 29, 4, 6, 0, NULL),
(2322, '2017-09-25 04:00:00', '1970-01-01 05:00:00', 5, 18, 5, 5, 0, NULL),
(2323, '2017-09-25 04:00:00', '1970-01-01 05:00:00', 5, 79, 4, 4, 0, NULL),
(2324, '2017-09-25 04:00:00', '1970-01-01 05:00:00', 5, 109, 5, 5, 0, NULL),
(2325, '2017-09-25 04:00:00', '1970-01-01 05:00:00', 5, 51, 4, 4, 0, NULL),
(2326, '2017-09-24 04:00:00', '1970-01-01 05:00:00', 5, 77, 4, 4, 0, NULL),
(2327, '2017-09-23 04:00:00', '1970-01-01 05:00:00', 5, 104, 4, 4, 0, NULL),
(2328, '2017-09-24 04:00:00', '1970-01-01 05:00:00', 5, 29, 4, 4, 0, NULL),
(2329, '2017-09-23 04:00:00', '1970-01-01 05:00:00', 5, 110, 4, 4, 0, NULL),
(2330, '2017-09-23 04:00:00', '1970-01-01 05:00:00', 5, 2, 4, 4, 0, NULL),
(2331, '2017-09-23 04:00:00', '1970-01-01 05:00:00', 5, 131, 5, 4, 0, NULL),
(2332, '2017-09-23 04:00:00', '1970-01-01 05:00:00', 5, 87, 4, 4, 0, NULL),
(2333, '2017-09-24 04:00:00', '1970-01-01 05:00:00', 5, 53, 4, 4, 0, NULL),
(2334, '2017-09-24 04:00:00', '1970-01-01 05:00:00', 5, 109, 5, 5, 0, NULL),
(2335, '2017-09-24 04:00:00', '1970-01-01 05:00:00', 5, 52, 4, 4, 0, NULL),
(2336, '2017-09-27 04:00:00', '1970-01-01 05:00:00', 5, 75, 5, 5, 0, NULL),
(2337, '2017-09-27 04:00:00', '1970-01-01 05:00:00', 5, 29, 4, 5, 0, NULL),
(2338, '2017-09-26 04:00:00', '1970-01-01 05:00:00', 5, 52, 4, 4, 0, NULL),
(2339, '2017-09-27 04:00:00', '1970-01-01 05:00:00', 5, 4, 5, 5, 0, NULL),
(2340, '2017-09-27 04:00:00', '1970-01-01 05:00:00', 5, 109, 5, 5, 0, NULL),
(2341, '2017-09-28 04:00:00', '1970-01-01 05:00:00', 5, 104, 5, 4, 0, NULL),
(2342, '2017-09-28 04:00:00', '1970-01-01 05:00:00', 5, 158, 4, 4, 0, NULL),
(2343, '2017-09-27 04:00:00', '1970-01-01 05:00:00', 5, 52, 4, 4, 0, NULL),
(2344, '2017-09-28 04:00:00', '1970-01-01 05:00:00', 5, 81, 5, 4, 0, NULL),
(2345, '2017-09-28 04:00:00', '1970-01-01 05:00:00', 5, 30, 4, 4, 0, NULL),
(2347, '2017-09-28 04:00:00', '1970-01-01 05:00:00', 5, 52, 4, 4, 0, NULL),
(2348, '2017-09-28 04:00:00', '1970-01-01 05:00:00', 5, 79, 4, 4, 0, NULL);

# ############################

#
# Table structure for table `user_follower_lnk`
#

CREATE TABLE IF NOT EXISTS `user_follower_lnk` (
  `id` int(11) NOT NULL AUTO_INCREMENT,
  `created_date_time` timestamp NOT NULL DEFAULT CURRENT_TIMESTAMP,
  `last_modified_date_time` timestamp NOT NULL DEFAULT '0000-00-00 00:00:00',
  `fk_user_id` int(11) DEFAULT NULL,
  `fk_user_follower_id` int(11) DEFAULT NULL,
  PRIMARY KEY (`id`),
  KEY `fk_user_id` (`fk_user_id`),
  KEY `fk_user_follower_id` (`fk_user_follower_id`)
) ENGINE=InnoDB  DEFAULT CHARSET=utf8 AUTO_INCREMENT=7 ;

#
# Dumping data for table `user_follower_lnk`
#

INSERT INTO `user_follower_lnk` (`id`, `created_date_time`, `last_modified_date_time`, `fk_user_id`, `fk_user_follower_id`) VALUES
(1, '2017-04-16 15:06:08', '2017-04-16 15:06:08', 4, 5),
(2, '2017-04-16 15:06:08', '2017-04-16 15:06:08', 4, 6),
(3, '2017-04-16 15:06:08', '2017-04-16 15:06:08', 5, 4),
(4, '2017-04-16 15:06:08', '2017-04-16 15:06:08', 5, 6),
(5, '2017-04-16 15:06:08', '2017-04-16 15:06:08', 6, 4),
(6, '2017-04-16 15:06:08', '2017-04-16 15:06:08', 6, 5);

# ############################

#
# Table structure for table `user_role_lnk`
#

CREATE TABLE IF NOT EXISTS `user_role_lnk` (
  `id` int(11) NOT NULL AUTO_INCREMENT,
  `created_date_time` timestamp NOT NULL DEFAULT CURRENT_TIMESTAMP,
  `last_modified_date_time` timestamp NOT NULL DEFAULT '0000-00-00 00:00:00',
  `fk_user_id` int(11) DEFAULT NULL,
  `fk_role_id` int(11) DEFAULT NULL,
  PRIMARY KEY (`id`),
  KEY `fk_user_id` (`fk_user_id`),
  KEY `fk_role_id` (`fk_role_id`)
) ENGINE=InnoDB  DEFAULT CHARSET=utf8 AUTO_INCREMENT=8 ;

#
# Dumping data for table `user_role_lnk`
#

INSERT INTO `user_role_lnk` (`id`, `created_date_time`, `last_modified_date_time`, `fk_user_id`, `fk_role_id`) VALUES
(1, '2017-01-22 23:25:45', '2017-01-22 23:25:45', 1, 1),
(2, '2017-01-22 23:25:45', '2017-01-22 23:25:45', 2, 2),
(3, '2017-01-22 23:25:45', '2017-01-22 23:25:45', 3, 3),
(4, '2017-01-22 23:25:45', '2017-01-22 23:25:45', 4, 2),
(5, '2017-01-22 23:25:45', '2017-01-22 23:25:45', 5, 2),
(6, '2017-01-22 23:25:45', '2017-01-22 23:25:45', 6, 2),
(7, '2017-02-17 23:27:59', '2017-02-17 23:27:59', 7, 2);

#
# Constraints for dumped tables
#

#
# Constraints for table `bmi_percentile_data`
#
ALTER TABLE `bmi_percentile_data`
  ADD CONSTRAINT `bmi_percentile_data_ibfk_1` FOREIGN KEY (`fk_health_reference_data_id`) REFERENCES `health_reference_data` (`id`) ON DELETE SET NULL ON UPDATE CASCADE;

#
# Constraints for table `body_measurements_log`
#
ALTER TABLE `body_measurements_log`
  ADD CONSTRAINT `body_measurements_log_ibfk_1` FOREIGN KEY (`fk_user_id`) REFERENCES `users` (`id`) ON DELETE SET NULL ON UPDATE CASCADE;

#
# Constraints for table `diet_menu_items`
#
ALTER TABLE `diet_menu_items`
  ADD CONSTRAINT `diet_menu_items_ibfk_1` FOREIGN KEY (`fk_diet_menu_id`) REFERENCES `diet_menus` (`id`) ON DELETE SET NULL ON UPDATE CASCADE;

#
# Constraints for table `diet_plan_meal_items`
#
ALTER TABLE `diet_plan_meal_items`
  ADD CONSTRAINT `diet_plan_meal_items_ibfk_1` FOREIGN KEY (`fk_diet_plan_id`) REFERENCES `diet_plans` (`id`) ON DELETE SET NULL ON UPDATE CASCADE,
  ADD CONSTRAINT `diet_plan_meal_items_ibfk_2` FOREIGN KEY (`fk_diet_plan_meal_id`) REFERENCES `diet_plan_meals` (`id`) ON DELETE SET NULL ON UPDATE CASCADE;

#
# Constraints for table `diet_product_equivalent_items`
#
ALTER TABLE `diet_product_equivalent_items`
  ADD CONSTRAINT `diet_product_equivalent_items_ibfk_1` FOREIGN KEY (`fk_diet_product_id`) REFERENCES `diet_products` (`id`) ON DELETE SET NULL ON UPDATE CASCADE;

#
# Constraints for table `diet_rules`
#
ALTER TABLE `diet_rules`
  ADD CONSTRAINT `diet_rules_ibfk_1` FOREIGN KEY (`fk_diet_plan_id`) REFERENCES `diet_plans` (`id`) ON DELETE SET NULL ON UPDATE CASCADE;

#
# Constraints for table `event_log`
#
ALTER TABLE `event_log`
  ADD CONSTRAINT `event_log_ibfk_1` FOREIGN KEY (`fk_user_id`) REFERENCES `users` (`id`) ON DELETE SET NULL ON UPDATE CASCADE;

#
# Constraints for table `event_log_comment`
#
ALTER TABLE `event_log_comment`
  ADD CONSTRAINT `event_log_comment_ibfk_1` FOREIGN KEY (`fk_user_id`) REFERENCES `users` (`id`) ON DELETE SET NULL ON UPDATE CASCADE,
  ADD CONSTRAINT `event_log_comment_ibfk_2` FOREIGN KEY (`fk_event_log_id`) REFERENCES `event_log` (`id`) ON DELETE SET NULL ON UPDATE CASCADE;

#
# Constraints for table `food_recipe_items`
#
ALTER TABLE `food_recipe_items`
  ADD CONSTRAINT `food_recipe_items_ibfk_1` FOREIGN KEY (`fk_food_recipe_id`) REFERENCES `food_recipes` (`id`) ON DELETE SET NULL ON UPDATE CASCADE;

#
# Constraints for table `growth_reference_data`
#
ALTER TABLE `growth_reference_data`
  ADD CONSTRAINT `growth_reference_data_ibfk_1` FOREIGN KEY (`fk_health_reference_data_id`) REFERENCES `health_reference_data` (`id`) ON DELETE SET NULL ON UPDATE CASCADE;

#
# Constraints for table `profiles`
#
ALTER TABLE `profiles`
  ADD CONSTRAINT `profiles_ibfk_1` FOREIGN KEY (`fk_user_id`) REFERENCES `users` (`id`) ON DELETE SET NULL ON UPDATE CASCADE;

#
# Constraints for table `role_permission_lnk`
#
ALTER TABLE `role_permission_lnk`
  ADD CONSTRAINT `role_permission_lnk_ibfk_1` FOREIGN KEY (`fk_role_id`) REFERENCES `roles` (`id`) ON DELETE SET NULL ON UPDATE CASCADE,
  ADD CONSTRAINT `role_permission_lnk_ibfk_2` FOREIGN KEY (`fk_permission_id`) REFERENCES `permissions` (`id`) ON DELETE SET NULL ON UPDATE CASCADE;

#
# Constraints for table `user_details_log`
#
ALTER TABLE `user_details_log`
  ADD CONSTRAINT `user_details_log_ibfk_1` FOREIGN KEY (`fk_user_id`) REFERENCES `users` (`id`) ON DELETE SET NULL ON UPDATE CASCADE;

#
# Constraints for table `user_diet_menu_item_lnk`
#
ALTER TABLE `user_diet_menu_item_lnk`
  ADD CONSTRAINT `user_diet_menu_item_lnk_ibfk_1` FOREIGN KEY (`fk_user_id`) REFERENCES `users` (`id`) ON DELETE CASCADE ON UPDATE CASCADE,
  ADD CONSTRAINT `user_diet_menu_item_lnk_ibfk_2` FOREIGN KEY (`fk_diet_menu_item_id`) REFERENCES `diet_menu_items` (`id`) ON DELETE CASCADE ON UPDATE CASCADE,
  ADD CONSTRAINT `user_diet_menu_item_lnk_ibfk_3` FOREIGN KEY (`fk_controlled_by_user_id`) REFERENCES `users` (`id`) ON DELETE CASCADE ON UPDATE CASCADE,
  ADD CONSTRAINT `user_diet_menu_item_lnk_ibfk_4` FOREIGN KEY (`fk_log_id`) REFERENCES `event_log` (`id`) ON DELETE SET NULL ON UPDATE CASCADE;
  
#
# Constraints for table `user_follower_lnk`
#
ALTER TABLE `user_follower_lnk`
  ADD CONSTRAINT `user_follower_lnk_ibfk_1` FOREIGN KEY (`fk_user_id`) REFERENCES `users` (`id`) ON DELETE SET NULL ON UPDATE CASCADE,
  ADD CONSTRAINT `user_follower_lnk_ibfk_2` FOREIGN KEY (`fk_user_follower_id`) REFERENCES `users` (`id`) ON DELETE SET NULL ON UPDATE CASCADE;

#
# Constraints for table `user_role_lnk`
# 
ALTER TABLE `user_role_lnk`
  ADD CONSTRAINT `user_role_lnk_ibfk_1` FOREIGN KEY (`fk_user_id`) REFERENCES `users` (`id`) ON DELETE SET NULL ON UPDATE CASCADE,
  ADD CONSTRAINT `user_role_lnk_ibfk_2` FOREIGN KEY (`fk_role_id`) REFERENCES `roles` (`id`) ON DELETE SET NULL ON UPDATE CASCADE;

/*!40101 SET CHARACTER_SET_CLIENT=@OLD_CHARACTER_SET_CLIENT */;
/*!40101 SET CHARACTER_SET_RESULTS=@OLD_CHARACTER_SET_RESULTS */;
/*!40101 SET COLLATION_CONNECTION=@OLD_COLLATION_CONNECTION */;
